[0m16:45:18.225659 [debug] [MainThread]: Sending event: {'category': 'dbt', 'action': 'invocation', 'label': 'start', 'context': [<snowplow_tracker.self_describing_json.SelfDescribingJson object at 0x00000214C0B86870>, <snowplow_tracker.self_describing_json.SelfDescribingJson object at 0x00000214C0B85D90>, <snowplow_tracker.self_describing_json.SelfDescribingJson object at 0x00000214C0B86600>]}


============================== 16:45:18.238138 | 278d6b16-8441-422d-ad84-202afffbc7c9 ==============================
[0m16:45:18.238138 [info ] [MainThread]: Running with dbt=1.11.11
[0m16:45:18.241696 [debug] [MainThread]: running dbt with arguments {'static_parser': 'True', 'no_print': 'None', 'version_check': 'True', 'target_path': 'None', 'warn_error_options': 'WarnErrorOptionsV2(error=[], warn=[], silence=[])', 'printer_width': '80', 'write_json': 'True', 'empty': 'None', 'log_cache_events': 'False', 'introspect': 'True', 'cache_selected_only': 'False', 'fail_fast': 'False', 'debug': 'False', 'log_format': 'default', 'profiles_dir': 'C:\\Users\\SURF\\.dbt', 'send_anonymous_usage_stats': 'True', 'quiet': 'False', 'warn_error': 'None', 'partial_parse': 'True', 'indirect_selection': 'eager', 'invocation_command': 'dbt debug', 'use_colors': 'True', 'use_experimental_parser': 'False', 'log_path': 'C:\\Users\\SURF\\snowflake_pilot\\olist_transform\\logs'}
[0m16:45:18.314138 [info ] [MainThread]: dbt version: 1.11.11
[0m16:45:18.314138 [info ] [MainThread]: python version: 3.12.10
[0m16:45:18.314138 [info ] [MainThread]: python path: C:\Users\SURF\snowflake_pilot\env\Scripts\python.exe
[0m16:45:18.314138 [info ] [MainThread]: os info: Windows-11-10.0.26200-SP0
[0m16:45:19.798587 [debug] [MainThread]: Snowflake adapter: Setting snowflake.connector to ERROR (file logging only)
[0m16:45:19.798587 [debug] [MainThread]: Snowflake adapter: Setting botocore to ERROR (file logging only)
[0m16:45:19.800602 [debug] [MainThread]: Snowflake adapter: Setting boto3 to ERROR (file logging only)
[0m16:45:20.064078 [info ] [MainThread]: Using profiles dir at C:\Users\SURF\.dbt
[0m16:45:20.066437 [info ] [MainThread]: Using profiles.yml file at C:\Users\SURF\.dbt\profiles.yml
[0m16:45:20.066437 [info ] [MainThread]: Using dbt_project.yml file at C:\Users\SURF\snowflake_pilot\olist_transform\dbt_project.yml
[0m16:45:20.069601 [info ] [MainThread]: adapter type: snowflake
[0m16:45:20.070649 [info ] [MainThread]: adapter version: 1.11.5
[0m16:45:20.332420 [info ] [MainThread]: Configuration:
[0m16:45:20.335444 [info ] [MainThread]:   profiles.yml file [[32mOK found and valid[0m]
[0m16:45:20.335444 [info ] [MainThread]:   dbt_project.yml file [[32mOK found and valid[0m]
[0m16:45:20.338235 [info ] [MainThread]: Required dependencies:
[0m16:45:20.338235 [debug] [MainThread]: Executing "git --help"
[0m16:45:20.498193 [debug] [MainThread]: STDOUT: "b"usage: git [-v | --version] [-h | --help] [-C <path>] [-c <name>=<value>]\n           [--exec-path[=<path>]] [--html-path] [--man-path] [--info-path]\n           [-p | --paginate | -P | --no-pager] [--no-replace-objects] [--no-lazy-fetch]\n           [--no-optional-locks] [--no-advice] [--bare] [--git-dir=<path>]\n           [--work-tree=<path>] [--namespace=<name>] [--config-env=<name>=<envvar>]\n           <command> [<args>]\n\nThese are common Git commands used in various situations:\n\nstart a working area (see also: git help tutorial)\n   clone      Clone a repository into a new directory\n   init       Create an empty Git repository or reinitialize an existing one\n\nwork on the current change (see also: git help everyday)\n   add        Add file contents to the index\n   mv         Move or rename a file, a directory, or a symlink\n   restore    Restore working tree files\n   rm         Remove files from the working tree and from the index\n\nexamine the history and state (see also: git help revisions)\n   bisect     Use binary search to find the commit that introduced a bug\n   diff       Show changes between commits, commit and working tree, etc\n   grep       Print lines matching a pattern\n   log        Show commit logs\n   show       Show various types of objects\n   status     Show the working tree status\n\ngrow, mark and tweak your common history\n   backfill   Download missing objects in a partial clone\n   branch     List, create, or delete branches\n   commit     Record changes to the repository\n   history    EXPERIMENTAL: Rewrite history\n   merge      Join two or more development histories together\n   rebase     Reapply commits on top of another base tip\n   reset      Set `HEAD` or the index to a known state\n   switch     Switch branches\n   tag        Create, list, delete or verify tags\n\ncollaborate (see also: git help workflows)\n   fetch      Download objects and refs from another repository\n   pull       Fetch from and integrate with another repository or a local branch\n   push       Update remote refs along with associated objects\n\n'git help -a' and 'git help -g' list available subcommands and some\nconcept guides. See 'git help <command>' or 'git help <concept>'\nto read about a specific subcommand or concept.\nSee 'git help git' for an overview of the system.\n""
[0m16:45:20.500288 [debug] [MainThread]: STDERR: "b''"
[0m16:45:20.502304 [info ] [MainThread]:  - git [[32mOK found[0m]

[0m16:45:20.503316 [info ] [MainThread]: Connection:
[0m16:45:20.503316 [info ] [MainThread]:   account: DCWKBGQ-QH90954
[0m16:45:20.505696 [info ] [MainThread]:   user: PEGI
[0m16:45:20.505696 [info ] [MainThread]:   database: OLIST_PROJECT
[0m16:45:20.508602 [info ] [MainThread]:   warehouse: ENGINEERING_WH
[0m16:45:20.508602 [info ] [MainThread]:   role: ACCOUNTADMIN
[0m16:45:20.508602 [info ] [MainThread]:   schema: PUBLIC
[0m16:45:20.512014 [info ] [MainThread]:   authenticator: None
[0m16:45:20.513804 [info ] [MainThread]:   oauth_client_id: None
[0m16:45:20.513804 [info ] [MainThread]:   query_tag: None
[0m16:45:20.513804 [info ] [MainThread]:   client_session_keep_alive: False
[0m16:45:20.513804 [info ] [MainThread]:   host: None
[0m16:45:20.519273 [info ] [MainThread]:   port: None
[0m16:45:20.519273 [info ] [MainThread]:   proxy_host: None
[0m16:45:20.519273 [info ] [MainThread]:   proxy_port: None
[0m16:45:20.519273 [info ] [MainThread]:   protocol: None
[0m16:45:20.519273 [info ] [MainThread]:   connect_retries: 1
[0m16:45:20.524360 [info ] [MainThread]:   connect_timeout: None
[0m16:45:20.525661 [info ] [MainThread]:   retry_on_database_errors: False
[0m16:45:20.526962 [info ] [MainThread]:   retry_all: False
[0m16:45:20.528063 [info ] [MainThread]:   insecure_mode: False
[0m16:45:20.529157 [info ] [MainThread]:   reuse_connections: True
[0m16:45:20.530282 [info ] [MainThread]:   s3_stage_vpce_dns_name: None
[0m16:45:20.530282 [info ] [MainThread]:   platform_detection_timeout_seconds: 0.0
[0m16:45:20.530282 [info ] [MainThread]: Registered adapter: snowflake=1.11.5
[0m16:45:21.175562 [debug] [MainThread]: Acquiring new snowflake connection 'debug'
[0m16:45:29.589774 [debug] [MainThread]: Using snowflake connection "debug"
[0m16:45:29.589774 [debug] [MainThread]: On debug: select 1 as id
[0m16:45:29.589774 [debug] [MainThread]: Opening a new connection, currently in state init
[0m16:45:32.630268 [debug] [MainThread]: Snowflake adapter: Error running SQL: select 1 as id
[0m16:45:32.631304 [debug] [MainThread]: Snowflake adapter: Rolling back transaction.
[0m16:45:32.632608 [info ] [MainThread]:   Connection test: [[31mERROR[0m]

[0m16:45:32.634076 [info ] [MainThread]: [31m1 check failed:[0m
[0m16:45:32.634593 [info ] [MainThread]: dbt was unable to connect to the specified database.
The database returned the following error:

  >Database Error
  250001 (08001): Failed to connect to DB: DCWKBGQ-QH90954.snowflakecomputing.com:443. Incorrect username or password was specified.

Check your database credentials and try again. For more information, visit:
https://docs.getdbt.com/docs/configure-your-profile


[0m16:45:32.637583 [debug] [MainThread]: Command `dbt debug` failed at 16:45:32.637583 after 14.81 seconds
[0m16:45:32.639600 [debug] [MainThread]: Connection 'debug' was left open.
[0m16:45:32.641616 [debug] [MainThread]: On debug: No close available on handle
[0m16:45:32.641616 [debug] [MainThread]: Sending event: {'category': 'dbt', 'action': 'invocation', 'label': 'end', 'context': [<snowplow_tracker.self_describing_json.SelfDescribingJson object at 0x00000214C125E810>, <snowplow_tracker.self_describing_json.SelfDescribingJson object at 0x00000214C3C061B0>, <snowplow_tracker.self_describing_json.SelfDescribingJson object at 0x00000214C0C08F80>]}
[0m16:45:32.641616 [debug] [MainThread]: Flushing usage events
[0m16:45:35.121385 [debug] [MainThread]: An error was encountered while trying to flush usage events
[0m16:47:42.445845 [debug] [MainThread]: Sending event: {'category': 'dbt', 'action': 'invocation', 'label': 'start', 'context': [<snowplow_tracker.self_describing_json.SelfDescribingJson object at 0x00000203D280D280>, <snowplow_tracker.self_describing_json.SelfDescribingJson object at 0x00000203D3293E00>, <snowplow_tracker.self_describing_json.SelfDescribingJson object at 0x00000203D3293890>]}


============================== 16:47:42.459881 | 26ba4e97-7e4a-4586-a11b-441397b38f5c ==============================
[0m16:47:42.459881 [info ] [MainThread]: Running with dbt=1.11.11
[0m16:47:42.459881 [debug] [MainThread]: running dbt with arguments {'static_parser': 'True', 'no_print': 'None', 'version_check': 'True', 'target_path': 'None', 'warn_error_options': 'WarnErrorOptionsV2(error=[], warn=[], silence=[])', 'printer_width': '80', 'write_json': 'True', 'introspect': 'True', 'log_cache_events': 'False', 'empty': 'None', 'cache_selected_only': 'False', 'log_format': 'default', 'debug': 'False', 'fail_fast': 'False', 'profiles_dir': 'C:\\Users\\SURF\\.dbt', 'send_anonymous_usage_stats': 'True', 'quiet': 'False', 'warn_error': 'None', 'partial_parse': 'True', 'use_colors': 'True', 'indirect_selection': 'eager', 'invocation_command': 'dbt debug', 'use_experimental_parser': 'False', 'log_path': 'C:\\Users\\SURF\\snowflake_pilot\\olist_transform\\logs'}
[0m16:47:42.529284 [info ] [MainThread]: dbt version: 1.11.11
[0m16:47:42.529284 [info ] [MainThread]: python version: 3.12.10
[0m16:47:42.529284 [info ] [MainThread]: python path: C:\Users\SURF\snowflake_pilot\env\Scripts\python.exe
[0m16:47:42.529284 [info ] [MainThread]: os info: Windows-11-10.0.26200-SP0
[0m16:47:43.512065 [debug] [MainThread]: Snowflake adapter: Setting snowflake.connector to ERROR (file logging only)
[0m16:47:43.512065 [debug] [MainThread]: Snowflake adapter: Setting botocore to ERROR (file logging only)
[0m16:47:43.514080 [debug] [MainThread]: Snowflake adapter: Setting boto3 to ERROR (file logging only)
[0m16:47:43.778374 [info ] [MainThread]: Using profiles dir at C:\Users\SURF\.dbt
[0m16:47:43.778374 [info ] [MainThread]: Using profiles.yml file at C:\Users\SURF\.dbt\profiles.yml
[0m16:47:43.778374 [info ] [MainThread]: Using dbt_project.yml file at C:\Users\SURF\snowflake_pilot\olist_transform\dbt_project.yml
[0m16:47:43.778374 [info ] [MainThread]: adapter type: snowflake
[0m16:47:43.778374 [info ] [MainThread]: adapter version: 1.11.5
[0m16:47:44.012992 [info ] [MainThread]: Configuration:
[0m16:47:44.012992 [info ] [MainThread]:   profiles.yml file [[32mOK found and valid[0m]
[0m16:47:44.012992 [info ] [MainThread]:   dbt_project.yml file [[32mOK found and valid[0m]
[0m16:47:44.012992 [info ] [MainThread]: Required dependencies:
[0m16:47:44.012992 [debug] [MainThread]: Executing "git --help"
[0m16:47:44.106973 [debug] [MainThread]: STDOUT: "b"usage: git [-v | --version] [-h | --help] [-C <path>] [-c <name>=<value>]\n           [--exec-path[=<path>]] [--html-path] [--man-path] [--info-path]\n           [-p | --paginate | -P | --no-pager] [--no-replace-objects] [--no-lazy-fetch]\n           [--no-optional-locks] [--no-advice] [--bare] [--git-dir=<path>]\n           [--work-tree=<path>] [--namespace=<name>] [--config-env=<name>=<envvar>]\n           <command> [<args>]\n\nThese are common Git commands used in various situations:\n\nstart a working area (see also: git help tutorial)\n   clone      Clone a repository into a new directory\n   init       Create an empty Git repository or reinitialize an existing one\n\nwork on the current change (see also: git help everyday)\n   add        Add file contents to the index\n   mv         Move or rename a file, a directory, or a symlink\n   restore    Restore working tree files\n   rm         Remove files from the working tree and from the index\n\nexamine the history and state (see also: git help revisions)\n   bisect     Use binary search to find the commit that introduced a bug\n   diff       Show changes between commits, commit and working tree, etc\n   grep       Print lines matching a pattern\n   log        Show commit logs\n   show       Show various types of objects\n   status     Show the working tree status\n\ngrow, mark and tweak your common history\n   backfill   Download missing objects in a partial clone\n   branch     List, create, or delete branches\n   commit     Record changes to the repository\n   history    EXPERIMENTAL: Rewrite history\n   merge      Join two or more development histories together\n   rebase     Reapply commits on top of another base tip\n   reset      Set `HEAD` or the index to a known state\n   switch     Switch branches\n   tag        Create, list, delete or verify tags\n\ncollaborate (see also: git help workflows)\n   fetch      Download objects and refs from another repository\n   pull       Fetch from and integrate with another repository or a local branch\n   push       Update remote refs along with associated objects\n\n'git help -a' and 'git help -g' list available subcommands and some\nconcept guides. See 'git help <command>' or 'git help <concept>'\nto read about a specific subcommand or concept.\nSee 'git help git' for an overview of the system.\n""
[0m16:47:44.106973 [debug] [MainThread]: STDERR: "b''"
[0m16:47:44.106973 [info ] [MainThread]:  - git [[32mOK found[0m]

[0m16:47:44.109779 [info ] [MainThread]: Connection:
[0m16:47:44.109779 [info ] [MainThread]:   account: DCWKBGQ-QH90954
[0m16:47:44.109779 [info ] [MainThread]:   user: PEGI
[0m16:47:44.112614 [info ] [MainThread]:   database: OLIST_PROJECT
[0m16:47:44.112614 [info ] [MainThread]:   warehouse: ENGINEERING_WH
[0m16:47:44.115057 [info ] [MainThread]:   role: ACCOUNTADMIN
[0m16:47:44.115057 [info ] [MainThread]:   schema: PUBLIC
[0m16:47:44.115057 [info ] [MainThread]:   authenticator: None
[0m16:47:44.117473 [info ] [MainThread]:   oauth_client_id: None
[0m16:47:44.117473 [info ] [MainThread]:   query_tag: None
[0m16:47:44.118713 [info ] [MainThread]:   client_session_keep_alive: False
[0m16:47:44.118713 [info ] [MainThread]:   host: None
[0m16:47:44.120728 [info ] [MainThread]:   port: None
[0m16:47:44.120728 [info ] [MainThread]:   proxy_host: None
[0m16:47:44.120728 [info ] [MainThread]:   proxy_port: None
[0m16:47:44.120728 [info ] [MainThread]:   protocol: None
[0m16:47:44.123463 [info ] [MainThread]:   connect_retries: 1
[0m16:47:44.123463 [info ] [MainThread]:   connect_timeout: None
[0m16:47:44.123463 [info ] [MainThread]:   retry_on_database_errors: False
[0m16:47:44.125549 [info ] [MainThread]:   retry_all: False
[0m16:47:44.125549 [info ] [MainThread]:   insecure_mode: False
[0m16:47:44.128678 [info ] [MainThread]:   reuse_connections: True
[0m16:47:44.128678 [info ] [MainThread]:   s3_stage_vpce_dns_name: None
[0m16:47:44.130708 [info ] [MainThread]:   platform_detection_timeout_seconds: 0.0
[0m16:47:44.131717 [info ] [MainThread]: Registered adapter: snowflake=1.11.5
[0m16:47:44.580028 [debug] [MainThread]: Acquiring new snowflake connection 'debug'
[0m16:47:44.740134 [debug] [MainThread]: Using snowflake connection "debug"
[0m16:47:44.740134 [debug] [MainThread]: On debug: select 1 as id
[0m16:47:44.740134 [debug] [MainThread]: Opening a new connection, currently in state init
[0m16:47:46.506453 [debug] [MainThread]: Snowflake adapter: Error running SQL: select 1 as id
[0m16:47:46.508062 [debug] [MainThread]: Snowflake adapter: Rolling back transaction.
[0m16:47:46.508062 [info ] [MainThread]:   Connection test: [[31mERROR[0m]

[0m16:47:46.508062 [info ] [MainThread]: [31m1 check failed:[0m
[0m16:47:46.508062 [info ] [MainThread]: dbt was unable to connect to the specified database.
The database returned the following error:

  >Database Error
  250001 (08001): Failed to connect to DB: DCWKBGQ-QH90954.snowflakecomputing.com:443. Incorrect username or password was specified.

Check your database credentials and try again. For more information, visit:
https://docs.getdbt.com/docs/configure-your-profile


[0m16:47:46.516580 [debug] [MainThread]: Command `dbt debug` failed at 16:47:46.516580 after 4.37 seconds
[0m16:47:46.516580 [debug] [MainThread]: Connection 'debug' was left open.
[0m16:47:46.516580 [debug] [MainThread]: On debug: No close available on handle
[0m16:47:46.516580 [debug] [MainThread]: Sending event: {'category': 'dbt', 'action': 'invocation', 'label': 'end', 'context': [<snowplow_tracker.self_describing_json.SelfDescribingJson object at 0x00000203D37B1D90>, <snowplow_tracker.self_describing_json.SelfDescribingJson object at 0x00000203D4AE9F10>, <snowplow_tracker.self_describing_json.SelfDescribingJson object at 0x00000203D332A9C0>]}
[0m16:47:46.516580 [debug] [MainThread]: Flushing usage events
[0m16:47:48.613180 [debug] [MainThread]: An error was encountered while trying to flush usage events
[0m16:53:34.510564 [debug] [MainThread]: Sending event: {'category': 'dbt', 'action': 'invocation', 'label': 'start', 'context': [<snowplow_tracker.self_describing_json.SelfDescribingJson object at 0x000001A115B9D130>, <snowplow_tracker.self_describing_json.SelfDescribingJson object at 0x000001A116887EC0>, <snowplow_tracker.self_describing_json.SelfDescribingJson object at 0x000001A1141B1430>]}


============================== 16:53:34.530968 | 5a870298-dce6-46e8-ab71-370bf8d1fbdf ==============================
[0m16:53:34.530968 [info ] [MainThread]: Running with dbt=1.11.11
[0m16:53:34.536461 [debug] [MainThread]: running dbt with arguments {'static_parser': 'True', 'no_print': 'None', 'version_check': 'True', 'warn_error_options': 'WarnErrorOptionsV2(error=[], warn=[], silence=[])', 'target_path': 'None', 'printer_width': '80', 'write_json': 'True', 'introspect': 'True', 'log_cache_events': 'False', 'empty': 'None', 'cache_selected_only': 'False', 'fail_fast': 'False', 'debug': 'False', 'log_format': 'default', 'profiles_dir': 'C:\\Users\\SURF\\.dbt', 'send_anonymous_usage_stats': 'True', 'quiet': 'False', 'warn_error': 'None', 'partial_parse': 'True', 'use_colors': 'True', 'indirect_selection': 'eager', 'invocation_command': 'dbt debug', 'use_experimental_parser': 'False', 'log_path': 'C:\\Users\\SURF\\snowflake_pilot\\olist_transform\\logs'}
[0m16:53:34.637615 [info ] [MainThread]: dbt version: 1.11.11
[0m16:53:34.640208 [info ] [MainThread]: python version: 3.12.10
[0m16:53:34.640208 [info ] [MainThread]: python path: C:\Users\SURF\snowflake_pilot\env\Scripts\python.exe
[0m16:53:34.640208 [info ] [MainThread]: os info: Windows-11-10.0.26200-SP0
[0m16:53:36.200321 [debug] [MainThread]: Snowflake adapter: Setting snowflake.connector to ERROR (file logging only)
[0m16:53:36.203456 [debug] [MainThread]: Snowflake adapter: Setting botocore to ERROR (file logging only)
[0m16:53:36.205474 [debug] [MainThread]: Snowflake adapter: Setting boto3 to ERROR (file logging only)
[0m16:53:36.491223 [info ] [MainThread]: Using profiles dir at C:\Users\SURF\.dbt
[0m16:53:36.496442 [info ] [MainThread]: Using profiles.yml file at C:\Users\SURF\.dbt\profiles.yml
[0m16:53:36.496442 [info ] [MainThread]: Using dbt_project.yml file at C:\Users\SURF\snowflake_pilot\olist_transform\dbt_project.yml
[0m16:53:36.498702 [info ] [MainThread]: adapter type: snowflake
[0m16:53:36.501092 [info ] [MainThread]: adapter version: 1.11.5
[0m16:53:36.765593 [info ] [MainThread]: Configuration:
[0m16:53:36.765593 [info ] [MainThread]:   profiles.yml file [[32mOK found and valid[0m]
[0m16:53:36.765593 [info ] [MainThread]:   dbt_project.yml file [[32mOK found and valid[0m]
[0m16:53:36.770004 [info ] [MainThread]: Required dependencies:
[0m16:53:36.770339 [debug] [MainThread]: Executing "git --help"
[0m16:53:36.881840 [debug] [MainThread]: STDOUT: "b"usage: git [-v | --version] [-h | --help] [-C <path>] [-c <name>=<value>]\n           [--exec-path[=<path>]] [--html-path] [--man-path] [--info-path]\n           [-p | --paginate | -P | --no-pager] [--no-replace-objects] [--no-lazy-fetch]\n           [--no-optional-locks] [--no-advice] [--bare] [--git-dir=<path>]\n           [--work-tree=<path>] [--namespace=<name>] [--config-env=<name>=<envvar>]\n           <command> [<args>]\n\nThese are common Git commands used in various situations:\n\nstart a working area (see also: git help tutorial)\n   clone      Clone a repository into a new directory\n   init       Create an empty Git repository or reinitialize an existing one\n\nwork on the current change (see also: git help everyday)\n   add        Add file contents to the index\n   mv         Move or rename a file, a directory, or a symlink\n   restore    Restore working tree files\n   rm         Remove files from the working tree and from the index\n\nexamine the history and state (see also: git help revisions)\n   bisect     Use binary search to find the commit that introduced a bug\n   diff       Show changes between commits, commit and working tree, etc\n   grep       Print lines matching a pattern\n   log        Show commit logs\n   show       Show various types of objects\n   status     Show the working tree status\n\ngrow, mark and tweak your common history\n   backfill   Download missing objects in a partial clone\n   branch     List, create, or delete branches\n   commit     Record changes to the repository\n   history    EXPERIMENTAL: Rewrite history\n   merge      Join two or more development histories together\n   rebase     Reapply commits on top of another base tip\n   reset      Set `HEAD` or the index to a known state\n   switch     Switch branches\n   tag        Create, list, delete or verify tags\n\ncollaborate (see also: git help workflows)\n   fetch      Download objects and refs from another repository\n   pull       Fetch from and integrate with another repository or a local branch\n   push       Update remote refs along with associated objects\n\n'git help -a' and 'git help -g' list available subcommands and some\nconcept guides. See 'git help <command>' or 'git help <concept>'\nto read about a specific subcommand or concept.\nSee 'git help git' for an overview of the system.\n""
[0m16:53:36.884378 [debug] [MainThread]: STDERR: "b''"
[0m16:53:36.884378 [info ] [MainThread]:  - git [[32mOK found[0m]

[0m16:53:36.884378 [info ] [MainThread]: Connection:
[0m16:53:36.887642 [info ] [MainThread]:   account: QH90954
[0m16:53:36.887642 [info ] [MainThread]:   user: PEGI
[0m16:53:36.889554 [info ] [MainThread]:   database: OLIST_PROJECT
[0m16:53:36.889554 [info ] [MainThread]:   warehouse: ENGINEERING_WH
[0m16:53:36.892107 [info ] [MainThread]:   role: ACCOUNTADMIN
[0m16:53:36.892107 [info ] [MainThread]:   schema: PUBLIC
[0m16:53:36.894649 [info ] [MainThread]:   authenticator: None
[0m16:53:36.894649 [info ] [MainThread]:   oauth_client_id: None
[0m16:53:36.894649 [info ] [MainThread]:   query_tag: None
[0m16:53:36.894649 [info ] [MainThread]:   client_session_keep_alive: False
[0m16:53:36.894649 [info ] [MainThread]:   host: None
[0m16:53:36.900113 [info ] [MainThread]:   port: None
[0m16:53:36.900113 [info ] [MainThread]:   proxy_host: None
[0m16:53:36.900113 [info ] [MainThread]:   proxy_port: None
[0m16:53:36.900113 [info ] [MainThread]:   protocol: None
[0m16:53:36.905333 [info ] [MainThread]:   connect_retries: 1
[0m16:53:36.905333 [info ] [MainThread]:   connect_timeout: None
[0m16:53:36.905333 [info ] [MainThread]:   retry_on_database_errors: False
[0m16:53:36.905333 [info ] [MainThread]:   retry_all: False
[0m16:53:36.905333 [info ] [MainThread]:   insecure_mode: False
[0m16:53:36.910610 [info ] [MainThread]:   reuse_connections: True
[0m16:53:36.912152 [info ] [MainThread]:   s3_stage_vpce_dns_name: None
[0m16:53:36.913264 [info ] [MainThread]:   platform_detection_timeout_seconds: 0.0
[0m16:53:36.913264 [info ] [MainThread]: Registered adapter: snowflake=1.11.5
[0m16:53:37.538568 [debug] [MainThread]: Acquiring new snowflake connection 'debug'
[0m16:53:37.724964 [debug] [MainThread]: Using snowflake connection "debug"
[0m16:53:37.730470 [debug] [MainThread]: On debug: select 1 as id
[0m16:53:37.730470 [debug] [MainThread]: Opening a new connection, currently in state init
[0m16:53:39.825446 [debug] [MainThread]: Snowflake adapter: Error running SQL: select 1 as id
[0m16:53:39.825446 [debug] [MainThread]: Snowflake adapter: Rolling back transaction.
[0m16:53:39.833862 [info ] [MainThread]:   Connection test: [[31mERROR[0m]

[0m16:53:39.835647 [info ] [MainThread]: [31m1 check failed:[0m
[0m16:53:39.835647 [info ] [MainThread]: dbt was unable to connect to the specified database.
The database returned the following error:

  >Database Error
  290404 (08001): 404 Not Found: post QH90954.snowflakecomputing.com:443/session/v1/login-request

Check your database credentials and try again. For more information, visit:
https://docs.getdbt.com/docs/configure-your-profile


[0m16:53:39.841185 [debug] [MainThread]: Command `dbt debug` failed at 16:53:39.841185 after 5.63 seconds
[0m16:53:39.841185 [debug] [MainThread]: Connection 'debug' was left open.
[0m16:53:39.843734 [debug] [MainThread]: On debug: No close available on handle
[0m16:53:39.843734 [debug] [MainThread]: Sending event: {'category': 'dbt', 'action': 'invocation', 'label': 'end', 'context': [<snowplow_tracker.self_describing_json.SelfDescribingJson object at 0x000001A118FC5700>, <snowplow_tracker.self_describing_json.SelfDescribingJson object at 0x000001A118E463F0>, <snowplow_tracker.self_describing_json.SelfDescribingJson object at 0x000001A116B15DC0>]}
[0m16:53:39.846578 [debug] [MainThread]: Flushing usage events
[0m16:53:42.030124 [debug] [MainThread]: An error was encountered while trying to flush usage events
[0m16:56:39.946911 [debug] [MainThread]: Sending event: {'category': 'dbt', 'action': 'invocation', 'label': 'start', 'context': [<snowplow_tracker.self_describing_json.SelfDescribingJson object at 0x000001C9B693D130>, <snowplow_tracker.self_describing_json.SelfDescribingJson object at 0x000001C9B7168D40>, <snowplow_tracker.self_describing_json.SelfDescribingJson object at 0x000001C9B6CD3AA0>]}


============================== 16:56:39.957682 | 3242093b-335f-4b4a-8315-cd4cf8a6d488 ==============================
[0m16:56:39.957682 [info ] [MainThread]: Running with dbt=1.11.11
[0m16:56:39.957682 [debug] [MainThread]: running dbt with arguments {'version_check': 'True', 'no_print': 'None', 'static_parser': 'True', 'warn_error_options': 'WarnErrorOptionsV2(error=[], warn=[], silence=[])', 'target_path': 'None', 'printer_width': '80', 'write_json': 'True', 'introspect': 'True', 'log_cache_events': 'False', 'empty': 'None', 'cache_selected_only': 'False', 'fail_fast': 'False', 'debug': 'False', 'log_format': 'default', 'partial_parse': 'True', 'send_anonymous_usage_stats': 'True', 'quiet': 'False', 'warn_error': 'None', 'profiles_dir': 'C:\\Users\\SURF\\.dbt', 'use_colors': 'True', 'indirect_selection': 'eager', 'invocation_command': 'dbt debug', 'use_experimental_parser': 'False', 'log_path': 'C:\\Users\\SURF\\snowflake_pilot\\olist_transform\\logs'}
[0m16:56:40.024734 [info ] [MainThread]: dbt version: 1.11.11
[0m16:56:40.024734 [info ] [MainThread]: python version: 3.12.10
[0m16:56:40.024734 [info ] [MainThread]: python path: C:\Users\SURF\snowflake_pilot\env\Scripts\python.exe
[0m16:56:40.029913 [info ] [MainThread]: os info: Windows-11-10.0.26200-SP0
[0m16:56:41.101040 [debug] [MainThread]: Snowflake adapter: Setting snowflake.connector to ERROR (file logging only)
[0m16:56:41.101040 [debug] [MainThread]: Snowflake adapter: Setting botocore to ERROR (file logging only)
[0m16:56:41.103054 [debug] [MainThread]: Snowflake adapter: Setting boto3 to ERROR (file logging only)
[0m16:56:41.383436 [info ] [MainThread]: Using profiles dir at C:\Users\SURF\.dbt
[0m16:56:41.383947 [info ] [MainThread]: Using profiles.yml file at C:\Users\SURF\.dbt\profiles.yml
[0m16:56:41.385963 [info ] [MainThread]: Using dbt_project.yml file at C:\Users\SURF\snowflake_pilot\olist_transform\dbt_project.yml
[0m16:56:41.389331 [info ] [MainThread]: adapter type: snowflake
[0m16:56:41.391068 [info ] [MainThread]: adapter version: 1.11.5
[0m16:56:41.567279 [info ] [MainThread]: Configuration:
[0m16:56:41.569222 [info ] [MainThread]:   profiles.yml file [[32mOK found and valid[0m]
[0m16:56:41.569222 [info ] [MainThread]:   dbt_project.yml file [[32mOK found and valid[0m]
[0m16:56:41.570715 [info ] [MainThread]: Required dependencies:
[0m16:56:41.571418 [debug] [MainThread]: Executing "git --help"
[0m16:56:41.645583 [debug] [MainThread]: STDOUT: "b"usage: git [-v | --version] [-h | --help] [-C <path>] [-c <name>=<value>]\n           [--exec-path[=<path>]] [--html-path] [--man-path] [--info-path]\n           [-p | --paginate | -P | --no-pager] [--no-replace-objects] [--no-lazy-fetch]\n           [--no-optional-locks] [--no-advice] [--bare] [--git-dir=<path>]\n           [--work-tree=<path>] [--namespace=<name>] [--config-env=<name>=<envvar>]\n           <command> [<args>]\n\nThese are common Git commands used in various situations:\n\nstart a working area (see also: git help tutorial)\n   clone      Clone a repository into a new directory\n   init       Create an empty Git repository or reinitialize an existing one\n\nwork on the current change (see also: git help everyday)\n   add        Add file contents to the index\n   mv         Move or rename a file, a directory, or a symlink\n   restore    Restore working tree files\n   rm         Remove files from the working tree and from the index\n\nexamine the history and state (see also: git help revisions)\n   bisect     Use binary search to find the commit that introduced a bug\n   diff       Show changes between commits, commit and working tree, etc\n   grep       Print lines matching a pattern\n   log        Show commit logs\n   show       Show various types of objects\n   status     Show the working tree status\n\ngrow, mark and tweak your common history\n   backfill   Download missing objects in a partial clone\n   branch     List, create, or delete branches\n   commit     Record changes to the repository\n   history    EXPERIMENTAL: Rewrite history\n   merge      Join two or more development histories together\n   rebase     Reapply commits on top of another base tip\n   reset      Set `HEAD` or the index to a known state\n   switch     Switch branches\n   tag        Create, list, delete or verify tags\n\ncollaborate (see also: git help workflows)\n   fetch      Download objects and refs from another repository\n   pull       Fetch from and integrate with another repository or a local branch\n   push       Update remote refs along with associated objects\n\n'git help -a' and 'git help -g' list available subcommands and some\nconcept guides. See 'git help <command>' or 'git help <concept>'\nto read about a specific subcommand or concept.\nSee 'git help git' for an overview of the system.\n""
[0m16:56:41.645583 [debug] [MainThread]: STDERR: "b''"
[0m16:56:41.645583 [info ] [MainThread]:  - git [[32mOK found[0m]

[0m16:56:41.645583 [info ] [MainThread]: Connection:
[0m16:56:41.649488 [info ] [MainThread]:   account: DCWKBGQ-QH90954
[0m16:56:41.650142 [info ] [MainThread]:   user: PEGI
[0m16:56:41.650142 [info ] [MainThread]:   database: OLIST_PROJECT
[0m16:56:41.650142 [info ] [MainThread]:   warehouse: ENGINEERING_WH
[0m16:56:41.650142 [info ] [MainThread]:   role: ACCOUNTADMIN
[0m16:56:41.655330 [info ] [MainThread]:   schema: PUBLIC
[0m16:56:41.655330 [info ] [MainThread]:   authenticator: None
[0m16:56:41.655330 [info ] [MainThread]:   oauth_client_id: None
[0m16:56:41.655330 [info ] [MainThread]:   query_tag: None
[0m16:56:41.660499 [info ] [MainThread]:   client_session_keep_alive: False
[0m16:56:41.660499 [info ] [MainThread]:   host: None
[0m16:56:41.660499 [info ] [MainThread]:   port: None
[0m16:56:41.660499 [info ] [MainThread]:   proxy_host: None
[0m16:56:41.660499 [info ] [MainThread]:   proxy_port: None
[0m16:56:41.660499 [info ] [MainThread]:   protocol: None
[0m16:56:41.665875 [info ] [MainThread]:   connect_retries: 1
[0m16:56:41.665875 [info ] [MainThread]:   connect_timeout: None
[0m16:56:41.665875 [info ] [MainThread]:   retry_on_database_errors: False
[0m16:56:41.665875 [info ] [MainThread]:   retry_all: False
[0m16:56:41.671333 [info ] [MainThread]:   insecure_mode: False
[0m16:56:41.671333 [info ] [MainThread]:   reuse_connections: True
[0m16:56:41.671333 [info ] [MainThread]:   s3_stage_vpce_dns_name: None
[0m16:56:41.671333 [info ] [MainThread]:   platform_detection_timeout_seconds: 0.0
[0m16:56:41.676769 [info ] [MainThread]: Registered adapter: snowflake=1.11.5
[0m16:56:42.230486 [debug] [MainThread]: Acquiring new snowflake connection 'debug'
[0m16:56:42.364163 [debug] [MainThread]: Using snowflake connection "debug"
[0m16:56:42.364163 [debug] [MainThread]: On debug: select 1 as id
[0m16:56:42.364163 [debug] [MainThread]: Opening a new connection, currently in state init
[0m16:56:45.084041 [debug] [MainThread]: SQL status: SUCCESS 1 in 2.719 seconds
[0m16:56:45.087054 [info ] [MainThread]:   Connection test: [[32mOK connection ok[0m]

[0m16:56:45.087054 [info ] [MainThread]: [32mAll checks passed![0m
[0m16:56:45.089067 [debug] [MainThread]: Command `dbt debug` succeeded at 16:56:45.089067 after 5.46 seconds
[0m16:56:45.091081 [debug] [MainThread]: Connection 'debug' was left open.
[0m16:56:45.092090 [debug] [MainThread]: On debug: Close
[0m16:56:45.563226 [debug] [MainThread]: Sending event: {'category': 'dbt', 'action': 'invocation', 'label': 'end', 'context': [<snowplow_tracker.self_describing_json.SelfDescribingJson object at 0x000001C9B6D39DC0>, <snowplow_tracker.self_describing_json.SelfDescribingJson object at 0x000001C9B7495010>, <snowplow_tracker.self_describing_json.SelfDescribingJson object at 0x000001C9B9EE29C0>]}
[0m16:56:45.563226 [debug] [MainThread]: Flushing usage events
[0m16:56:47.846809 [debug] [MainThread]: An error was encountered while trying to flush usage events
[0m17:05:45.057106 [debug] [MainThread]: Sending event: {'category': 'dbt', 'action': 'invocation', 'label': 'start', 'context': [<snowplow_tracker.self_describing_json.SelfDescribingJson object at 0x0000022CC488C800>, <snowplow_tracker.self_describing_json.SelfDescribingJson object at 0x0000022CC4A41D30>, <snowplow_tracker.self_describing_json.SelfDescribingJson object at 0x0000022CC3E09AF0>]}


============================== 17:05:45.070531 | 0949dd99-9162-486a-affd-bdb6bb9f0779 ==============================
[0m17:05:45.070531 [info ] [MainThread]: Running with dbt=1.11.11
[0m17:05:45.073984 [debug] [MainThread]: running dbt with arguments {'version_check': 'True', 'no_print': 'None', 'static_parser': 'True', 'warn_error_options': 'WarnErrorOptionsV2(error=[], warn=[], silence=[])', 'target_path': 'None', 'printer_width': '80', 'write_json': 'True', 'empty': 'None', 'log_cache_events': 'False', 'introspect': 'True', 'cache_selected_only': 'False', 'fail_fast': 'False', 'debug': 'False', 'log_format': 'default', 'partial_parse': 'True', 'send_anonymous_usage_stats': 'True', 'quiet': 'False', 'warn_error': 'None', 'profiles_dir': 'C:\\Users\\SURF\\.dbt', 'invocation_command': 'dbt parse', 'use_colors': 'True', 'indirect_selection': 'eager', 'use_experimental_parser': 'False', 'log_path': 'C:\\Users\\SURF\\snowflake_pilot\\olist_transform\\logs'}
[0m17:05:46.619037 [debug] [MainThread]: Snowflake adapter: Setting snowflake.connector to ERROR (file logging only)
[0m17:05:46.620075 [debug] [MainThread]: Snowflake adapter: Setting botocore to ERROR (file logging only)
[0m17:05:46.620075 [debug] [MainThread]: Snowflake adapter: Setting boto3 to ERROR (file logging only)
[0m17:05:47.290186 [debug] [MainThread]: Sending event: {'category': 'dbt', 'action': 'project_id', 'label': '0949dd99-9162-486a-affd-bdb6bb9f0779', 'context': [<snowplow_tracker.self_describing_json.SelfDescribingJson object at 0x0000022CC6773050>]}
[0m17:05:47.392622 [debug] [MainThread]: Sending event: {'category': 'dbt', 'action': 'adapter_info', 'label': '0949dd99-9162-486a-affd-bdb6bb9f0779', 'context': [<snowplow_tracker.self_describing_json.SelfDescribingJson object at 0x0000022CC70C48C0>]}
[0m17:05:47.395685 [info ] [MainThread]: Registered adapter: snowflake=1.11.5
[0m17:05:48.006204 [debug] [MainThread]: checksum: 30a8cc8fdcbf66701b0944d4ccce3fa46dd04b61e5df68b9f16d57b2e0e3f0be, vars: {}, profile: , target: , version: 1.11.11
[0m17:05:48.006204 [info ] [MainThread]: Unable to do partial parsing because saved manifest not found. Starting full parse.
[0m17:05:48.011282 [debug] [MainThread]: Sending event: {'category': 'dbt', 'action': 'partial_parser', 'label': '0949dd99-9162-486a-affd-bdb6bb9f0779', 'context': [<snowplow_tracker.self_describing_json.SelfDescribingJson object at 0x0000022CC78FB0E0>]}
[0m17:05:53.868001 [debug] [MainThread]: Sending event: {'category': 'dbt', 'action': 'load_project', 'label': '0949dd99-9162-486a-affd-bdb6bb9f0779', 'context': [<snowplow_tracker.self_describing_json.SelfDescribingJson object at 0x0000022CC8010440>]}
[0m17:05:53.878140 [info ] [MainThread]: Performance info: C:\Users\SURF\snowflake_pilot\olist_transform\target\perf_info.json
[0m17:05:54.045141 [debug] [MainThread]: Wrote artifact WritableManifest to C:\Users\SURF\snowflake_pilot\olist_transform\target\manifest.json
[0m17:05:54.049391 [debug] [MainThread]: Wrote artifact SemanticManifest to C:\Users\SURF\snowflake_pilot\olist_transform\target\semantic_manifest.json
[0m17:05:54.051401 [debug] [MainThread]: Command `dbt parse` succeeded at 17:05:54.051401 after 9.29 seconds
[0m17:05:54.051401 [debug] [MainThread]: Sending event: {'category': 'dbt', 'action': 'invocation', 'label': 'end', 'context': [<snowplow_tracker.self_describing_json.SelfDescribingJson object at 0x0000022CC4D48200>, <snowplow_tracker.self_describing_json.SelfDescribingJson object at 0x0000022CC3C13800>, <snowplow_tracker.self_describing_json.SelfDescribingJson object at 0x0000022CC48342F0>]}
[0m17:05:54.053411 [debug] [MainThread]: Flushing usage events
[0m17:05:56.401924 [debug] [MainThread]: An error was encountered while trying to flush usage events
[0m18:04:57.802980 [debug] [MainThread]: Sending event: {'category': 'dbt', 'action': 'invocation', 'label': 'start', 'context': [<snowplow_tracker.self_describing_json.SelfDescribingJson object at 0x0000028854BCAA80>, <snowplow_tracker.self_describing_json.SelfDescribingJson object at 0x00000288575CDBB0>, <snowplow_tracker.self_describing_json.SelfDescribingJson object at 0x000002885568A690>]}


============================== 18:04:57.818004 | 695f56db-eedb-418f-98a7-a8bc3584b767 ==============================
[0m18:04:57.818004 [info ] [MainThread]: Running with dbt=1.11.11
[0m18:04:57.823165 [debug] [MainThread]: running dbt with arguments {'version_check': 'True', 'no_print': 'None', 'static_parser': 'True', 'target_path': 'None', 'warn_error_options': 'WarnErrorOptionsV2(error=[], warn=[], silence=[])', 'printer_width': '80', 'write_json': 'True', 'empty': 'False', 'log_cache_events': 'False', 'introspect': 'True', 'cache_selected_only': 'False', 'log_format': 'default', 'debug': 'False', 'fail_fast': 'False', 'partial_parse': 'True', 'send_anonymous_usage_stats': 'True', 'quiet': 'False', 'warn_error': 'None', 'profiles_dir': 'C:\\Users\\SURF\\.dbt', 'use_colors': 'True', 'indirect_selection': 'eager', 'invocation_command': 'dbt run', 'use_experimental_parser': 'False', 'log_path': 'C:\\Users\\SURF\\snowflake_pilot\\olist_transform\\logs'}
[0m18:04:59.325221 [debug] [MainThread]: Snowflake adapter: Setting snowflake.connector to ERROR (file logging only)
[0m18:04:59.325221 [debug] [MainThread]: Snowflake adapter: Setting botocore to ERROR (file logging only)
[0m18:04:59.327750 [debug] [MainThread]: Snowflake adapter: Setting boto3 to ERROR (file logging only)
[0m18:04:59.901804 [debug] [MainThread]: Sending event: {'category': 'dbt', 'action': 'project_id', 'label': '695f56db-eedb-418f-98a7-a8bc3584b767', 'context': [<snowplow_tracker.self_describing_json.SelfDescribingJson object at 0x000002885304F9E0>]}
[0m18:05:00.007991 [debug] [MainThread]: Sending event: {'category': 'dbt', 'action': 'adapter_info', 'label': '695f56db-eedb-418f-98a7-a8bc3584b767', 'context': [<snowplow_tracker.self_describing_json.SelfDescribingJson object at 0x0000028858038C50>]}
[0m18:05:00.010786 [info ] [MainThread]: Registered adapter: snowflake=1.11.5
[0m18:05:00.839060 [debug] [MainThread]: checksum: 30a8cc8fdcbf66701b0944d4ccce3fa46dd04b61e5df68b9f16d57b2e0e3f0be, vars: {}, profile: , target: , version: 1.11.11
[0m18:05:01.347797 [debug] [MainThread]: Partial parsing enabled: 3 files deleted, 2 files added, 0 files changed.
[0m18:05:01.350772 [debug] [MainThread]: Partial parsing: added file: olist_transform://models\staging\stg_customers.sql
[0m18:05:01.350772 [debug] [MainThread]: Partial parsing: added file: olist_transform://models\staging\src_olist.yml
[0m18:05:01.352843 [debug] [MainThread]: Partial parsing: deleted file: olist_transform://models\example\my_second_dbt_model.sql
[0m18:05:01.352843 [debug] [MainThread]: Partial parsing: deleted file: olist_transform://models\example\my_first_dbt_model.sql
[0m18:05:02.066770 [warn ] [MainThread]: [[33mWARNING[0m]: Configuration paths exist in your dbt_project.yml file which do not apply to any resources.
There are 1 unused configuration paths:
- models.olist_transform.example
[0m18:05:02.082958 [debug] [MainThread]: Sending event: {'category': 'dbt', 'action': 'load_project', 'label': '695f56db-eedb-418f-98a7-a8bc3584b767', 'context': [<snowplow_tracker.self_describing_json.SelfDescribingJson object at 0x0000028859057710>]}
[0m18:05:02.287855 [debug] [MainThread]: Wrote artifact WritableManifest to C:\Users\SURF\snowflake_pilot\olist_transform\target\manifest.json
[0m18:05:02.294269 [debug] [MainThread]: Wrote artifact SemanticManifest to C:\Users\SURF\snowflake_pilot\olist_transform\target\semantic_manifest.json
[0m18:05:02.333791 [debug] [MainThread]: Sending event: {'category': 'dbt', 'action': 'resource_counts', 'label': '695f56db-eedb-418f-98a7-a8bc3584b767', 'context': [<snowplow_tracker.self_describing_json.SelfDescribingJson object at 0x00000288590F6B10>]}
[0m18:05:02.337987 [info ] [MainThread]: Found 1 model, 2 sources, 536 macros
[0m18:05:02.339045 [debug] [MainThread]: Sending event: {'category': 'dbt', 'action': 'runnable_timing', 'label': '695f56db-eedb-418f-98a7-a8bc3584b767', 'context': [<snowplow_tracker.self_describing_json.SelfDescribingJson object at 0x00000288590DF260>]}
[0m18:05:02.343765 [info ] [MainThread]: 
[0m18:05:02.343765 [info ] [MainThread]: Concurrency: 4 threads (target='dev')
[0m18:05:02.347986 [info ] [MainThread]: 
[0m18:05:02.349061 [debug] [MainThread]: Acquiring new snowflake connection 'master'
[0m18:05:02.351640 [debug] [ThreadPool]: Acquiring new snowflake connection 'list_OLIST_PROJECT'
[0m18:05:02.547705 [debug] [ThreadPool]: Using snowflake connection "list_OLIST_PROJECT"
[0m18:05:02.547705 [debug] [ThreadPool]: On list_OLIST_PROJECT: show terse schemas in database OLIST_PROJECT
    limit 10000
/* {"app": "dbt", "dbt_version": "1.11.11", "profile_name": "olist_transform", "target_name": "dev", "connection_name": "list_OLIST_PROJECT"} */
[0m18:05:02.549378 [debug] [ThreadPool]: Opening a new connection, currently in state init
[0m18:05:05.638327 [debug] [ThreadPool]: SQL status: SUCCESS 4 in 3.088 seconds
[0m18:05:05.647491 [debug] [ThreadPool]: Acquiring new snowflake connection 'list_OLIST_PROJECT_PUBLIC'
[0m18:05:05.693331 [debug] [ThreadPool]: Using snowflake connection "list_OLIST_PROJECT_PUBLIC"
[0m18:05:05.698294 [debug] [ThreadPool]: On list_OLIST_PROJECT_PUBLIC: show objects in OLIST_PROJECT.PUBLIC
    limit 10000
    

/* {"app": "dbt", "dbt_version": "1.11.11", "profile_name": "olist_transform", "target_name": "dev", "connection_name": "list_OLIST_PROJECT_PUBLIC"} */;
[0m18:05:05.698720 [debug] [ThreadPool]: Opening a new connection, currently in state init
[0m18:05:06.984803 [debug] [ThreadPool]: SQL status: SUCCESS 6 in 1.284 seconds
[0m18:05:06.997236 [debug] [MainThread]: Sending event: {'category': 'dbt', 'action': 'runnable_timing', 'label': '695f56db-eedb-418f-98a7-a8bc3584b767', 'context': [<snowplow_tracker.self_describing_json.SelfDescribingJson object at 0x000002885A6B2FF0>]}
[0m18:05:07.140330 [debug] [Thread-2 (]: Began running node model.olist_transform.stg_customers
[0m18:05:07.144183 [info ] [Thread-2 (]: 1 of 1 START sql view model PUBLIC.stg_customers ............................... [RUN]
[0m18:05:07.146496 [debug] [Thread-2 (]: Acquiring new snowflake connection 'model.olist_transform.stg_customers'
[0m18:05:07.149825 [debug] [Thread-2 (]: Began compiling node model.olist_transform.stg_customers
[0m18:05:07.187916 [debug] [Thread-2 (]: Writing injected SQL for node "model.olist_transform.stg_customers"
[0m18:05:07.195384 [debug] [Thread-2 (]: Began executing node model.olist_transform.stg_customers
[0m18:05:07.308183 [debug] [Thread-2 (]: Writing runtime sql for node "model.olist_transform.stg_customers"
[0m18:05:07.321065 [debug] [Thread-2 (]: Using snowflake connection "model.olist_transform.stg_customers"
[0m18:05:07.323398 [debug] [Thread-2 (]: On model.olist_transform.stg_customers: create or replace   view OLIST_PROJECT.PUBLIC.stg_customers
  
  
  
  
  as (
    select 
    customer_id,
    customer_city,
    customer_state
from OLIST_PROJECT.PUBLIC.RAW_CUSTOMERS
  )
/* {"app": "dbt", "dbt_version": "1.11.11", "profile_name": "olist_transform", "target_name": "dev", "node_id": "model.olist_transform.stg_customers"} */;
[0m18:05:07.323398 [debug] [Thread-2 (]: Opening a new connection, currently in state init
[0m18:05:08.857985 [debug] [Thread-2 (]: SQL status: SUCCESS 1 in 1.535 seconds
[0m18:05:08.967938 [debug] [Thread-2 (]: Sending event: {'category': 'dbt', 'action': 'run_model', 'label': '695f56db-eedb-418f-98a7-a8bc3584b767', 'context': [<snowplow_tracker.self_describing_json.SelfDescribingJson object at 0x0000028857681B50>]}
[0m18:05:08.973036 [info ] [Thread-2 (]: 1 of 1 OK created sql view model PUBLIC.stg_customers .......................... [[32mSUCCESS 1[0m in 1.82s]
[0m18:05:08.973036 [debug] [Thread-2 (]: Finished running node model.olist_transform.stg_customers
[0m18:05:08.981838 [debug] [MainThread]: Connection 'master' was properly closed.
[0m18:05:08.983431 [debug] [MainThread]: Connection 'list_OLIST_PROJECT' was left open.
[0m18:05:08.983431 [debug] [MainThread]: On list_OLIST_PROJECT: Close
[0m18:05:09.380469 [debug] [MainThread]: Connection 'list_OLIST_PROJECT_PUBLIC' was left open.
[0m18:05:09.380469 [debug] [MainThread]: On list_OLIST_PROJECT_PUBLIC: Close
[0m18:05:09.785412 [debug] [MainThread]: Connection 'model.olist_transform.stg_customers' was left open.
[0m18:05:09.787938 [debug] [MainThread]: On model.olist_transform.stg_customers: Close
[0m18:05:10.138486 [info ] [MainThread]: 
[0m18:05:10.146887 [info ] [MainThread]: Finished running 1 view model in 0 hours 0 minutes and 7.79 seconds (7.79s).
[0m18:05:10.147983 [debug] [MainThread]: Command end result
[0m18:05:10.279007 [debug] [MainThread]: Wrote artifact WritableManifest to C:\Users\SURF\snowflake_pilot\olist_transform\target\manifest.json
[0m18:05:10.287840 [debug] [MainThread]: Wrote artifact SemanticManifest to C:\Users\SURF\snowflake_pilot\olist_transform\target\semantic_manifest.json
[0m18:05:10.312988 [debug] [MainThread]: Wrote artifact RunExecutionResult to C:\Users\SURF\snowflake_pilot\olist_transform\target\run_results.json
[0m18:05:10.312988 [info ] [MainThread]: 
[0m18:05:10.316532 [info ] [MainThread]: [32mCompleted successfully[0m
[0m18:05:10.318092 [info ] [MainThread]: 
[0m18:05:10.321364 [info ] [MainThread]: Done. PASS=1 WARN=0 ERROR=0 SKIP=0 NO-OP=0 TOTAL=1
[0m18:05:10.321364 [debug] [MainThread]: Command `dbt run` succeeded at 18:05:10.321364 after 12.81 seconds
[0m18:05:10.321364 [debug] [MainThread]: Sending event: {'category': 'dbt', 'action': 'invocation', 'label': 'end', 'context': [<snowplow_tracker.self_describing_json.SelfDescribingJson object at 0x000002885568B3B0>, <snowplow_tracker.self_describing_json.SelfDescribingJson object at 0x00000288556B8C80>, <snowplow_tracker.self_describing_json.SelfDescribingJson object at 0x000002885628AF60>]}
[0m18:05:10.328315 [debug] [MainThread]: Flushing usage events
[0m18:05:12.797988 [debug] [MainThread]: An error was encountered while trying to flush usage events
[0m18:06:05.832601 [debug] [MainThread]: Sending event: {'category': 'dbt', 'action': 'invocation', 'label': 'start', 'context': [<snowplow_tracker.self_describing_json.SelfDescribingJson object at 0x0000019EE2953500>, <snowplow_tracker.self_describing_json.SelfDescribingJson object at 0x0000019EE5E966F0>, <snowplow_tracker.self_describing_json.SelfDescribingJson object at 0x0000019EE5E966C0>]}


============================== 18:06:05.847739 | 443ea217-12b4-4ed5-8aea-d0af2025aa10 ==============================
[0m18:06:05.847739 [info ] [MainThread]: Running with dbt=1.11.11
[0m18:06:05.847739 [debug] [MainThread]: running dbt with arguments {'static_parser': 'True', 'no_print': 'None', 'version_check': 'True', 'warn_error_options': 'WarnErrorOptionsV2(error=[], warn=[], silence=[])', 'target_path': 'None', 'printer_width': '80', 'write_json': 'True', 'introspect': 'True', 'log_cache_events': 'False', 'empty': 'None', 'cache_selected_only': 'False', 'log_format': 'default', 'debug': 'False', 'fail_fast': 'False', 'profiles_dir': 'C:\\Users\\SURF\\.dbt', 'send_anonymous_usage_stats': 'True', 'quiet': 'False', 'warn_error': 'None', 'partial_parse': 'True', 'indirect_selection': 'eager', 'invocation_command': 'dbt docs generate', 'use_colors': 'True', 'use_experimental_parser': 'False', 'log_path': 'C:\\Users\\SURF\\snowflake_pilot\\olist_transform\\logs'}
[0m18:06:06.950852 [debug] [MainThread]: Snowflake adapter: Setting snowflake.connector to ERROR (file logging only)
[0m18:06:06.950852 [debug] [MainThread]: Snowflake adapter: Setting botocore to ERROR (file logging only)
[0m18:06:06.952870 [debug] [MainThread]: Snowflake adapter: Setting boto3 to ERROR (file logging only)
[0m18:06:07.489492 [debug] [MainThread]: Sending event: {'category': 'dbt', 'action': 'project_id', 'label': '443ea217-12b4-4ed5-8aea-d0af2025aa10', 'context': [<snowplow_tracker.self_describing_json.SelfDescribingJson object at 0x0000019EE8FBB3B0>]}
[0m18:06:07.581765 [debug] [MainThread]: Sending event: {'category': 'dbt', 'action': 'adapter_info', 'label': '443ea217-12b4-4ed5-8aea-d0af2025aa10', 'context': [<snowplow_tracker.self_describing_json.SelfDescribingJson object at 0x0000019EE8E4DA00>]}
[0m18:06:07.584957 [info ] [MainThread]: Registered adapter: snowflake=1.11.5
[0m18:06:08.108697 [debug] [MainThread]: checksum: 30a8cc8fdcbf66701b0944d4ccce3fa46dd04b61e5df68b9f16d57b2e0e3f0be, vars: {}, profile: , target: , version: 1.11.11
[0m18:06:08.402677 [debug] [MainThread]: Partial parsing enabled: 0 files deleted, 0 files added, 0 files changed.
[0m18:06:08.407771 [debug] [MainThread]: Nothing changed, skipping partial parsing.
[0m18:06:08.407771 [debug] [MainThread]: Partial parsing enabled, no changes found, skipping parsing
[0m18:06:08.422317 [warn ] [MainThread]: [[33mWARNING[0m]: Configuration paths exist in your dbt_project.yml file which do not apply to any resources.
There are 1 unused configuration paths:
- models.olist_transform.example
[0m18:06:08.493666 [debug] [MainThread]: Sending event: {'category': 'dbt', 'action': 'load_project', 'label': '443ea217-12b4-4ed5-8aea-d0af2025aa10', 'context': [<snowplow_tracker.self_describing_json.SelfDescribingJson object at 0x0000019EE906B3E0>]}
[0m18:06:08.529547 [debug] [MainThread]: Sending event: {'category': 'dbt', 'action': 'resource_counts', 'label': '443ea217-12b4-4ed5-8aea-d0af2025aa10', 'context': [<snowplow_tracker.self_describing_json.SelfDescribingJson object at 0x0000019EE93AF9B0>]}
[0m18:06:08.530558 [info ] [MainThread]: Found 1 model, 2 sources, 536 macros
[0m18:06:08.530558 [debug] [MainThread]: Sending event: {'category': 'dbt', 'action': 'runnable_timing', 'label': '443ea217-12b4-4ed5-8aea-d0af2025aa10', 'context': [<snowplow_tracker.self_describing_json.SelfDescribingJson object at 0x0000019EE8E79EE0>]}
[0m18:06:08.535743 [info ] [MainThread]: 
[0m18:06:08.535743 [info ] [MainThread]: Concurrency: 4 threads (target='dev')
[0m18:06:08.537757 [info ] [MainThread]: 
[0m18:06:08.539450 [debug] [MainThread]: Acquiring new snowflake connection 'master'
[0m18:06:08.541207 [debug] [ThreadPool]: Acquiring new snowflake connection 'list_OLIST_PROJECT_PUBLIC'
[0m18:06:08.739572 [debug] [ThreadPool]: Using snowflake connection "list_OLIST_PROJECT_PUBLIC"
[0m18:06:08.744657 [debug] [ThreadPool]: On list_OLIST_PROJECT_PUBLIC: show objects in OLIST_PROJECT.PUBLIC
    limit 10000
    

/* {"app": "dbt", "dbt_version": "1.11.11", "profile_name": "olist_transform", "target_name": "dev", "connection_name": "list_OLIST_PROJECT_PUBLIC"} */;
[0m18:06:08.744657 [debug] [ThreadPool]: Opening a new connection, currently in state init
[0m18:06:10.743138 [debug] [ThreadPool]: SQL status: SUCCESS 7 in 2.002 seconds
[0m18:06:10.760146 [debug] [MainThread]: Sending event: {'category': 'dbt', 'action': 'runnable_timing', 'label': '443ea217-12b4-4ed5-8aea-d0af2025aa10', 'context': [<snowplow_tracker.self_describing_json.SelfDescribingJson object at 0x0000019EE93D1160>]}
[0m18:06:10.777920 [debug] [Thread-2 (]: Began running node model.olist_transform.stg_customers
[0m18:06:10.780066 [debug] [Thread-2 (]: Acquiring new snowflake connection 'model.olist_transform.stg_customers'
[0m18:06:10.782087 [debug] [Thread-2 (]: Began compiling node model.olist_transform.stg_customers
[0m18:06:10.807716 [debug] [Thread-2 (]: Writing injected SQL for node "model.olist_transform.stg_customers"
[0m18:06:10.809847 [debug] [Thread-2 (]: Began executing node model.olist_transform.stg_customers
[0m18:06:10.813120 [debug] [Thread-2 (]: Finished running node model.olist_transform.stg_customers
[0m18:06:10.817979 [debug] [MainThread]: Connection 'master' was properly closed.
[0m18:06:10.817979 [debug] [MainThread]: Connection 'list_OLIST_PROJECT_PUBLIC' was left open.
[0m18:06:10.820130 [debug] [MainThread]: On list_OLIST_PROJECT_PUBLIC: Close
[0m18:06:11.260163 [debug] [MainThread]: Connection 'model.olist_transform.stg_customers' was properly closed.
[0m18:06:11.260163 [debug] [MainThread]: Command end result
[0m18:06:11.513333 [debug] [MainThread]: Wrote artifact WritableManifest to C:\Users\SURF\snowflake_pilot\olist_transform\target\manifest.json
[0m18:06:11.521977 [debug] [MainThread]: Wrote artifact SemanticManifest to C:\Users\SURF\snowflake_pilot\olist_transform\target\semantic_manifest.json
[0m18:06:11.539510 [debug] [MainThread]: Wrote artifact RunExecutionResult to C:\Users\SURF\snowflake_pilot\olist_transform\target\run_results.json
[0m18:06:12.117380 [debug] [MainThread]: Acquiring new snowflake connection 'generate_catalog'
[0m18:06:12.117380 [info ] [MainThread]: Building catalog
[0m18:06:12.146392 [debug] [ThreadPool]: Acquiring new snowflake connection 'OLIST_PROJECT.information_schema'
[0m18:06:12.190474 [debug] [ThreadPool]: Using snowflake connection "OLIST_PROJECT.information_schema"
[0m18:06:12.190474 [debug] [ThreadPool]: On OLIST_PROJECT.information_schema: with tables as (
            select
        table_catalog as "table_database",
        table_schema as "table_schema",
        table_name as "table_name",
        case
            when is_dynamic = 'YES' and table_type = 'BASE TABLE' THEN 'DYNAMIC TABLE'
            else table_type
        end as "table_type",
        comment as "table_comment",

        -- note: this is the _role_ that owns the table
        table_owner as "table_owner",

        'Clustering Key' as "stats:clustering_key:label",
        clustering_key as "stats:clustering_key:value",
        'The key used to cluster this table' as "stats:clustering_key:description",
        (clustering_key is not null) as "stats:clustering_key:include",

        'Row Count' as "stats:row_count:label",
        row_count as "stats:row_count:value",
        'An approximate count of rows in this table' as "stats:row_count:description",
        (row_count is not null) as "stats:row_count:include",

        'Approximate Size' as "stats:bytes:label",
        bytes as "stats:bytes:value",
        'Approximate size of the table as reported by Snowflake' as "stats:bytes:description",
        (bytes is not null) as "stats:bytes:include",

        'Last Modified' as "stats:last_modified:label",
        to_varchar(convert_timezone('UTC', last_altered), 'yyyy-mm-dd HH24:MI'||'UTC') as "stats:last_modified:value",
        'The timestamp for last update/change' as "stats:last_modified:description",
        (last_altered is not null and table_type='BASE TABLE') as "stats:last_modified:include"
    from OLIST_PROJECT.INFORMATION_SCHEMA.tables
            where (
                (
                    
    "table_schema" ilike 'PUBLIC' and upper("table_schema") = upper('PUBLIC')

                    and 
    "table_name" ilike 'stg_customers' and upper("table_name") = upper('stg_customers')

                )
             or 
                (
                    
    "table_schema" ilike 'PUBLIC' and upper("table_schema") = upper('PUBLIC')

                    and 
    "table_name" ilike 'RAW_CUSTOMERS' and upper("table_name") = upper('RAW_CUSTOMERS')

                )
             or 
                (
                    
    "table_schema" ilike 'PUBLIC' and upper("table_schema") = upper('PUBLIC')

                    and 
    "table_name" ilike 'RAW_ORDERS' and upper("table_name") = upper('RAW_ORDERS')

                )
            )
        ),
        columns as (
            select
        table_catalog as "table_database",
        table_schema as "table_schema",
        table_name as "table_name",

        column_name as "column_name",
        ordinal_position as "column_index",
        data_type as "column_type",
        comment as "column_comment"
    from OLIST_PROJECT.INFORMATION_SCHEMA.columns
            where (
                (
                    
    "table_schema" ilike 'PUBLIC' and upper("table_schema") = upper('PUBLIC')

                    and 
    "table_name" ilike 'stg_customers' and upper("table_name") = upper('stg_customers')

                )
             or 
                (
                    
    "table_schema" ilike 'PUBLIC' and upper("table_schema") = upper('PUBLIC')

                    and 
    "table_name" ilike 'RAW_CUSTOMERS' and upper("table_name") = upper('RAW_CUSTOMERS')

                )
             or 
                (
                    
    "table_schema" ilike 'PUBLIC' and upper("table_schema") = upper('PUBLIC')

                    and 
    "table_name" ilike 'RAW_ORDERS' and upper("table_name") = upper('RAW_ORDERS')

                )
            )
        )
        select *
    from tables
    join columns using ("table_database", "table_schema", "table_name")
    order by "column_index"
/* {"app": "dbt", "dbt_version": "1.11.11", "profile_name": "olist_transform", "target_name": "dev", "connection_name": "OLIST_PROJECT.information_schema"} */
[0m18:06:12.197789 [debug] [ThreadPool]: Opening a new connection, currently in state init
[0m18:06:16.033917 [debug] [ThreadPool]: SQL status: SUCCESS 16 in 3.838 seconds
[0m18:06:16.122068 [debug] [MainThread]: Wrote artifact CatalogArtifact to C:\Users\SURF\snowflake_pilot\olist_transform\target\catalog.json
[0m18:06:16.202629 [debug] [MainThread]: Wrote artifact WritableManifest to C:\Users\SURF\snowflake_pilot\olist_transform\target\manifest.json
[0m18:06:16.206978 [debug] [MainThread]: Wrote artifact SemanticManifest to C:\Users\SURF\snowflake_pilot\olist_transform\target\semantic_manifest.json
[0m18:06:16.207991 [info ] [MainThread]: Catalog written to C:\Users\SURF\snowflake_pilot\olist_transform\target\catalog.json
[0m18:06:16.210045 [debug] [MainThread]: Command `dbt docs generate` succeeded at 18:06:16.210045 after 10.61 seconds
[0m18:06:16.211098 [debug] [MainThread]: Connection 'generate_catalog' was properly closed.
[0m18:06:16.212118 [debug] [MainThread]: Connection 'OLIST_PROJECT.information_schema' was left open.
[0m18:06:16.212118 [debug] [MainThread]: On OLIST_PROJECT.information_schema: Close
[0m18:06:16.650125 [debug] [MainThread]: Sending event: {'category': 'dbt', 'action': 'invocation', 'label': 'end', 'context': [<snowplow_tracker.self_describing_json.SelfDescribingJson object at 0x0000019EE694E900>, <snowplow_tracker.self_describing_json.SelfDescribingJson object at 0x0000019EE6A19400>, <snowplow_tracker.self_describing_json.SelfDescribingJson object at 0x0000019EE7D2ADE0>]}
[0m18:06:16.652915 [debug] [MainThread]: Flushing usage events
[0m18:06:18.694639 [debug] [MainThread]: An error was encountered while trying to flush usage events
[0m18:06:53.491173 [debug] [MainThread]: Sending event: {'category': 'dbt', 'action': 'invocation', 'label': 'start', 'context': [<snowplow_tracker.self_describing_json.SelfDescribingJson object at 0x000001B6E3E4D010>, <snowplow_tracker.self_describing_json.SelfDescribingJson object at 0x000001B6E102CA10>, <snowplow_tracker.self_describing_json.SelfDescribingJson object at 0x000001B6E421BA70>]}


============================== 18:06:53.502814 | 8766cc32-6d96-41e6-b812-ac3f19d804b8 ==============================
[0m18:06:53.502814 [info ] [MainThread]: Running with dbt=1.11.11
[0m18:06:53.502814 [debug] [MainThread]: running dbt with arguments {'version_check': 'True', 'no_print': 'None', 'static_parser': 'True', 'warn_error_options': 'WarnErrorOptionsV2(error=[], warn=[], silence=[])', 'target_path': 'None', 'printer_width': '80', 'write_json': 'True', 'empty': 'None', 'log_cache_events': 'False', 'introspect': 'True', 'cache_selected_only': 'False', 'fail_fast': 'False', 'debug': 'False', 'log_format': 'default', 'profiles_dir': 'C:\\Users\\SURF\\.dbt', 'send_anonymous_usage_stats': 'True', 'quiet': 'False', 'warn_error': 'None', 'partial_parse': 'True', 'use_colors': 'True', 'invocation_command': 'dbt docs generate', 'indirect_selection': 'eager', 'use_experimental_parser': 'False', 'log_path': 'C:\\Users\\SURF\\snowflake_pilot\\olist_transform\\logs'}
[0m18:06:54.515593 [debug] [MainThread]: Snowflake adapter: Setting snowflake.connector to ERROR (file logging only)
[0m18:06:54.517288 [debug] [MainThread]: Snowflake adapter: Setting botocore to ERROR (file logging only)
[0m18:06:54.517288 [debug] [MainThread]: Snowflake adapter: Setting boto3 to ERROR (file logging only)
[0m18:06:54.949378 [debug] [MainThread]: Sending event: {'category': 'dbt', 'action': 'project_id', 'label': '8766cc32-6d96-41e6-b812-ac3f19d804b8', 'context': [<snowplow_tracker.self_describing_json.SelfDescribingJson object at 0x000001B6E6F89670>]}
[0m18:06:55.051306 [debug] [MainThread]: Sending event: {'category': 'dbt', 'action': 'adapter_info', 'label': '8766cc32-6d96-41e6-b812-ac3f19d804b8', 'context': [<snowplow_tracker.self_describing_json.SelfDescribingJson object at 0x000001B6E651EED0>]}
[0m18:06:55.052905 [info ] [MainThread]: Registered adapter: snowflake=1.11.5
[0m18:06:55.569343 [debug] [MainThread]: checksum: 30a8cc8fdcbf66701b0944d4ccce3fa46dd04b61e5df68b9f16d57b2e0e3f0be, vars: {}, profile: , target: , version: 1.11.11
[0m18:06:55.729466 [debug] [MainThread]: Partial parsing enabled: 0 files deleted, 0 files added, 0 files changed.
[0m18:06:55.729466 [debug] [MainThread]: Nothing changed, skipping partial parsing.
[0m18:06:55.734889 [debug] [MainThread]: Partial parsing enabled, no changes found, skipping parsing
[0m18:06:55.740388 [warn ] [MainThread]: [[33mWARNING[0m]: Configuration paths exist in your dbt_project.yml file which do not apply to any resources.
There are 1 unused configuration paths:
- models.olist_transform.example
[0m18:06:55.782403 [debug] [MainThread]: Sending event: {'category': 'dbt', 'action': 'load_project', 'label': '8766cc32-6d96-41e6-b812-ac3f19d804b8', 'context': [<snowplow_tracker.self_describing_json.SelfDescribingJson object at 0x000001B6E7670B60>]}
[0m18:06:55.804301 [debug] [MainThread]: Sending event: {'category': 'dbt', 'action': 'resource_counts', 'label': '8766cc32-6d96-41e6-b812-ac3f19d804b8', 'context': [<snowplow_tracker.self_describing_json.SelfDescribingJson object at 0x000001B6E77A72C0>]}
[0m18:06:55.804301 [info ] [MainThread]: Found 1 model, 2 sources, 536 macros
[0m18:06:55.806302 [debug] [MainThread]: Sending event: {'category': 'dbt', 'action': 'runnable_timing', 'label': '8766cc32-6d96-41e6-b812-ac3f19d804b8', 'context': [<snowplow_tracker.self_describing_json.SelfDescribingJson object at 0x000001B6E73BA930>]}
[0m18:06:55.809310 [info ] [MainThread]: 
[0m18:06:55.811324 [info ] [MainThread]: Concurrency: 4 threads (target='dev')
[0m18:06:55.811324 [info ] [MainThread]: 
[0m18:06:55.811324 [debug] [MainThread]: Acquiring new snowflake connection 'master'
[0m18:06:55.814618 [debug] [ThreadPool]: Acquiring new snowflake connection 'list_OLIST_PROJECT_PUBLIC'
[0m18:06:55.997205 [debug] [ThreadPool]: Using snowflake connection "list_OLIST_PROJECT_PUBLIC"
[0m18:06:55.997205 [debug] [ThreadPool]: On list_OLIST_PROJECT_PUBLIC: show objects in OLIST_PROJECT.PUBLIC
    limit 10000
    

/* {"app": "dbt", "dbt_version": "1.11.11", "profile_name": "olist_transform", "target_name": "dev", "connection_name": "list_OLIST_PROJECT_PUBLIC"} */;
[0m18:06:55.997205 [debug] [ThreadPool]: Opening a new connection, currently in state init
[0m18:06:58.942551 [debug] [ThreadPool]: SQL status: SUCCESS 7 in 2.946 seconds
[0m18:06:58.954847 [debug] [MainThread]: Sending event: {'category': 'dbt', 'action': 'runnable_timing', 'label': '8766cc32-6d96-41e6-b812-ac3f19d804b8', 'context': [<snowplow_tracker.self_describing_json.SelfDescribingJson object at 0x000001B6E724DA90>]}
[0m18:06:58.967522 [debug] [Thread-2 (]: Began running node model.olist_transform.stg_customers
[0m18:06:58.970436 [debug] [Thread-2 (]: Acquiring new snowflake connection 'model.olist_transform.stg_customers'
[0m18:06:58.970436 [debug] [Thread-2 (]: Began compiling node model.olist_transform.stg_customers
[0m18:06:58.995863 [debug] [Thread-2 (]: Writing injected SQL for node "model.olist_transform.stg_customers"
[0m18:06:59.000461 [debug] [Thread-2 (]: Began executing node model.olist_transform.stg_customers
[0m18:06:59.003207 [debug] [Thread-2 (]: Finished running node model.olist_transform.stg_customers
[0m18:06:59.007455 [debug] [MainThread]: Connection 'master' was properly closed.
[0m18:06:59.008522 [debug] [MainThread]: Connection 'list_OLIST_PROJECT_PUBLIC' was left open.
[0m18:06:59.008522 [debug] [MainThread]: On list_OLIST_PROJECT_PUBLIC: Close
[0m18:06:59.452669 [debug] [MainThread]: Connection 'model.olist_transform.stg_customers' was properly closed.
[0m18:06:59.455712 [debug] [MainThread]: Command end result
[0m18:06:59.675810 [debug] [MainThread]: Wrote artifact WritableManifest to C:\Users\SURF\snowflake_pilot\olist_transform\target\manifest.json
[0m18:06:59.680669 [debug] [MainThread]: Wrote artifact SemanticManifest to C:\Users\SURF\snowflake_pilot\olist_transform\target\semantic_manifest.json
[0m18:06:59.695829 [debug] [MainThread]: Wrote artifact RunExecutionResult to C:\Users\SURF\snowflake_pilot\olist_transform\target\run_results.json
[0m18:06:59.703131 [debug] [MainThread]: Acquiring new snowflake connection 'generate_catalog'
[0m18:06:59.703131 [info ] [MainThread]: Building catalog
[0m18:06:59.730524 [debug] [ThreadPool]: Acquiring new snowflake connection 'OLIST_PROJECT.information_schema'
[0m18:06:59.766791 [debug] [ThreadPool]: Using snowflake connection "OLIST_PROJECT.information_schema"
[0m18:06:59.770321 [debug] [ThreadPool]: On OLIST_PROJECT.information_schema: with tables as (
            select
        table_catalog as "table_database",
        table_schema as "table_schema",
        table_name as "table_name",
        case
            when is_dynamic = 'YES' and table_type = 'BASE TABLE' THEN 'DYNAMIC TABLE'
            else table_type
        end as "table_type",
        comment as "table_comment",

        -- note: this is the _role_ that owns the table
        table_owner as "table_owner",

        'Clustering Key' as "stats:clustering_key:label",
        clustering_key as "stats:clustering_key:value",
        'The key used to cluster this table' as "stats:clustering_key:description",
        (clustering_key is not null) as "stats:clustering_key:include",

        'Row Count' as "stats:row_count:label",
        row_count as "stats:row_count:value",
        'An approximate count of rows in this table' as "stats:row_count:description",
        (row_count is not null) as "stats:row_count:include",

        'Approximate Size' as "stats:bytes:label",
        bytes as "stats:bytes:value",
        'Approximate size of the table as reported by Snowflake' as "stats:bytes:description",
        (bytes is not null) as "stats:bytes:include",

        'Last Modified' as "stats:last_modified:label",
        to_varchar(convert_timezone('UTC', last_altered), 'yyyy-mm-dd HH24:MI'||'UTC') as "stats:last_modified:value",
        'The timestamp for last update/change' as "stats:last_modified:description",
        (last_altered is not null and table_type='BASE TABLE') as "stats:last_modified:include"
    from OLIST_PROJECT.INFORMATION_SCHEMA.tables
            where (
                (
                    
    "table_schema" ilike 'PUBLIC' and upper("table_schema") = upper('PUBLIC')

                    and 
    "table_name" ilike 'stg_customers' and upper("table_name") = upper('stg_customers')

                )
             or 
                (
                    
    "table_schema" ilike 'PUBLIC' and upper("table_schema") = upper('PUBLIC')

                    and 
    "table_name" ilike 'RAW_ORDERS' and upper("table_name") = upper('RAW_ORDERS')

                )
             or 
                (
                    
    "table_schema" ilike 'PUBLIC' and upper("table_schema") = upper('PUBLIC')

                    and 
    "table_name" ilike 'RAW_CUSTOMERS' and upper("table_name") = upper('RAW_CUSTOMERS')

                )
            )
        ),
        columns as (
            select
        table_catalog as "table_database",
        table_schema as "table_schema",
        table_name as "table_name",

        column_name as "column_name",
        ordinal_position as "column_index",
        data_type as "column_type",
        comment as "column_comment"
    from OLIST_PROJECT.INFORMATION_SCHEMA.columns
            where (
                (
                    
    "table_schema" ilike 'PUBLIC' and upper("table_schema") = upper('PUBLIC')

                    and 
    "table_name" ilike 'stg_customers' and upper("table_name") = upper('stg_customers')

                )
             or 
                (
                    
    "table_schema" ilike 'PUBLIC' and upper("table_schema") = upper('PUBLIC')

                    and 
    "table_name" ilike 'RAW_ORDERS' and upper("table_name") = upper('RAW_ORDERS')

                )
             or 
                (
                    
    "table_schema" ilike 'PUBLIC' and upper("table_schema") = upper('PUBLIC')

                    and 
    "table_name" ilike 'RAW_CUSTOMERS' and upper("table_name") = upper('RAW_CUSTOMERS')

                )
            )
        )
        select *
    from tables
    join columns using ("table_database", "table_schema", "table_name")
    order by "column_index"
/* {"app": "dbt", "dbt_version": "1.11.11", "profile_name": "olist_transform", "target_name": "dev", "connection_name": "OLIST_PROJECT.information_schema"} */
[0m18:06:59.770321 [debug] [ThreadPool]: Opening a new connection, currently in state init
[0m18:07:03.343183 [debug] [ThreadPool]: SQL status: SUCCESS 16 in 3.574 seconds
[0m18:07:03.432662 [debug] [MainThread]: Wrote artifact CatalogArtifact to C:\Users\SURF\snowflake_pilot\olist_transform\target\catalog.json
[0m18:07:03.530476 [debug] [MainThread]: Wrote artifact WritableManifest to C:\Users\SURF\snowflake_pilot\olist_transform\target\manifest.json
[0m18:07:03.540749 [debug] [MainThread]: Wrote artifact SemanticManifest to C:\Users\SURF\snowflake_pilot\olist_transform\target\semantic_manifest.json
[0m18:07:03.540749 [info ] [MainThread]: Catalog written to C:\Users\SURF\snowflake_pilot\olist_transform\target\catalog.json
[0m18:07:03.545538 [debug] [MainThread]: Command `dbt docs generate` succeeded at 18:07:03.545538 after 10.27 seconds
[0m18:07:03.547598 [debug] [MainThread]: Connection 'generate_catalog' was properly closed.
[0m18:07:03.549628 [debug] [MainThread]: Connection 'OLIST_PROJECT.information_schema' was left open.
[0m18:07:03.550645 [debug] [MainThread]: On OLIST_PROJECT.information_schema: Close
[0m18:07:04.263075 [debug] [MainThread]: Sending event: {'category': 'dbt', 'action': 'invocation', 'label': 'end', 'context': [<snowplow_tracker.self_describing_json.SelfDescribingJson object at 0x000001B6E4187140>, <snowplow_tracker.self_describing_json.SelfDescribingJson object at 0x000001B6E426BC80>, <snowplow_tracker.self_describing_json.SelfDescribingJson object at 0x000001B6E717CC50>]}
[0m18:07:04.263075 [debug] [MainThread]: Flushing usage events
[0m18:07:06.412445 [debug] [MainThread]: An error was encountered while trying to flush usage events
[0m18:07:12.590373 [debug] [MainThread]: Sending event: {'category': 'dbt', 'action': 'invocation', 'label': 'start', 'context': [<snowplow_tracker.self_describing_json.SelfDescribingJson object at 0x000001C6F7680CB0>, <snowplow_tracker.self_describing_json.SelfDescribingJson object at 0x000001C6F76803B0>, <snowplow_tracker.self_describing_json.SelfDescribingJson object at 0x000001C6F7683AA0>]}


============================== 18:07:12.602276 | 58ca772a-f9e4-4cf3-b0dc-610fc4e3dea6 ==============================
[0m18:07:12.602276 [info ] [MainThread]: Running with dbt=1.11.11
[0m18:07:12.603487 [debug] [MainThread]: running dbt with arguments {'static_parser': 'True', 'no_print': 'None', 'version_check': 'True', 'warn_error_options': 'WarnErrorOptionsV2(error=[], warn=[], silence=[])', 'target_path': 'None', 'printer_width': '80', 'write_json': 'True', 'empty': 'None', 'log_cache_events': 'False', 'introspect': 'True', 'cache_selected_only': 'False', 'fail_fast': 'False', 'debug': 'False', 'log_format': 'default', 'partial_parse': 'True', 'send_anonymous_usage_stats': 'True', 'quiet': 'False', 'warn_error': 'None', 'profiles_dir': 'C:\\Users\\SURF\\.dbt', 'use_colors': 'True', 'indirect_selection': 'eager', 'invocation_command': 'dbt docs serve', 'use_experimental_parser': 'False', 'log_path': 'C:\\Users\\SURF\\snowflake_pilot\\olist_transform\\logs'}
[0m18:07:13.643605 [debug] [MainThread]: Snowflake adapter: Setting snowflake.connector to ERROR (file logging only)
[0m18:07:13.643605 [debug] [MainThread]: Snowflake adapter: Setting botocore to ERROR (file logging only)
[0m18:07:13.645622 [debug] [MainThread]: Snowflake adapter: Setting boto3 to ERROR (file logging only)
[0m18:07:14.090463 [debug] [MainThread]: Sending event: {'category': 'dbt', 'action': 'project_id', 'label': '58ca772a-f9e4-4cf3-b0dc-610fc4e3dea6', 'context': [<snowplow_tracker.self_describing_json.SelfDescribingJson object at 0x000001C6FA06B050>]}
[0m18:07:14.180300 [debug] [MainThread]: Sending event: {'category': 'dbt', 'action': 'adapter_info', 'label': '58ca772a-f9e4-4cf3-b0dc-610fc4e3dea6', 'context': [<snowplow_tracker.self_describing_json.SelfDescribingJson object at 0x000001C6F9F3CFE0>]}
[0m18:34:01.883923 [error] [MainThread]: Encountered an error:

[0m18:34:02.293672 [error] [MainThread]: Traceback (most recent call last):
  File "C:\Users\SURF\snowflake_pilot\env\Lib\site-packages\dbt\cli\requires.py", line 182, in wrapper
    result, success = func(*args, **kwargs)
                      ^^^^^^^^^^^^^^^^^^^^^
  File "C:\Users\SURF\snowflake_pilot\env\Lib\site-packages\dbt\cli\requires.py", line 128, in wrapper
    return func(*args, **kwargs)
           ^^^^^^^^^^^^^^^^^^^^^
  File "C:\Users\SURF\snowflake_pilot\env\Lib\site-packages\dbt\cli\requires.py", line 276, in wrapper
    return func(*args, **kwargs)
           ^^^^^^^^^^^^^^^^^^^^^
  File "C:\Users\SURF\snowflake_pilot\env\Lib\site-packages\dbt\cli\requires.py", line 321, in wrapper
    return func(*args, **kwargs)
           ^^^^^^^^^^^^^^^^^^^^^
  File "C:\Users\SURF\snowflake_pilot\env\Lib\site-packages\dbt\cli\requires.py", line 368, in wrapper
    return func(*args, **kwargs)
           ^^^^^^^^^^^^^^^^^^^^^
  File "C:\Users\SURF\snowflake_pilot\env\Lib\site-packages\dbt\cli\main.py", line 309, in docs_serve
    results = task.run()
              ^^^^^^^^^^
  File "C:\Users\SURF\snowflake_pilot\env\Lib\site-packages\dbt\task\docs\serve.py", line 29, in run
    httpd.serve_forever()
  File "C:\Users\SURF\AppData\Local\Programs\Python\Python312\Lib\socketserver.py", line 235, in serve_forever
    ready = selector.select(poll_interval)
            ^^^^^^^^^^^^^^^^^^^^^^^^^^^^^^
  File "C:\Users\SURF\AppData\Local\Programs\Python\Python312\Lib\selectors.py", line 323, in select
    r, w, _ = self._select(self._readers, self._writers, [], timeout)
              ^^^^^^^^^^^^^^^^^^^^^^^^^^^^^^^^^^^^^^^^^^^^^^^^^^^^^^^
  File "C:\Users\SURF\AppData\Local\Programs\Python\Python312\Lib\selectors.py", line 314, in _select
    r, w, x = select.select(r, w, w, timeout)
              ^^^^^^^^^^^^^^^^^^^^^^^^^^^^^^^
KeyboardInterrupt

[0m18:34:02.393689 [debug] [MainThread]: Command `dbt docs serve` failed at 18:34:02.390421 after 1610.05 seconds
[0m18:34:02.410653 [debug] [MainThread]: Sending event: {'category': 'dbt', 'action': 'invocation', 'label': 'end', 'context': [<snowplow_tracker.self_describing_json.SelfDescribingJson object at 0x000001C6F72457C0>, <snowplow_tracker.self_describing_json.SelfDescribingJson object at 0x000001C6F8E502C0>, <snowplow_tracker.self_describing_json.SelfDescribingJson object at 0x000001C6F918B230>]}
[0m18:34:02.415763 [debug] [MainThread]: Flushing usage events
[0m18:34:05.156613 [debug] [MainThread]: An error was encountered while trying to flush usage events
[0m18:34:17.069807 [debug] [MainThread]: Sending event: {'category': 'dbt', 'action': 'invocation', 'label': 'start', 'context': [<snowplow_tracker.self_describing_json.SelfDescribingJson object at 0x000002AD1A2C2AE0>, <snowplow_tracker.self_describing_json.SelfDescribingJson object at 0x000002AD195BA180>, <snowplow_tracker.self_describing_json.SelfDescribingJson object at 0x000002AD1A2F3B00>]}


============================== 18:34:17.085668 | a7f76b8a-2769-4493-a5fb-4b853fc75ded ==============================
[0m18:34:17.085668 [info ] [MainThread]: Running with dbt=1.11.11
[0m18:34:17.089889 [debug] [MainThread]: running dbt with arguments {'version_check': 'True', 'no_print': 'None', 'static_parser': 'True', 'target_path': 'None', 'warn_error_options': 'WarnErrorOptionsV2(error=[], warn=[], silence=[])', 'printer_width': '80', 'write_json': 'True', 'empty': 'False', 'log_cache_events': 'False', 'introspect': 'True', 'cache_selected_only': 'False', 'fail_fast': 'False', 'debug': 'False', 'log_format': 'default', 'partial_parse': 'True', 'send_anonymous_usage_stats': 'True', 'quiet': 'False', 'warn_error': 'None', 'profiles_dir': 'C:\\Users\\SURF\\.dbt', 'invocation_command': 'dbt run', 'indirect_selection': 'eager', 'use_colors': 'True', 'use_experimental_parser': 'False', 'log_path': 'C:\\Users\\SURF\\snowflake_pilot\\olist_transform\\logs'}
[0m18:34:18.458629 [debug] [MainThread]: Snowflake adapter: Setting snowflake.connector to ERROR (file logging only)
[0m18:34:18.458629 [debug] [MainThread]: Snowflake adapter: Setting botocore to ERROR (file logging only)
[0m18:34:18.460646 [debug] [MainThread]: Snowflake adapter: Setting boto3 to ERROR (file logging only)
[0m18:34:19.013041 [debug] [MainThread]: Sending event: {'category': 'dbt', 'action': 'project_id', 'label': 'a7f76b8a-2769-4493-a5fb-4b853fc75ded', 'context': [<snowplow_tracker.self_describing_json.SelfDescribingJson object at 0x000002AD1759FA70>]}
[0m18:34:19.137828 [debug] [MainThread]: Sending event: {'category': 'dbt', 'action': 'adapter_info', 'label': 'a7f76b8a-2769-4493-a5fb-4b853fc75ded', 'context': [<snowplow_tracker.self_describing_json.SelfDescribingJson object at 0x000002AD1BBE2780>]}
[0m18:34:19.143411 [info ] [MainThread]: Registered adapter: snowflake=1.11.5
[0m18:34:20.005622 [debug] [MainThread]: checksum: 30a8cc8fdcbf66701b0944d4ccce3fa46dd04b61e5df68b9f16d57b2e0e3f0be, vars: {}, profile: , target: , version: 1.11.11
[0m18:34:20.353515 [debug] [MainThread]: Partial parsing enabled: 0 files deleted, 1 files added, 0 files changed.
[0m18:34:20.353515 [debug] [MainThread]: Partial parsing: added file: olist_transform://models\staging\stg_orders.sql
[0m18:34:20.863244 [warn ] [MainThread]: [[33mWARNING[0m]: Configuration paths exist in your dbt_project.yml file which do not apply to any resources.
There are 1 unused configuration paths:
- models.olist_transform.example
[0m18:34:20.891833 [debug] [MainThread]: Sending event: {'category': 'dbt', 'action': 'load_project', 'label': 'a7f76b8a-2769-4493-a5fb-4b853fc75ded', 'context': [<snowplow_tracker.self_describing_json.SelfDescribingJson object at 0x000002AD1D4BE990>]}
[0m18:34:21.027068 [debug] [MainThread]: Wrote artifact WritableManifest to C:\Users\SURF\snowflake_pilot\olist_transform\target\manifest.json
[0m18:34:21.033490 [debug] [MainThread]: Wrote artifact SemanticManifest to C:\Users\SURF\snowflake_pilot\olist_transform\target\semantic_manifest.json
[0m18:34:21.073779 [debug] [MainThread]: Sending event: {'category': 'dbt', 'action': 'resource_counts', 'label': 'a7f76b8a-2769-4493-a5fb-4b853fc75ded', 'context': [<snowplow_tracker.self_describing_json.SelfDescribingJson object at 0x000002AD1D48D7F0>]}
[0m18:34:21.075796 [info ] [MainThread]: Found 2 models, 2 sources, 536 macros
[0m18:34:21.075796 [debug] [MainThread]: Sending event: {'category': 'dbt', 'action': 'runnable_timing', 'label': 'a7f76b8a-2769-4493-a5fb-4b853fc75ded', 'context': [<snowplow_tracker.self_describing_json.SelfDescribingJson object at 0x000002AD1A360D10>]}
[0m18:34:21.083277 [info ] [MainThread]: 
[0m18:34:21.083277 [info ] [MainThread]: Concurrency: 4 threads (target='dev')
[0m18:34:21.085939 [info ] [MainThread]: 
[0m18:34:21.087008 [debug] [MainThread]: Acquiring new snowflake connection 'master'
[0m18:34:21.098582 [debug] [ThreadPool]: Acquiring new snowflake connection 'list_OLIST_PROJECT'
[0m18:34:21.310447 [debug] [ThreadPool]: Using snowflake connection "list_OLIST_PROJECT"
[0m18:34:21.310447 [debug] [ThreadPool]: On list_OLIST_PROJECT: show terse schemas in database OLIST_PROJECT
    limit 10000
/* {"app": "dbt", "dbt_version": "1.11.11", "profile_name": "olist_transform", "target_name": "dev", "connection_name": "list_OLIST_PROJECT"} */
[0m18:34:21.313493 [debug] [ThreadPool]: Opening a new connection, currently in state init
[0m18:34:24.450820 [debug] [ThreadPool]: SQL status: SUCCESS 4 in 3.139 seconds
[0m18:34:24.463679 [debug] [ThreadPool]: Acquiring new snowflake connection 'list_OLIST_PROJECT_PUBLIC'
[0m18:34:24.536085 [debug] [ThreadPool]: Using snowflake connection "list_OLIST_PROJECT_PUBLIC"
[0m18:34:24.536085 [debug] [ThreadPool]: On list_OLIST_PROJECT_PUBLIC: show objects in OLIST_PROJECT.PUBLIC
    limit 10000
    

/* {"app": "dbt", "dbt_version": "1.11.11", "profile_name": "olist_transform", "target_name": "dev", "connection_name": "list_OLIST_PROJECT_PUBLIC"} */;
[0m18:34:24.539127 [debug] [ThreadPool]: Opening a new connection, currently in state init
[0m18:34:25.645932 [debug] [ThreadPool]: SQL status: SUCCESS 7 in 1.106 seconds
[0m18:34:25.653651 [debug] [MainThread]: Sending event: {'category': 'dbt', 'action': 'runnable_timing', 'label': 'a7f76b8a-2769-4493-a5fb-4b853fc75ded', 'context': [<snowplow_tracker.self_describing_json.SelfDescribingJson object at 0x000002AD17687410>]}
[0m18:34:25.683500 [debug] [Thread-2 (]: Began running node model.olist_transform.stg_customers
[0m18:34:25.687757 [debug] [Thread-3 (]: Began running node model.olist_transform.stg_orders
[0m18:34:25.690289 [info ] [Thread-2 (]: 1 of 2 START sql view model PUBLIC.stg_customers ............................... [RUN]
[0m18:34:25.696282 [debug] [Thread-2 (]: Acquiring new snowflake connection 'model.olist_transform.stg_customers'
[0m18:34:25.693684 [info ] [Thread-3 (]: 2 of 2 START sql view model PUBLIC.stg_orders .................................. [RUN]
[0m18:34:25.699995 [debug] [Thread-2 (]: Began compiling node model.olist_transform.stg_customers
[0m18:34:25.699995 [debug] [Thread-3 (]: Acquiring new snowflake connection 'model.olist_transform.stg_orders'
[0m18:34:25.723277 [debug] [Thread-3 (]: Began compiling node model.olist_transform.stg_orders
[0m18:34:25.746378 [debug] [Thread-3 (]: Writing injected SQL for node "model.olist_transform.stg_orders"
[0m18:34:25.756185 [debug] [Thread-2 (]: Writing injected SQL for node "model.olist_transform.stg_customers"
[0m18:34:25.763899 [debug] [Thread-3 (]: Began executing node model.olist_transform.stg_orders
[0m18:34:25.765938 [debug] [Thread-2 (]: Began executing node model.olist_transform.stg_customers
[0m18:34:25.993132 [debug] [Thread-3 (]: Writing runtime sql for node "model.olist_transform.stg_orders"
[0m18:34:25.999197 [debug] [Thread-2 (]: Writing runtime sql for node "model.olist_transform.stg_customers"
[0m18:34:26.005784 [debug] [Thread-3 (]: Using snowflake connection "model.olist_transform.stg_orders"
[0m18:34:26.007346 [debug] [Thread-2 (]: Using snowflake connection "model.olist_transform.stg_customers"
[0m18:34:26.008437 [debug] [Thread-3 (]: On model.olist_transform.stg_orders: create or replace   view OLIST_PROJECT.PUBLIC.stg_orders
  
  
  
  
  as (
    select 
    order_id,
    customer_id,
    order_status,
    cast(order_purchase_timestamp as timestamp) as purchase_date,
    cast(order_approved_at as timestamp) as approval_date,
    cast(order_delivered_carrier_date as timestamp) as carrier_deliver_date,
    cast(order_delivered_customer_date as timestamp) as customer_deliver_date,
    cast(order_estimated_delivery_date as timestamp) as order_estimated_delivery_date
from OLIST_PROJECT.PUBLIC.RAW_ORDERS
  )
/* {"app": "dbt", "dbt_version": "1.11.11", "profile_name": "olist_transform", "target_name": "dev", "node_id": "model.olist_transform.stg_orders"} */;
[0m18:34:26.008437 [debug] [Thread-2 (]: On model.olist_transform.stg_customers: create or replace   view OLIST_PROJECT.PUBLIC.stg_customers
  
  
  
  
  as (
    select 
    customer_id,
    customer_city,
    customer_state
from OLIST_PROJECT.PUBLIC.RAW_CUSTOMERS
  )
/* {"app": "dbt", "dbt_version": "1.11.11", "profile_name": "olist_transform", "target_name": "dev", "node_id": "model.olist_transform.stg_customers"} */;
[0m18:34:26.011219 [debug] [Thread-3 (]: Opening a new connection, currently in state init
[0m18:34:26.012742 [debug] [Thread-2 (]: Opening a new connection, currently in state init
[0m18:34:27.823081 [debug] [Thread-2 (]: SQL status: SUCCESS 1 in 1.810 seconds
[0m18:34:27.826329 [debug] [Thread-3 (]: SQL status: SUCCESS 1 in 1.815 seconds
[0m18:34:28.107490 [debug] [Thread-2 (]: Sending event: {'category': 'dbt', 'action': 'run_model', 'label': 'a7f76b8a-2769-4493-a5fb-4b853fc75ded', 'context': [<snowplow_tracker.self_describing_json.SelfDescribingJson object at 0x000002AD1BBD1D60>]}
[0m18:34:28.109414 [debug] [Thread-3 (]: Sending event: {'category': 'dbt', 'action': 'run_model', 'label': 'a7f76b8a-2769-4493-a5fb-4b853fc75ded', 'context': [<snowplow_tracker.self_describing_json.SelfDescribingJson object at 0x000002AD1EA70DA0>]}
[0m18:34:28.111247 [info ] [Thread-2 (]: 1 of 2 OK created sql view model PUBLIC.stg_customers .......................... [[32mSUCCESS 1[0m in 2.40s]
[0m18:34:28.116628 [debug] [Thread-2 (]: Finished running node model.olist_transform.stg_customers
[0m18:34:28.113327 [info ] [Thread-3 (]: 2 of 2 OK created sql view model PUBLIC.stg_orders ............................. [[32mSUCCESS 1[0m in 2.39s]
[0m18:34:28.123453 [debug] [Thread-3 (]: Finished running node model.olist_transform.stg_orders
[0m18:34:28.127238 [debug] [MainThread]: Connection 'master' was properly closed.
[0m18:34:28.127238 [debug] [MainThread]: Connection 'list_OLIST_PROJECT' was left open.
[0m18:34:28.133215 [debug] [MainThread]: On list_OLIST_PROJECT: Close
[0m18:34:28.506413 [debug] [MainThread]: Connection 'list_OLIST_PROJECT_PUBLIC' was left open.
[0m18:34:28.508500 [debug] [MainThread]: On list_OLIST_PROJECT_PUBLIC: Close
[0m18:34:29.012826 [debug] [MainThread]: Connection 'model.olist_transform.stg_customers' was left open.
[0m18:34:29.013345 [debug] [MainThread]: On model.olist_transform.stg_customers: Close
[0m18:34:29.406180 [debug] [MainThread]: Connection 'model.olist_transform.stg_orders' was left open.
[0m18:34:29.407918 [debug] [MainThread]: On model.olist_transform.stg_orders: Close
[0m18:34:29.785344 [info ] [MainThread]: 
[0m18:34:29.787309 [info ] [MainThread]: Finished running 2 view models in 0 hours 0 minutes and 8.70 seconds (8.70s).
[0m18:34:29.796004 [debug] [MainThread]: Command end result
[0m18:34:29.926426 [debug] [MainThread]: Wrote artifact WritableManifest to C:\Users\SURF\snowflake_pilot\olist_transform\target\manifest.json
[0m18:34:29.936532 [debug] [MainThread]: Wrote artifact SemanticManifest to C:\Users\SURF\snowflake_pilot\olist_transform\target\semantic_manifest.json
[0m18:34:29.959699 [debug] [MainThread]: Wrote artifact RunExecutionResult to C:\Users\SURF\snowflake_pilot\olist_transform\target\run_results.json
[0m18:34:29.959699 [info ] [MainThread]: 
[0m18:34:29.963463 [info ] [MainThread]: [32mCompleted successfully[0m
[0m18:34:29.963463 [info ] [MainThread]: 
[0m18:34:29.965495 [info ] [MainThread]: Done. PASS=2 WARN=0 ERROR=0 SKIP=0 NO-OP=0 TOTAL=2
[0m18:34:29.967571 [debug] [MainThread]: Command `dbt run` succeeded at 18:34:29.967571 after 13.17 seconds
[0m18:34:29.970304 [debug] [MainThread]: Sending event: {'category': 'dbt', 'action': 'invocation', 'label': 'end', 'context': [<snowplow_tracker.self_describing_json.SelfDescribingJson object at 0x000002AD17DED460>, <snowplow_tracker.self_describing_json.SelfDescribingJson object at 0x000002AD19EC5310>, <snowplow_tracker.self_describing_json.SelfDescribingJson object at 0x000002AD19EC43B0>]}
[0m18:34:29.972821 [debug] [MainThread]: Flushing usage events
[0m18:34:32.220852 [debug] [MainThread]: An error was encountered while trying to flush usage events
[0m18:36:47.132906 [debug] [MainThread]: Sending event: {'category': 'dbt', 'action': 'invocation', 'label': 'start', 'context': [<snowplow_tracker.self_describing_json.SelfDescribingJson object at 0x00000232ACE01010>, <snowplow_tracker.self_describing_json.SelfDescribingJson object at 0x00000232ABD7E660>, <snowplow_tracker.self_describing_json.SelfDescribingJson object at 0x00000232AF4B38F0>]}


============================== 18:36:47.144629 | 990ebf2b-ccae-467b-bd25-1f1f51b2dac4 ==============================
[0m18:36:47.144629 [info ] [MainThread]: Running with dbt=1.11.11
[0m18:36:47.148360 [debug] [MainThread]: running dbt with arguments {'static_parser': 'True', 'no_print': 'None', 'version_check': 'True', 'target_path': 'None', 'warn_error_options': 'WarnErrorOptionsV2(error=[], warn=[], silence=[])', 'printer_width': '80', 'write_json': 'True', 'introspect': 'True', 'log_cache_events': 'False', 'empty': 'False', 'cache_selected_only': 'False', 'fail_fast': 'False', 'debug': 'False', 'log_format': 'default', 'partial_parse': 'True', 'send_anonymous_usage_stats': 'True', 'quiet': 'False', 'warn_error': 'None', 'profiles_dir': 'C:\\Users\\SURF\\.dbt', 'use_colors': 'True', 'indirect_selection': 'eager', 'invocation_command': 'dbt run', 'use_experimental_parser': 'False', 'log_path': 'C:\\Users\\SURF\\snowflake_pilot\\olist_transform\\logs'}
[0m18:36:48.092919 [debug] [MainThread]: Snowflake adapter: Setting snowflake.connector to ERROR (file logging only)
[0m18:36:48.092919 [debug] [MainThread]: Snowflake adapter: Setting botocore to ERROR (file logging only)
[0m18:36:48.092919 [debug] [MainThread]: Snowflake adapter: Setting boto3 to ERROR (file logging only)
[0m18:36:48.494736 [debug] [MainThread]: Sending event: {'category': 'dbt', 'action': 'project_id', 'label': '990ebf2b-ccae-467b-bd25-1f1f51b2dac4', 'context': [<snowplow_tracker.self_describing_json.SelfDescribingJson object at 0x00000232AC763770>]}
[0m18:36:48.588221 [debug] [MainThread]: Sending event: {'category': 'dbt', 'action': 'adapter_info', 'label': '990ebf2b-ccae-467b-bd25-1f1f51b2dac4', 'context': [<snowplow_tracker.self_describing_json.SelfDescribingJson object at 0x00000232B101E1B0>]}
[0m18:36:48.588221 [info ] [MainThread]: Registered adapter: snowflake=1.11.5
[0m18:36:49.169794 [debug] [MainThread]: checksum: 30a8cc8fdcbf66701b0944d4ccce3fa46dd04b61e5df68b9f16d57b2e0e3f0be, vars: {}, profile: , target: , version: 1.11.11
[0m18:36:49.526644 [debug] [MainThread]: Partial parsing enabled: 0 files deleted, 0 files added, 1 files changed.
[0m18:36:49.527657 [debug] [MainThread]: Partial parsing: updated file: olist_transform://models\staging\stg_orders.sql
[0m18:36:50.028630 [warn ] [MainThread]: [[33mWARNING[0m]: Configuration paths exist in your dbt_project.yml file which do not apply to any resources.
There are 1 unused configuration paths:
- models.olist_transform.example
[0m18:36:50.058419 [debug] [MainThread]: Sending event: {'category': 'dbt', 'action': 'load_project', 'label': '990ebf2b-ccae-467b-bd25-1f1f51b2dac4', 'context': [<snowplow_tracker.self_describing_json.SelfDescribingJson object at 0x00000232B266E990>]}
[0m18:36:50.242765 [debug] [MainThread]: Wrote artifact WritableManifest to C:\Users\SURF\snowflake_pilot\olist_transform\target\manifest.json
[0m18:36:50.247874 [debug] [MainThread]: Wrote artifact SemanticManifest to C:\Users\SURF\snowflake_pilot\olist_transform\target\semantic_manifest.json
[0m18:36:50.268122 [debug] [MainThread]: Sending event: {'category': 'dbt', 'action': 'resource_counts', 'label': '990ebf2b-ccae-467b-bd25-1f1f51b2dac4', 'context': [<snowplow_tracker.self_describing_json.SelfDescribingJson object at 0x00000232B2635760>]}
[0m18:36:50.268122 [info ] [MainThread]: Found 2 models, 2 sources, 536 macros
[0m18:36:50.268122 [debug] [MainThread]: Sending event: {'category': 'dbt', 'action': 'runnable_timing', 'label': '990ebf2b-ccae-467b-bd25-1f1f51b2dac4', 'context': [<snowplow_tracker.self_describing_json.SelfDescribingJson object at 0x00000232B25F0D10>]}
[0m18:36:50.274656 [info ] [MainThread]: 
[0m18:36:50.274656 [info ] [MainThread]: Concurrency: 4 threads (target='dev')
[0m18:36:50.276595 [info ] [MainThread]: 
[0m18:36:50.276595 [debug] [MainThread]: Acquiring new snowflake connection 'master'
[0m18:36:50.284839 [debug] [ThreadPool]: Acquiring new snowflake connection 'list_OLIST_PROJECT'
[0m18:36:50.422764 [debug] [ThreadPool]: Using snowflake connection "list_OLIST_PROJECT"
[0m18:36:50.422764 [debug] [ThreadPool]: On list_OLIST_PROJECT: show terse schemas in database OLIST_PROJECT
    limit 10000
/* {"app": "dbt", "dbt_version": "1.11.11", "profile_name": "olist_transform", "target_name": "dev", "connection_name": "list_OLIST_PROJECT"} */
[0m18:36:50.422764 [debug] [ThreadPool]: Opening a new connection, currently in state init
[0m18:36:52.301002 [debug] [ThreadPool]: SQL status: SUCCESS 4 in 1.874 seconds
[0m18:36:52.309303 [debug] [ThreadPool]: Acquiring new snowflake connection 'list_OLIST_PROJECT_PUBLIC'
[0m18:36:52.352944 [debug] [ThreadPool]: Using snowflake connection "list_OLIST_PROJECT_PUBLIC"
[0m18:36:52.357221 [debug] [ThreadPool]: On list_OLIST_PROJECT_PUBLIC: show objects in OLIST_PROJECT.PUBLIC
    limit 10000
    

/* {"app": "dbt", "dbt_version": "1.11.11", "profile_name": "olist_transform", "target_name": "dev", "connection_name": "list_OLIST_PROJECT_PUBLIC"} */;
[0m18:36:52.357221 [debug] [ThreadPool]: Opening a new connection, currently in state init
[0m18:36:53.638530 [debug] [ThreadPool]: SQL status: SUCCESS 8 in 1.283 seconds
[0m18:36:53.657159 [debug] [MainThread]: Sending event: {'category': 'dbt', 'action': 'runnable_timing', 'label': '990ebf2b-ccae-467b-bd25-1f1f51b2dac4', 'context': [<snowplow_tracker.self_describing_json.SelfDescribingJson object at 0x00000232ACFAF200>]}
[0m18:36:53.673031 [debug] [Thread-2 (]: Began running node model.olist_transform.stg_customers
[0m18:36:53.673031 [debug] [Thread-3 (]: Began running node model.olist_transform.stg_orders
[0m18:36:53.675756 [info ] [Thread-2 (]: 1 of 2 START sql view model PUBLIC.stg_customers ............................... [RUN]
[0m18:36:53.682391 [debug] [Thread-2 (]: Acquiring new snowflake connection 'model.olist_transform.stg_customers'
[0m18:36:53.678634 [info ] [Thread-3 (]: 2 of 2 START sql view model PUBLIC.stg_orders .................................. [RUN]
[0m18:36:53.684601 [debug] [Thread-2 (]: Began compiling node model.olist_transform.stg_customers
[0m18:36:53.686174 [debug] [Thread-3 (]: Acquiring new snowflake connection 'model.olist_transform.stg_orders'
[0m18:36:53.718287 [debug] [Thread-2 (]: Writing injected SQL for node "model.olist_transform.stg_customers"
[0m18:36:53.723184 [debug] [Thread-3 (]: Began compiling node model.olist_transform.stg_orders
[0m18:36:53.733335 [debug] [Thread-3 (]: Writing injected SQL for node "model.olist_transform.stg_orders"
[0m18:36:53.733335 [debug] [Thread-2 (]: Began executing node model.olist_transform.stg_customers
[0m18:36:53.777081 [debug] [Thread-3 (]: Began executing node model.olist_transform.stg_orders
[0m18:36:53.902871 [debug] [Thread-2 (]: Writing runtime sql for node "model.olist_transform.stg_customers"
[0m18:36:53.905020 [debug] [Thread-3 (]: Writing runtime sql for node "model.olist_transform.stg_orders"
[0m18:36:53.910971 [debug] [Thread-2 (]: Using snowflake connection "model.olist_transform.stg_customers"
[0m18:36:53.913041 [debug] [Thread-2 (]: On model.olist_transform.stg_customers: create or replace   view OLIST_PROJECT.PUBLIC.stg_customers
  
  
  
  
  as (
    select 
    customer_id,
    customer_city,
    customer_state
from OLIST_PROJECT.PUBLIC.RAW_CUSTOMERS
  )
/* {"app": "dbt", "dbt_version": "1.11.11", "profile_name": "olist_transform", "target_name": "dev", "node_id": "model.olist_transform.stg_customers"} */;
[0m18:36:53.918188 [debug] [Thread-3 (]: Using snowflake connection "model.olist_transform.stg_orders"
[0m18:36:53.918188 [debug] [Thread-2 (]: Opening a new connection, currently in state init
[0m18:36:53.918188 [debug] [Thread-3 (]: On model.olist_transform.stg_orders: create or replace   view OLIST_PROJECT.PUBLIC.stg_orders
  
  
  
  
  as (
    select 
    order_id,
    customer_id,
    order_status,
    cast(order_purchase_timestamp as datetime) as purchase_date,
    cast(order_approved_at as timestamp) as approval_date,
    cast(order_delivered_carrier_date as timestamp) as carrier_deliver_date,
    cast(order_delivered_customer_date as timestamp) as customer_deliver_date,
    cast(order_estimated_delivery_date as timestamp) as order_estimated_delivery_date
from OLIST_PROJECT.PUBLIC.RAW_ORDERS
  )
/* {"app": "dbt", "dbt_version": "1.11.11", "profile_name": "olist_transform", "target_name": "dev", "node_id": "model.olist_transform.stg_orders"} */;
[0m18:36:53.922988 [debug] [Thread-3 (]: Opening a new connection, currently in state init
[0m18:36:55.091705 [debug] [Thread-3 (]: SQL status: SUCCESS 1 in 1.168 seconds
[0m18:36:55.236282 [debug] [Thread-3 (]: Sending event: {'category': 'dbt', 'action': 'run_model', 'label': '990ebf2b-ccae-467b-bd25-1f1f51b2dac4', 'context': [<snowplow_tracker.self_describing_json.SelfDescribingJson object at 0x00000232B0D91D60>]}
[0m18:36:55.240809 [info ] [Thread-3 (]: 2 of 2 OK created sql view model PUBLIC.stg_orders ............................. [[32mSUCCESS 1[0m in 1.54s]
[0m18:36:55.244721 [debug] [Thread-3 (]: Finished running node model.olist_transform.stg_orders
[0m18:36:55.337586 [debug] [Thread-2 (]: SQL status: SUCCESS 1 in 1.418 seconds
[0m18:36:55.346249 [debug] [Thread-2 (]: Sending event: {'category': 'dbt', 'action': 'run_model', 'label': '990ebf2b-ccae-467b-bd25-1f1f51b2dac4', 'context': [<snowplow_tracker.self_describing_json.SelfDescribingJson object at 0x00000232B3C3E120>]}
[0m18:36:55.351128 [info ] [Thread-2 (]: 1 of 2 OK created sql view model PUBLIC.stg_customers .......................... [[32mSUCCESS 1[0m in 1.67s]
[0m18:36:55.354103 [debug] [Thread-2 (]: Finished running node model.olist_transform.stg_customers
[0m18:36:55.362073 [debug] [MainThread]: Connection 'master' was properly closed.
[0m18:36:55.362620 [debug] [MainThread]: Connection 'list_OLIST_PROJECT' was left open.
[0m18:36:55.364766 [debug] [MainThread]: On list_OLIST_PROJECT: Close
[0m18:36:55.736801 [debug] [MainThread]: Connection 'list_OLIST_PROJECT_PUBLIC' was left open.
[0m18:36:55.739400 [debug] [MainThread]: On list_OLIST_PROJECT_PUBLIC: Close
[0m18:36:56.210093 [debug] [MainThread]: Connection 'model.olist_transform.stg_customers' was left open.
[0m18:36:56.212637 [debug] [MainThread]: On model.olist_transform.stg_customers: Close
[0m18:36:56.647153 [debug] [MainThread]: Connection 'model.olist_transform.stg_orders' was left open.
[0m18:36:56.647153 [debug] [MainThread]: On model.olist_transform.stg_orders: Close
[0m18:36:57.015627 [info ] [MainThread]: 
[0m18:36:57.020691 [info ] [MainThread]: Finished running 2 view models in 0 hours 0 minutes and 6.74 seconds (6.74s).
[0m18:36:57.025827 [debug] [MainThread]: Command end result
[0m18:36:57.124883 [debug] [MainThread]: Wrote artifact WritableManifest to C:\Users\SURF\snowflake_pilot\olist_transform\target\manifest.json
[0m18:36:57.129925 [debug] [MainThread]: Wrote artifact SemanticManifest to C:\Users\SURF\snowflake_pilot\olist_transform\target\semantic_manifest.json
[0m18:36:57.147656 [debug] [MainThread]: Wrote artifact RunExecutionResult to C:\Users\SURF\snowflake_pilot\olist_transform\target\run_results.json
[0m18:36:57.148805 [info ] [MainThread]: 
[0m18:36:57.148805 [info ] [MainThread]: [32mCompleted successfully[0m
[0m18:36:57.151661 [info ] [MainThread]: 
[0m18:36:57.153003 [info ] [MainThread]: Done. PASS=2 WARN=0 ERROR=0 SKIP=0 NO-OP=0 TOTAL=2
[0m18:36:57.153003 [debug] [MainThread]: Command `dbt run` succeeded at 18:36:57.153003 after 10.23 seconds
[0m18:36:57.153003 [debug] [MainThread]: Sending event: {'category': 'dbt', 'action': 'invocation', 'label': 'end', 'context': [<snowplow_tracker.self_describing_json.SelfDescribingJson object at 0x00000232AF7A3050>, <snowplow_tracker.self_describing_json.SelfDescribingJson object at 0x00000232AF3998B0>, <snowplow_tracker.self_describing_json.SelfDescribingJson object at 0x00000232B1F46090>]}
[0m18:36:57.153003 [debug] [MainThread]: Flushing usage events
[0m18:36:59.333137 [debug] [MainThread]: An error was encountered while trying to flush usage events
[0m18:52:37.294132 [debug] [MainThread]: Sending event: {'category': 'dbt', 'action': 'invocation', 'label': 'start', 'context': [<snowplow_tracker.self_describing_json.SelfDescribingJson object at 0x0000020C25D40E30>, <snowplow_tracker.self_describing_json.SelfDescribingJson object at 0x0000020C25609A00>, <snowplow_tracker.self_describing_json.SelfDescribingJson object at 0x0000020C2560A600>]}


============================== 18:52:37.317616 | 6df17989-c662-42ae-8f0f-4d430634e00c ==============================
[0m18:52:37.317616 [info ] [MainThread]: Running with dbt=1.11.11
[0m18:52:37.322815 [debug] [MainThread]: running dbt with arguments {'static_parser': 'True', 'no_print': 'None', 'version_check': 'True', 'target_path': 'None', 'warn_error_options': 'WarnErrorOptionsV2(error=[], warn=[], silence=[])', 'printer_width': '80', 'write_json': 'True', 'empty': 'False', 'log_cache_events': 'False', 'introspect': 'True', 'cache_selected_only': 'False', 'log_format': 'default', 'debug': 'False', 'fail_fast': 'False', 'profiles_dir': 'C:\\Users\\SURF\\.dbt', 'send_anonymous_usage_stats': 'True', 'quiet': 'False', 'warn_error': 'None', 'partial_parse': 'True', 'invocation_command': 'dbt run', 'use_colors': 'True', 'indirect_selection': 'eager', 'use_experimental_parser': 'False', 'log_path': 'C:\\Users\\SURF\\snowflake_pilot\\olist_transform\\logs'}
[0m18:52:38.906207 [debug] [MainThread]: Snowflake adapter: Setting snowflake.connector to ERROR (file logging only)
[0m18:52:38.906207 [debug] [MainThread]: Snowflake adapter: Setting botocore to ERROR (file logging only)
[0m18:52:38.906207 [debug] [MainThread]: Snowflake adapter: Setting boto3 to ERROR (file logging only)
[0m18:52:39.429220 [debug] [MainThread]: Sending event: {'category': 'dbt', 'action': 'project_id', 'label': '6df17989-c662-42ae-8f0f-4d430634e00c', 'context': [<snowplow_tracker.self_describing_json.SelfDescribingJson object at 0x0000020C285DE960>]}
[0m18:52:39.534061 [debug] [MainThread]: Sending event: {'category': 'dbt', 'action': 'adapter_info', 'label': '6df17989-c662-42ae-8f0f-4d430634e00c', 'context': [<snowplow_tracker.self_describing_json.SelfDescribingJson object at 0x0000020C2752BF80>]}
[0m18:52:39.539882 [info ] [MainThread]: Registered adapter: snowflake=1.11.5
[0m18:52:40.052367 [debug] [MainThread]: checksum: 30a8cc8fdcbf66701b0944d4ccce3fa46dd04b61e5df68b9f16d57b2e0e3f0be, vars: {}, profile: , target: , version: 1.11.11
[0m18:52:40.504237 [debug] [MainThread]: Partial parsing enabled: 0 files deleted, 0 files added, 1 files changed.
[0m18:52:40.504237 [debug] [MainThread]: Partial parsing: updated file: olist_transform://models\staging\stg_orders.sql
[0m18:52:41.050075 [warn ] [MainThread]: [[33mWARNING[0m]: Configuration paths exist in your dbt_project.yml file which do not apply to any resources.
There are 1 unused configuration paths:
- models.olist_transform.example
[0m18:52:41.081704 [debug] [MainThread]: Sending event: {'category': 'dbt', 'action': 'load_project', 'label': '6df17989-c662-42ae-8f0f-4d430634e00c', 'context': [<snowplow_tracker.self_describing_json.SelfDescribingJson object at 0x0000020C28E8A960>]}
[0m18:52:41.204225 [debug] [MainThread]: Wrote artifact WritableManifest to C:\Users\SURF\snowflake_pilot\olist_transform\target\manifest.json
[0m18:52:41.209618 [debug] [MainThread]: Wrote artifact SemanticManifest to C:\Users\SURF\snowflake_pilot\olist_transform\target\semantic_manifest.json
[0m18:52:41.241109 [debug] [MainThread]: Sending event: {'category': 'dbt', 'action': 'resource_counts', 'label': '6df17989-c662-42ae-8f0f-4d430634e00c', 'context': [<snowplow_tracker.self_describing_json.SelfDescribingJson object at 0x0000020C28E55700>]}
[0m18:52:41.241109 [info ] [MainThread]: Found 2 models, 2 sources, 536 macros
[0m18:52:41.241109 [debug] [MainThread]: Sending event: {'category': 'dbt', 'action': 'runnable_timing', 'label': '6df17989-c662-42ae-8f0f-4d430634e00c', 'context': [<snowplow_tracker.self_describing_json.SelfDescribingJson object at 0x0000020C28E11280>]}
[0m18:52:41.245533 [info ] [MainThread]: 
[0m18:52:41.249514 [info ] [MainThread]: Concurrency: 4 threads (target='dev')
[0m18:52:41.250586 [info ] [MainThread]: 
[0m18:52:41.251718 [debug] [MainThread]: Acquiring new snowflake connection 'master'
[0m18:52:41.261011 [debug] [ThreadPool]: Acquiring new snowflake connection 'list_OLIST_PROJECT'
[0m18:52:41.575444 [debug] [ThreadPool]: Using snowflake connection "list_OLIST_PROJECT"
[0m18:52:41.575444 [debug] [ThreadPool]: On list_OLIST_PROJECT: show terse schemas in database OLIST_PROJECT
    limit 10000
/* {"app": "dbt", "dbt_version": "1.11.11", "profile_name": "olist_transform", "target_name": "dev", "connection_name": "list_OLIST_PROJECT"} */
[0m18:52:41.579153 [debug] [ThreadPool]: Opening a new connection, currently in state init
[0m18:52:45.247655 [debug] [ThreadPool]: SQL status: SUCCESS 4 in 3.670 seconds
[0m18:52:45.258237 [debug] [ThreadPool]: Acquiring new snowflake connection 'list_OLIST_PROJECT_PUBLIC'
[0m18:52:45.304501 [debug] [ThreadPool]: Using snowflake connection "list_OLIST_PROJECT_PUBLIC"
[0m18:52:45.304501 [debug] [ThreadPool]: On list_OLIST_PROJECT_PUBLIC: show objects in OLIST_PROJECT.PUBLIC
    limit 10000
    

/* {"app": "dbt", "dbt_version": "1.11.11", "profile_name": "olist_transform", "target_name": "dev", "connection_name": "list_OLIST_PROJECT_PUBLIC"} */;
[0m18:52:45.309616 [debug] [ThreadPool]: Opening a new connection, currently in state init
[0m18:52:47.349629 [debug] [ThreadPool]: SQL status: SUCCESS 8 in 2.040 seconds
[0m18:52:47.366274 [debug] [MainThread]: Sending event: {'category': 'dbt', 'action': 'runnable_timing', 'label': '6df17989-c662-42ae-8f0f-4d430634e00c', 'context': [<snowplow_tracker.self_describing_json.SelfDescribingJson object at 0x0000020C2306B3E0>]}
[0m18:52:47.386244 [debug] [Thread-2 (]: Began running node model.olist_transform.stg_customers
[0m18:52:47.386244 [debug] [Thread-3 (]: Began running node model.olist_transform.stg_orders
[0m18:52:47.392887 [info ] [Thread-2 (]: 1 of 2 START sql view model PUBLIC.stg_customers ............................... [RUN]
[0m18:52:47.396637 [debug] [Thread-2 (]: Acquiring new snowflake connection 'model.olist_transform.stg_customers'
[0m18:52:47.396637 [info ] [Thread-3 (]: 2 of 2 START sql view model PUBLIC.stg_orders .................................. [RUN]
[0m18:52:47.401881 [debug] [Thread-2 (]: Began compiling node model.olist_transform.stg_customers
[0m18:52:47.403044 [debug] [Thread-3 (]: Acquiring new snowflake connection 'model.olist_transform.stg_orders'
[0m18:52:47.434742 [debug] [Thread-3 (]: Began compiling node model.olist_transform.stg_orders
[0m18:52:47.454614 [debug] [Thread-3 (]: Writing injected SQL for node "model.olist_transform.stg_orders"
[0m18:52:47.439054 [debug] [Thread-2 (]: Writing injected SQL for node "model.olist_transform.stg_customers"
[0m18:52:47.460004 [debug] [Thread-3 (]: Began executing node model.olist_transform.stg_orders
[0m18:52:47.464431 [debug] [Thread-2 (]: Began executing node model.olist_transform.stg_customers
[0m18:52:47.653687 [debug] [Thread-2 (]: Writing runtime sql for node "model.olist_transform.stg_customers"
[0m18:52:47.650590 [debug] [Thread-3 (]: Writing runtime sql for node "model.olist_transform.stg_orders"
[0m18:52:47.658929 [debug] [Thread-2 (]: Using snowflake connection "model.olist_transform.stg_customers"
[0m18:52:47.658929 [debug] [Thread-2 (]: On model.olist_transform.stg_customers: create or replace   view OLIST_PROJECT.PUBLIC.stg_customers
  
  
  
  
  as (
    select 
    customer_id,
    customer_city,
    customer_state
from OLIST_PROJECT.PUBLIC.RAW_CUSTOMERS
  )
/* {"app": "dbt", "dbt_version": "1.11.11", "profile_name": "olist_transform", "target_name": "dev", "node_id": "model.olist_transform.stg_customers"} */;
[0m18:52:47.658929 [debug] [Thread-2 (]: Opening a new connection, currently in state init
[0m18:52:47.666234 [debug] [Thread-3 (]: Using snowflake connection "model.olist_transform.stg_orders"
[0m18:52:47.666234 [debug] [Thread-3 (]: On model.olist_transform.stg_orders: create or replace   view OLIST_PROJECT.PUBLIC.stg_orders
  
  
  
  
  as (
    select 
    order_id,
    customer_id,
    order_status,
    to_timestamp_ntz(order_purchase_timestamp/1000000000) as purchase_date,
    to_timestamp_ntz(order_approved_at/1000000000) as approval_date,
    to_timestamp_ntz(order_delivered_carrier_date/1000000000) as carrier_deliver_date,
    to_timestamp_ntz(order_delivered_customer_date/1000000000) as customer_deliver_date,
    to_timestamp_ntz(order_estimated_delivery_date/1000000000) as order_estimated_delivery_date
from OLIST_PROJECT.PUBLIC.RAW_ORDERS
  )
/* {"app": "dbt", "dbt_version": "1.11.11", "profile_name": "olist_transform", "target_name": "dev", "node_id": "model.olist_transform.stg_orders"} */;
[0m18:52:47.669851 [debug] [Thread-3 (]: Opening a new connection, currently in state init
[0m18:52:48.886989 [debug] [Thread-2 (]: SQL status: SUCCESS 1 in 1.225 seconds
[0m18:52:48.886989 [debug] [Thread-3 (]: SQL status: SUCCESS 1 in 1.220 seconds
[0m18:52:49.056576 [debug] [Thread-3 (]: Sending event: {'category': 'dbt', 'action': 'run_model', 'label': '6df17989-c662-42ae-8f0f-4d430634e00c', 'context': [<snowplow_tracker.self_describing_json.SelfDescribingJson object at 0x0000020C25609A90>]}
[0m18:52:49.058338 [debug] [Thread-2 (]: Sending event: {'category': 'dbt', 'action': 'run_model', 'label': '6df17989-c662-42ae-8f0f-4d430634e00c', 'context': [<snowplow_tracker.self_describing_json.SelfDescribingJson object at 0x0000020C28CAC920>]}
[0m18:52:49.059405 [info ] [Thread-3 (]: 2 of 2 OK created sql view model PUBLIC.stg_orders ............................. [[32mSUCCESS 1[0m in 1.65s]
[0m18:52:49.064386 [debug] [Thread-3 (]: Finished running node model.olist_transform.stg_orders
[0m18:52:49.061392 [info ] [Thread-2 (]: 1 of 2 OK created sql view model PUBLIC.stg_customers .......................... [[32mSUCCESS 1[0m in 1.66s]
[0m18:52:49.066594 [debug] [Thread-2 (]: Finished running node model.olist_transform.stg_customers
[0m18:52:49.072820 [debug] [MainThread]: Connection 'master' was properly closed.
[0m18:52:49.072820 [debug] [MainThread]: Connection 'list_OLIST_PROJECT' was left open.
[0m18:52:49.074413 [debug] [MainThread]: On list_OLIST_PROJECT: Close
[0m18:52:49.440977 [debug] [MainThread]: Connection 'list_OLIST_PROJECT_PUBLIC' was left open.
[0m18:52:49.442749 [debug] [MainThread]: On list_OLIST_PROJECT_PUBLIC: Close
[0m18:52:49.808611 [debug] [MainThread]: Connection 'model.olist_transform.stg_customers' was left open.
[0m18:52:49.808611 [debug] [MainThread]: On model.olist_transform.stg_customers: Close
[0m18:52:50.204445 [debug] [MainThread]: Connection 'model.olist_transform.stg_orders' was left open.
[0m18:52:50.206625 [debug] [MainThread]: On model.olist_transform.stg_orders: Close
[0m18:52:50.570733 [info ] [MainThread]: 
[0m18:52:50.570733 [info ] [MainThread]: Finished running 2 view models in 0 hours 0 minutes and 9.32 seconds (9.32s).
[0m18:52:50.574928 [debug] [MainThread]: Command end result
[0m18:52:50.674421 [debug] [MainThread]: Wrote artifact WritableManifest to C:\Users\SURF\snowflake_pilot\olist_transform\target\manifest.json
[0m18:52:50.675898 [debug] [MainThread]: Wrote artifact SemanticManifest to C:\Users\SURF\snowflake_pilot\olist_transform\target\semantic_manifest.json
[0m18:52:50.689693 [debug] [MainThread]: Wrote artifact RunExecutionResult to C:\Users\SURF\snowflake_pilot\olist_transform\target\run_results.json
[0m18:52:50.694722 [info ] [MainThread]: 
[0m18:52:50.695961 [info ] [MainThread]: [32mCompleted successfully[0m
[0m18:52:50.695961 [info ] [MainThread]: 
[0m18:52:50.699885 [info ] [MainThread]: Done. PASS=2 WARN=0 ERROR=0 SKIP=0 NO-OP=0 TOTAL=2
[0m18:52:50.699885 [debug] [MainThread]: Command `dbt run` succeeded at 18:52:50.699885 after 13.75 seconds
[0m18:52:50.699885 [debug] [MainThread]: Sending event: {'category': 'dbt', 'action': 'invocation', 'label': 'end', 'context': [<snowplow_tracker.self_describing_json.SelfDescribingJson object at 0x0000020C2754C8F0>, <snowplow_tracker.self_describing_json.SelfDescribingJson object at 0x0000020C261B6EA0>, <snowplow_tracker.self_describing_json.SelfDescribingJson object at 0x0000020C261B5D30>]}
[0m18:52:50.699885 [debug] [MainThread]: Flushing usage events
[0m18:52:53.081138 [debug] [MainThread]: An error was encountered while trying to flush usage events
[0m20:20:00.605875 [debug] [MainThread]: Sending event: {'category': 'dbt', 'action': 'invocation', 'label': 'start', 'context': [<snowplow_tracker.self_describing_json.SelfDescribingJson object at 0x0000018E4AA99820>, <snowplow_tracker.self_describing_json.SelfDescribingJson object at 0x0000018E4BA67320>, <snowplow_tracker.self_describing_json.SelfDescribingJson object at 0x0000018E47F26EA0>]}


============================== 20:20:00.610723 | d3694da8-d00d-4171-8cea-a97c65b60c7d ==============================
[0m20:20:00.610723 [info ] [MainThread]: Running with dbt=1.11.11
[0m20:20:00.611728 [debug] [MainThread]: running dbt with arguments {'static_parser': 'True', 'no_print': 'None', 'version_check': 'True', 'target_path': 'None', 'warn_error_options': 'WarnErrorOptionsV2(error=[], warn=[], silence=[])', 'printer_width': '80', 'write_json': 'True', 'introspect': 'True', 'log_cache_events': 'False', 'empty': 'None', 'cache_selected_only': 'False', 'log_format': 'default', 'debug': 'False', 'fail_fast': 'False', 'partial_parse': 'True', 'send_anonymous_usage_stats': 'True', 'quiet': 'False', 'warn_error': 'None', 'profiles_dir': 'C:\\Users\\SURF\\.dbt', 'use_colors': 'True', 'indirect_selection': 'eager', 'invocation_command': 'dbt ', 'use_experimental_parser': 'False', 'log_path': 'c:\\Users\\SURF\\snowflake_pilot\\olist_transform\\logs'}
[0m20:20:00.753101 [debug] [MainThread]: Sending event: {'category': 'dbt', 'action': 'project_id', 'label': 'd3694da8-d00d-4171-8cea-a97c65b60c7d', 'context': [<snowplow_tracker.self_describing_json.SelfDescribingJson object at 0x0000018E4CD86AB0>]}
[0m20:20:00.781990 [info ] [MainThread]: Warning: No packages were found in packages.yml
[0m20:20:00.781990 [info ] [MainThread]: Warning: No packages were found in packages.yml
[0m20:20:00.781990 [debug] [MainThread]: Command `cli deps` succeeded at 20:20:00.781990 after 0.33 seconds
[0m20:20:00.781990 [debug] [MainThread]: Sending event: {'category': 'dbt', 'action': 'invocation', 'label': 'end', 'context': [<snowplow_tracker.self_describing_json.SelfDescribingJson object at 0x0000018E4BAED100>, <snowplow_tracker.self_describing_json.SelfDescribingJson object at 0x0000018E4B5514C0>, <snowplow_tracker.self_describing_json.SelfDescribingJson object at 0x0000018E4B553F80>]}
[0m20:20:00.781990 [debug] [MainThread]: Flushing usage events
[0m20:20:02.854691 [debug] [MainThread]: An error was encountered while trying to flush usage events
[0m20:44:46.389395 [debug] [MainThread]: Sending event: {'category': 'dbt', 'action': 'invocation', 'label': 'start', 'context': [<snowplow_tracker.self_describing_json.SelfDescribingJson object at 0x000001BAFD960C50>, <snowplow_tracker.self_describing_json.SelfDescribingJson object at 0x000001BAF9C77650>, <snowplow_tracker.self_describing_json.SelfDescribingJson object at 0x000001BAFD44F5C0>]}


============================== 20:44:46.396853 | 1ac08762-106b-430b-a56d-c2e44305468d ==============================
[0m20:44:46.396853 [info ] [MainThread]: Running with dbt=1.11.11
[0m20:44:46.396853 [debug] [MainThread]: running dbt with arguments {'static_parser': 'True', 'no_print': 'None', 'version_check': 'True', 'target_path': 'None', 'warn_error_options': 'WarnErrorOptionsV2(error=[], warn=[], silence=[])', 'printer_width': '80', 'write_json': 'True', 'empty': 'False', 'log_cache_events': 'False', 'introspect': 'True', 'cache_selected_only': 'False', 'log_format': 'default', 'debug': 'False', 'fail_fast': 'False', 'partial_parse': 'True', 'send_anonymous_usage_stats': 'True', 'quiet': 'False', 'warn_error': 'None', 'profiles_dir': 'C:\\Users\\SURF\\.dbt', 'invocation_command': 'dbt run', 'indirect_selection': 'eager', 'use_colors': 'True', 'use_experimental_parser': 'False', 'log_path': 'C:\\Users\\SURF\\snowflake_pilot\\olist_transform\\logs'}
[0m20:44:47.128038 [debug] [MainThread]: Snowflake adapter: Setting snowflake.connector to ERROR (file logging only)
[0m20:44:47.129401 [debug] [MainThread]: Snowflake adapter: Setting botocore to ERROR (file logging only)
[0m20:44:47.129401 [debug] [MainThread]: Snowflake adapter: Setting boto3 to ERROR (file logging only)
[0m20:44:47.447473 [debug] [MainThread]: Sending event: {'category': 'dbt', 'action': 'project_id', 'label': '1ac08762-106b-430b-a56d-c2e44305468d', 'context': [<snowplow_tracker.self_describing_json.SelfDescribingJson object at 0x000001BAFED219A0>]}
[0m20:44:47.513695 [debug] [MainThread]: Sending event: {'category': 'dbt', 'action': 'adapter_info', 'label': '1ac08762-106b-430b-a56d-c2e44305468d', 'context': [<snowplow_tracker.self_describing_json.SelfDescribingJson object at 0x000001BAFCD3F410>]}
[0m20:44:47.513695 [info ] [MainThread]: Registered adapter: snowflake=1.11.5
[0m20:44:47.886993 [debug] [MainThread]: checksum: 30a8cc8fdcbf66701b0944d4ccce3fa46dd04b61e5df68b9f16d57b2e0e3f0be, vars: {}, profile: , target: , version: 1.11.11
[0m20:44:47.992715 [info ] [MainThread]: Unable to do partial parsing because config vars, config profile, or config target have changed
[0m20:44:47.993221 [debug] [MainThread]: previous checksum: 30a8cc8fdcbf66701b0944d4ccce3fa46dd04b61e5df68b9f16d57b2e0e3f0be, current checksum: b276df2e725538900e19c36eb2bf632d2152ccbe55054f2124b6d2db0feda968
[0m20:44:47.993221 [debug] [MainThread]: Sending event: {'category': 'dbt', 'action': 'partial_parser', 'label': '1ac08762-106b-430b-a56d-c2e44305468d', 'context': [<snowplow_tracker.self_describing_json.SelfDescribingJson object at 0x000001BAFD44F1A0>]}
[0m20:44:49.427249 [warn ] [MainThread]: [[33mWARNING[0m]: Configuration paths exist in your dbt_project.yml file which do not apply to any resources.
There are 1 unused configuration paths:
- models.olist_transform.example
[0m20:44:49.437383 [debug] [MainThread]: Sending event: {'category': 'dbt', 'action': 'load_project', 'label': '1ac08762-106b-430b-a56d-c2e44305468d', 'context': [<snowplow_tracker.self_describing_json.SelfDescribingJson object at 0x000001BA803825A0>]}
[0m20:44:49.540041 [debug] [MainThread]: Wrote artifact WritableManifest to C:\Users\SURF\snowflake_pilot\olist_transform\target\manifest.json
[0m20:44:49.544886 [debug] [MainThread]: Wrote artifact SemanticManifest to C:\Users\SURF\snowflake_pilot\olist_transform\target\semantic_manifest.json
[0m20:44:49.562408 [debug] [MainThread]: Sending event: {'category': 'dbt', 'action': 'resource_counts', 'label': '1ac08762-106b-430b-a56d-c2e44305468d', 'context': [<snowplow_tracker.self_describing_json.SelfDescribingJson object at 0x000001BAFFEC64E0>]}
[0m20:44:49.563405 [info ] [MainThread]: Found 3 models, 2 sources, 536 macros
[0m20:44:49.564405 [debug] [MainThread]: Sending event: {'category': 'dbt', 'action': 'runnable_timing', 'label': '1ac08762-106b-430b-a56d-c2e44305468d', 'context': [<snowplow_tracker.self_describing_json.SelfDescribingJson object at 0x000001BAFFF0B080>]}
[0m20:44:49.566255 [info ] [MainThread]: 
[0m20:44:49.567226 [info ] [MainThread]: Concurrency: 4 threads (target='dev')
[0m20:44:49.568389 [info ] [MainThread]: 
[0m20:44:49.569145 [debug] [MainThread]: Acquiring new snowflake connection 'master'
[0m20:44:49.573776 [debug] [ThreadPool]: Acquiring new snowflake connection 'list_OLIST_PROJECT'
[0m20:44:49.840975 [debug] [ThreadPool]: Using snowflake connection "list_OLIST_PROJECT"
[0m20:44:49.841981 [debug] [ThreadPool]: On list_OLIST_PROJECT: show terse schemas in database OLIST_PROJECT
    limit 10000
/* {"app": "dbt", "dbt_version": "1.11.11", "profile_name": "olist_transform", "target_name": "dev", "connection_name": "list_OLIST_PROJECT"} */
[0m20:44:49.841981 [debug] [ThreadPool]: Opening a new connection, currently in state init
[0m20:44:53.027195 [debug] [ThreadPool]: SQL status: SUCCESS 4 in 3.186 seconds
[0m20:44:53.036980 [debug] [ThreadPool]: Acquiring new snowflake connection 'list_OLIST_PROJECT_PUBLIC'
[0m20:44:53.068652 [debug] [ThreadPool]: Using snowflake connection "list_OLIST_PROJECT_PUBLIC"
[0m20:44:53.068652 [debug] [ThreadPool]: On list_OLIST_PROJECT_PUBLIC: show objects in OLIST_PROJECT.PUBLIC
    limit 10000
    

/* {"app": "dbt", "dbt_version": "1.11.11", "profile_name": "olist_transform", "target_name": "dev", "connection_name": "list_OLIST_PROJECT_PUBLIC"} */;
[0m20:44:53.068652 [debug] [ThreadPool]: Opening a new connection, currently in state init
[0m20:44:54.227367 [debug] [ThreadPool]: SQL status: SUCCESS 8 in 1.159 seconds
[0m20:44:54.241144 [debug] [MainThread]: Sending event: {'category': 'dbt', 'action': 'runnable_timing', 'label': '1ac08762-106b-430b-a56d-c2e44305468d', 'context': [<snowplow_tracker.self_describing_json.SelfDescribingJson object at 0x000001BAFA61B1A0>]}
[0m20:44:54.251211 [debug] [Thread-2 (]: Began running node model.olist_transform.stg_customers
[0m20:44:54.254965 [debug] [Thread-3 (]: Began running node model.olist_transform.stg_orders
[0m20:44:54.254965 [info ] [Thread-2 (]: 1 of 2 START sql view model PUBLIC.stg_customers ............................... [RUN]
[0m20:44:54.256995 [debug] [Thread-2 (]: Acquiring new snowflake connection 'model.olist_transform.stg_customers'
[0m20:44:54.256995 [debug] [Thread-2 (]: Began compiling node model.olist_transform.stg_customers
[0m20:44:54.256995 [info ] [Thread-3 (]: 2 of 2 START sql view model PUBLIC.stg_orders .................................. [RUN]
[0m20:44:54.263677 [debug] [Thread-3 (]: Acquiring new snowflake connection 'model.olist_transform.stg_orders'
[0m20:44:54.276111 [debug] [Thread-3 (]: Began compiling node model.olist_transform.stg_orders
[0m20:44:54.276111 [debug] [Thread-2 (]: Writing injected SQL for node "model.olist_transform.stg_customers"
[0m20:44:54.279946 [debug] [Thread-3 (]: Writing injected SQL for node "model.olist_transform.stg_orders"
[0m20:44:54.282092 [debug] [Thread-2 (]: Began executing node model.olist_transform.stg_customers
[0m20:44:54.287474 [debug] [Thread-3 (]: Began executing node model.olist_transform.stg_orders
[0m20:44:54.331530 [debug] [Thread-3 (]: Writing runtime sql for node "model.olist_transform.stg_orders"
[0m20:44:54.333242 [debug] [Thread-2 (]: Writing runtime sql for node "model.olist_transform.stg_customers"
[0m20:44:54.334993 [debug] [Thread-2 (]: Using snowflake connection "model.olist_transform.stg_customers"
[0m20:44:54.336142 [debug] [Thread-2 (]: On model.olist_transform.stg_customers: create or replace   view OLIST_PROJECT.PUBLIC.stg_customers
  
  
  
  
  as (
    select 
    customer_id,
    customer_city,
    customer_state
from OLIST_PROJECT.PUBLIC.RAW_CUSTOMERS
  )
/* {"app": "dbt", "dbt_version": "1.11.11", "profile_name": "olist_transform", "target_name": "dev", "node_id": "model.olist_transform.stg_customers"} */;
[0m20:44:54.336142 [debug] [Thread-2 (]: Opening a new connection, currently in state init
[0m20:44:54.337200 [debug] [Thread-3 (]: Using snowflake connection "model.olist_transform.stg_orders"
[0m20:44:54.337200 [debug] [Thread-3 (]: On model.olist_transform.stg_orders: create or replace   view OLIST_PROJECT.PUBLIC.stg_orders
  
  
  
  
  as (
    select 
    order_id,
    customer_id,
    order_status,
    to_timestamp_ntz(order_purchase_timestamp/1000000000) as purchase_date,
    to_timestamp_ntz(order_approved_at/1000000000) as approval_date,
    to_timestamp_ntz(order_delivered_carrier_date/1000000000) as carrier_delivered_date,
    to_timestamp_ntz(order_delivered_customer_date/1000000000) as customer_delivered_date,
    to_timestamp_ntz(order_estimated_delivery_date/1000000000) as order_estimated_delivery_date
from OLIST_PROJECT.PUBLIC.RAW_ORDERS
  )
/* {"app": "dbt", "dbt_version": "1.11.11", "profile_name": "olist_transform", "target_name": "dev", "node_id": "model.olist_transform.stg_orders"} */;
[0m20:44:54.337200 [debug] [Thread-3 (]: Opening a new connection, currently in state init
[0m20:44:55.602709 [debug] [Thread-2 (]: SQL status: SUCCESS 1 in 1.267 seconds
[0m20:44:55.642549 [debug] [Thread-3 (]: SQL status: SUCCESS 1 in 1.305 seconds
[0m20:44:55.645305 [debug] [Thread-2 (]: Sending event: {'category': 'dbt', 'action': 'run_model', 'label': '1ac08762-106b-430b-a56d-c2e44305468d', 'context': [<snowplow_tracker.self_describing_json.SelfDescribingJson object at 0x000001BAFED21E20>]}
[0m20:44:55.647873 [debug] [Thread-3 (]: Sending event: {'category': 'dbt', 'action': 'run_model', 'label': '1ac08762-106b-430b-a56d-c2e44305468d', 'context': [<snowplow_tracker.self_describing_json.SelfDescribingJson object at 0x000001BAFCD8D8E0>]}
[0m20:44:55.647311 [info ] [Thread-2 (]: 1 of 2 OK created sql view model PUBLIC.stg_customers .......................... [[32mSUCCESS 1[0m in 1.38s]
[0m20:44:55.649015 [debug] [Thread-2 (]: Finished running node model.olist_transform.stg_customers
[0m20:44:55.647873 [info ] [Thread-3 (]: 2 of 2 OK created sql view model PUBLIC.stg_orders ............................. [[32mSUCCESS 1[0m in 1.38s]
[0m20:44:55.650050 [debug] [Thread-3 (]: Finished running node model.olist_transform.stg_orders
[0m20:44:55.650050 [debug] [MainThread]: Connection 'master' was properly closed.
[0m20:44:55.650050 [debug] [MainThread]: Connection 'list_OLIST_PROJECT' was left open.
[0m20:44:55.652766 [debug] [MainThread]: On list_OLIST_PROJECT: Close
[0m20:44:56.027339 [debug] [MainThread]: Connection 'list_OLIST_PROJECT_PUBLIC' was left open.
[0m20:44:56.027339 [debug] [MainThread]: On list_OLIST_PROJECT_PUBLIC: Close
[0m20:44:56.403176 [debug] [MainThread]: Connection 'model.olist_transform.stg_customers' was left open.
[0m20:44:56.404189 [debug] [MainThread]: On model.olist_transform.stg_customers: Close
[0m20:44:56.787557 [debug] [MainThread]: Connection 'model.olist_transform.stg_orders' was left open.
[0m20:44:56.789688 [debug] [MainThread]: On model.olist_transform.stg_orders: Close
[0m20:44:57.177212 [info ] [MainThread]: 
[0m20:44:57.178363 [info ] [MainThread]: Finished running 2 view models in 0 hours 0 minutes and 7.61 seconds (7.61s).
[0m20:44:57.179560 [debug] [MainThread]: Command end result
[0m20:44:57.217417 [debug] [MainThread]: Wrote artifact WritableManifest to C:\Users\SURF\snowflake_pilot\olist_transform\target\manifest.json
[0m20:44:57.217417 [debug] [MainThread]: Wrote artifact SemanticManifest to C:\Users\SURF\snowflake_pilot\olist_transform\target\semantic_manifest.json
[0m20:44:57.233701 [debug] [MainThread]: Wrote artifact RunExecutionResult to C:\Users\SURF\snowflake_pilot\olist_transform\target\run_results.json
[0m20:44:57.233701 [info ] [MainThread]: 
[0m20:44:57.234757 [info ] [MainThread]: [32mCompleted successfully[0m
[0m20:44:57.234757 [info ] [MainThread]: 
[0m20:44:57.235777 [info ] [MainThread]: Done. PASS=2 WARN=0 ERROR=0 SKIP=0 NO-OP=0 TOTAL=2
[0m20:44:57.237320 [debug] [MainThread]: Command `dbt run` succeeded at 20:44:57.237320 after 11.04 seconds
[0m20:44:57.237320 [debug] [MainThread]: Sending event: {'category': 'dbt', 'action': 'invocation', 'label': 'end', 'context': [<snowplow_tracker.self_describing_json.SelfDescribingJson object at 0x000001BAFCE81FA0>, <snowplow_tracker.self_describing_json.SelfDescribingJson object at 0x000001BAFEC4A330>, <snowplow_tracker.self_describing_json.SelfDescribingJson object at 0x000001BA80217AD0>]}
[0m20:44:57.238357 [debug] [MainThread]: Flushing usage events
[0m20:44:59.362016 [debug] [MainThread]: An error was encountered while trying to flush usage events
[0m20:56:17.226108 [debug] [MainThread]: Sending event: {'category': 'dbt', 'action': 'invocation', 'label': 'start', 'context': [<snowplow_tracker.self_describing_json.SelfDescribingJson object at 0x000001AA033A6F90>, <snowplow_tracker.self_describing_json.SelfDescribingJson object at 0x000001AA06235520>, <snowplow_tracker.self_describing_json.SelfDescribingJson object at 0x000001AA06235490>]}


============================== 20:56:17.232844 | 07b75275-f2f2-4da9-a29c-38a6c95bc4f4 ==============================
[0m20:56:17.232844 [info ] [MainThread]: Running with dbt=1.11.11
[0m20:56:17.232844 [debug] [MainThread]: running dbt with arguments {'version_check': 'True', 'no_print': 'None', 'static_parser': 'True', 'warn_error_options': 'WarnErrorOptionsV2(error=[], warn=[], silence=[])', 'target_path': 'None', 'printer_width': '80', 'write_json': 'True', 'introspect': 'True', 'log_cache_events': 'False', 'empty': 'None', 'cache_selected_only': 'False', 'fail_fast': 'False', 'debug': 'False', 'log_format': 'default', 'partial_parse': 'True', 'send_anonymous_usage_stats': 'True', 'quiet': 'False', 'warn_error': 'None', 'profiles_dir': 'C:\\Users\\SURF\\.dbt', 'indirect_selection': 'eager', 'invocation_command': 'dbt ', 'use_colors': 'True', 'use_experimental_parser': 'False', 'log_path': 'c:\\Users\\SURF\\snowflake_pilot\\olist_transform\\logs'}
[0m20:56:17.609590 [debug] [MainThread]: Sending event: {'category': 'dbt', 'action': 'project_id', 'label': '07b75275-f2f2-4da9-a29c-38a6c95bc4f4', 'context': [<snowplow_tracker.self_describing_json.SelfDescribingJson object at 0x000001AA02A9CC20>]}
[0m20:56:17.687720 [info ] [MainThread]: Warning: No packages were found in packages.yml
[0m20:56:17.692817 [info ] [MainThread]: Warning: No packages were found in packages.yml
[0m20:56:17.697579 [debug] [MainThread]: Command `cli deps` succeeded at 20:56:17.694346 after 0.74 seconds
[0m20:56:17.697579 [debug] [MainThread]: Sending event: {'category': 'dbt', 'action': 'invocation', 'label': 'end', 'context': [<snowplow_tracker.self_describing_json.SelfDescribingJson object at 0x000001AA07B96870>, <snowplow_tracker.self_describing_json.SelfDescribingJson object at 0x000001AA06235490>, <snowplow_tracker.self_describing_json.SelfDescribingJson object at 0x000001AA06235520>]}
[0m20:56:17.697579 [debug] [MainThread]: Flushing usage events
[0m20:56:20.476594 [debug] [MainThread]: An error was encountered while trying to flush usage events
[0m20:58:21.950775 [debug] [MainThread]: Sending event: {'category': 'dbt', 'action': 'invocation', 'label': 'start', 'context': [<snowplow_tracker.self_describing_json.SelfDescribingJson object at 0x000002BAC29FD310>, <snowplow_tracker.self_describing_json.SelfDescribingJson object at 0x000002BAC29127E0>, <snowplow_tracker.self_describing_json.SelfDescribingJson object at 0x000002BAC2EC8DD0>]}


============================== 20:58:21.954791 | 329bee52-7c66-4d98-a00a-f60f6cd84e31 ==============================
[0m20:58:21.954791 [info ] [MainThread]: Running with dbt=1.11.11
[0m20:58:21.955934 [debug] [MainThread]: running dbt with arguments {'static_parser': 'True', 'no_print': 'None', 'version_check': 'True', 'target_path': 'None', 'warn_error_options': 'WarnErrorOptionsV2(error=[], warn=[], silence=[])', 'printer_width': '80', 'write_json': 'True', 'introspect': 'True', 'log_cache_events': 'False', 'empty': 'False', 'cache_selected_only': 'False', 'fail_fast': 'False', 'debug': 'False', 'log_format': 'default', 'profiles_dir': 'C:\\Users\\SURF\\.dbt', 'send_anonymous_usage_stats': 'True', 'quiet': 'False', 'warn_error': 'None', 'partial_parse': 'True', 'indirect_selection': 'eager', 'invocation_command': 'dbt run', 'use_colors': 'True', 'use_experimental_parser': 'False', 'log_path': 'C:\\Users\\SURF\\snowflake_pilot\\olist_transform\\logs'}
[0m20:58:22.294347 [debug] [MainThread]: Snowflake adapter: Setting snowflake.connector to ERROR (file logging only)
[0m20:58:22.295353 [debug] [MainThread]: Snowflake adapter: Setting botocore to ERROR (file logging only)
[0m20:58:22.295353 [debug] [MainThread]: Snowflake adapter: Setting boto3 to ERROR (file logging only)
[0m20:58:22.577055 [debug] [MainThread]: Sending event: {'category': 'dbt', 'action': 'project_id', 'label': '329bee52-7c66-4d98-a00a-f60f6cd84e31', 'context': [<snowplow_tracker.self_describing_json.SelfDescribingJson object at 0x000002BAC4CDB950>]}
[0m20:58:22.647163 [debug] [MainThread]: Sending event: {'category': 'dbt', 'action': 'adapter_info', 'label': '329bee52-7c66-4d98-a00a-f60f6cd84e31', 'context': [<snowplow_tracker.self_describing_json.SelfDescribingJson object at 0x000002BAC39A3320>]}
[0m20:58:22.647163 [info ] [MainThread]: Registered adapter: snowflake=1.11.5
[0m20:58:22.989607 [debug] [MainThread]: checksum: 30a8cc8fdcbf66701b0944d4ccce3fa46dd04b61e5df68b9f16d57b2e0e3f0be, vars: {}, profile: , target: , version: 1.11.11
[0m20:58:23.123202 [debug] [MainThread]: Partial parsing enabled: 0 files deleted, 0 files added, 0 files changed.
[0m20:58:23.124210 [debug] [MainThread]: Nothing changed, skipping partial parsing.
[0m20:58:23.124210 [debug] [MainThread]: Partial parsing enabled, no changes found, skipping parsing
[0m20:58:23.129287 [warn ] [MainThread]: [[33mWARNING[0m]: Configuration paths exist in your dbt_project.yml file which do not apply to any resources.
There are 1 unused configuration paths:
- models.olist_transform.example
[0m20:58:23.166942 [debug] [MainThread]: Sending event: {'category': 'dbt', 'action': 'load_project', 'label': '329bee52-7c66-4d98-a00a-f60f6cd84e31', 'context': [<snowplow_tracker.self_describing_json.SelfDescribingJson object at 0x000002BAC5D24C20>]}
[0m20:58:23.268789 [debug] [MainThread]: Wrote artifact WritableManifest to C:\Users\SURF\snowflake_pilot\olist_transform\target\manifest.json
[0m20:58:23.273936 [debug] [MainThread]: Wrote artifact SemanticManifest to C:\Users\SURF\snowflake_pilot\olist_transform\target\semantic_manifest.json
[0m20:58:23.288855 [debug] [MainThread]: Sending event: {'category': 'dbt', 'action': 'resource_counts', 'label': '329bee52-7c66-4d98-a00a-f60f6cd84e31', 'context': [<snowplow_tracker.self_describing_json.SelfDescribingJson object at 0x000002BAC613D400>]}
[0m20:58:23.288855 [info ] [MainThread]: Found 3 models, 2 sources, 536 macros
[0m20:58:23.291861 [debug] [MainThread]: Sending event: {'category': 'dbt', 'action': 'runnable_timing', 'label': '329bee52-7c66-4d98-a00a-f60f6cd84e31', 'context': [<snowplow_tracker.self_describing_json.SelfDescribingJson object at 0x000002BAC3515D90>]}
[0m20:58:23.293890 [info ] [MainThread]: 
[0m20:58:23.293890 [info ] [MainThread]: Concurrency: 4 threads (target='dev')
[0m20:58:23.296913 [info ] [MainThread]: 
[0m20:58:23.297574 [debug] [MainThread]: Acquiring new snowflake connection 'master'
[0m20:58:23.302632 [debug] [ThreadPool]: Acquiring new snowflake connection 'list_OLIST_PROJECT'
[0m20:58:23.407109 [debug] [ThreadPool]: Using snowflake connection "list_OLIST_PROJECT"
[0m20:58:23.407109 [debug] [ThreadPool]: On list_OLIST_PROJECT: show terse schemas in database OLIST_PROJECT
    limit 10000
/* {"app": "dbt", "dbt_version": "1.11.11", "profile_name": "olist_transform", "target_name": "dev", "connection_name": "list_OLIST_PROJECT"} */
[0m20:58:23.407109 [debug] [ThreadPool]: Opening a new connection, currently in state init
[0m20:58:26.122732 [debug] [ThreadPool]: SQL status: SUCCESS 4 in 2.714 seconds
[0m20:58:26.127271 [debug] [ThreadPool]: Acquiring new snowflake connection 'list_OLIST_PROJECT_PUBLIC'
[0m20:58:26.140930 [debug] [ThreadPool]: Using snowflake connection "list_OLIST_PROJECT_PUBLIC"
[0m20:58:26.140930 [debug] [ThreadPool]: On list_OLIST_PROJECT_PUBLIC: show objects in OLIST_PROJECT.PUBLIC
    limit 10000
    

/* {"app": "dbt", "dbt_version": "1.11.11", "profile_name": "olist_transform", "target_name": "dev", "connection_name": "list_OLIST_PROJECT_PUBLIC"} */;
[0m20:58:26.146244 [debug] [ThreadPool]: Opening a new connection, currently in state init
[0m20:58:27.310361 [debug] [ThreadPool]: SQL status: SUCCESS 8 in 1.165 seconds
[0m20:58:27.320703 [debug] [MainThread]: Sending event: {'category': 'dbt', 'action': 'runnable_timing', 'label': '329bee52-7c66-4d98-a00a-f60f6cd84e31', 'context': [<snowplow_tracker.self_describing_json.SelfDescribingJson object at 0x000002BAC0877470>]}
[0m20:58:27.336271 [debug] [Thread-2 (]: Began running node model.olist_transform.stg_customers
[0m20:58:27.337280 [debug] [Thread-3 (]: Began running node model.olist_transform.stg_orders
[0m20:58:27.337280 [info ] [Thread-2 (]: 1 of 2 START sql view model PUBLIC.stg_customers ............................... [RUN]
[0m20:58:27.337280 [info ] [Thread-3 (]: 2 of 2 START sql view model PUBLIC.stg_orders .................................. [RUN]
[0m20:58:27.339953 [debug] [Thread-2 (]: Acquiring new snowflake connection 'model.olist_transform.stg_customers'
[0m20:58:27.341565 [debug] [Thread-3 (]: Acquiring new snowflake connection 'model.olist_transform.stg_orders'
[0m20:58:27.341565 [debug] [Thread-2 (]: Began compiling node model.olist_transform.stg_customers
[0m20:58:27.341565 [debug] [Thread-3 (]: Began compiling node model.olist_transform.stg_orders
[0m20:58:27.355452 [debug] [Thread-2 (]: Writing injected SQL for node "model.olist_transform.stg_customers"
[0m20:58:27.357501 [debug] [Thread-3 (]: Writing injected SQL for node "model.olist_transform.stg_orders"
[0m20:58:27.360026 [debug] [Thread-2 (]: Began executing node model.olist_transform.stg_customers
[0m20:58:27.360026 [debug] [Thread-3 (]: Began executing node model.olist_transform.stg_orders
[0m20:58:27.395284 [debug] [Thread-2 (]: Writing runtime sql for node "model.olist_transform.stg_customers"
[0m20:58:27.397752 [debug] [Thread-3 (]: Writing runtime sql for node "model.olist_transform.stg_orders"
[0m20:58:27.400994 [debug] [Thread-2 (]: Using snowflake connection "model.olist_transform.stg_customers"
[0m20:58:27.400994 [debug] [Thread-2 (]: On model.olist_transform.stg_customers: create or replace   view OLIST_PROJECT.PUBLIC.stg_customers
  
  
  
  
  as (
    select 
    customer_id,
    customer_city,
    customer_state
from OLIST_PROJECT.PUBLIC.RAW_CUSTOMERS
  )
/* {"app": "dbt", "dbt_version": "1.11.11", "profile_name": "olist_transform", "target_name": "dev", "node_id": "model.olist_transform.stg_customers"} */;
[0m20:58:27.402481 [debug] [Thread-2 (]: Opening a new connection, currently in state init
[0m20:58:27.402481 [debug] [Thread-3 (]: Using snowflake connection "model.olist_transform.stg_orders"
[0m20:58:27.402481 [debug] [Thread-3 (]: On model.olist_transform.stg_orders: create or replace   view OLIST_PROJECT.PUBLIC.stg_orders
  
  
  
  
  as (
    select 
    order_id,
    customer_id,
    order_status,
    to_timestamp_ntz(order_purchase_timestamp/1000000000) as purchase_date,
    to_timestamp_ntz(order_approved_at/1000000000) as approval_date,
    to_timestamp_ntz(order_delivered_carrier_date/1000000000) as carrier_delivered_date,
    to_timestamp_ntz(order_delivered_customer_date/1000000000) as customer_delivered_date,
    to_timestamp_ntz(order_estimated_delivery_date/1000000000) as estimated_delivery_date
from OLIST_PROJECT.PUBLIC.RAW_ORDERS
  )
/* {"app": "dbt", "dbt_version": "1.11.11", "profile_name": "olist_transform", "target_name": "dev", "node_id": "model.olist_transform.stg_orders"} */;
[0m20:58:27.402481 [debug] [Thread-3 (]: Opening a new connection, currently in state init
[0m20:58:28.370442 [debug] [Thread-2 (]: SQL status: SUCCESS 1 in 0.971 seconds
[0m20:58:28.419629 [debug] [Thread-2 (]: Sending event: {'category': 'dbt', 'action': 'run_model', 'label': '329bee52-7c66-4d98-a00a-f60f6cd84e31', 'context': [<snowplow_tracker.self_describing_json.SelfDescribingJson object at 0x000002BAC2E1D4F0>]}
[0m20:58:28.420635 [info ] [Thread-2 (]: 1 of 2 OK created sql view model PUBLIC.stg_customers .......................... [[32mSUCCESS 1[0m in 1.08s]
[0m20:58:28.420977 [debug] [Thread-2 (]: Finished running node model.olist_transform.stg_customers
[0m20:58:28.522616 [debug] [Thread-3 (]: SQL status: SUCCESS 1 in 1.118 seconds
[0m20:58:28.528427 [debug] [Thread-3 (]: Sending event: {'category': 'dbt', 'action': 'run_model', 'label': '329bee52-7c66-4d98-a00a-f60f6cd84e31', 'context': [<snowplow_tracker.self_describing_json.SelfDescribingJson object at 0x000002BAC68C1280>]}
[0m20:58:28.529473 [info ] [Thread-3 (]: 2 of 2 OK created sql view model PUBLIC.stg_orders ............................. [[32mSUCCESS 1[0m in 1.19s]
[0m20:58:28.531426 [debug] [Thread-3 (]: Finished running node model.olist_transform.stg_orders
[0m20:58:28.534435 [debug] [MainThread]: Connection 'master' was properly closed.
[0m20:58:28.535693 [debug] [MainThread]: Connection 'list_OLIST_PROJECT' was left open.
[0m20:58:28.535693 [debug] [MainThread]: On list_OLIST_PROJECT: Close
[0m20:58:28.884902 [debug] [MainThread]: Connection 'list_OLIST_PROJECT_PUBLIC' was left open.
[0m20:58:28.887493 [debug] [MainThread]: On list_OLIST_PROJECT_PUBLIC: Close
[0m20:58:29.242915 [debug] [MainThread]: Connection 'model.olist_transform.stg_customers' was left open.
[0m20:58:29.242915 [debug] [MainThread]: On model.olist_transform.stg_customers: Close
[0m20:58:29.603400 [debug] [MainThread]: Connection 'model.olist_transform.stg_orders' was left open.
[0m20:58:29.605816 [debug] [MainThread]: On model.olist_transform.stg_orders: Close
[0m20:58:29.959654 [info ] [MainThread]: 
[0m20:58:29.961482 [info ] [MainThread]: Finished running 2 view models in 0 hours 0 minutes and 6.66 seconds (6.66s).
[0m20:58:29.965553 [debug] [MainThread]: Command end result
[0m20:58:30.010099 [debug] [MainThread]: Wrote artifact WritableManifest to C:\Users\SURF\snowflake_pilot\olist_transform\target\manifest.json
[0m20:58:30.013446 [debug] [MainThread]: Wrote artifact SemanticManifest to C:\Users\SURF\snowflake_pilot\olist_transform\target\semantic_manifest.json
[0m20:58:30.024526 [debug] [MainThread]: Wrote artifact RunExecutionResult to C:\Users\SURF\snowflake_pilot\olist_transform\target\run_results.json
[0m20:58:30.025182 [info ] [MainThread]: 
[0m20:58:30.026182 [info ] [MainThread]: [32mCompleted successfully[0m
[0m20:58:30.026182 [info ] [MainThread]: 
[0m20:58:30.027281 [info ] [MainThread]: Done. PASS=2 WARN=0 ERROR=0 SKIP=0 NO-OP=0 TOTAL=2
[0m20:58:30.028295 [debug] [MainThread]: Command `dbt run` succeeded at 20:58:30.028295 after 8.22 seconds
[0m20:58:30.029302 [debug] [MainThread]: Sending event: {'category': 'dbt', 'action': 'invocation', 'label': 'end', 'context': [<snowplow_tracker.self_describing_json.SelfDescribingJson object at 0x000002BABFDAE9F0>, <snowplow_tracker.self_describing_json.SelfDescribingJson object at 0x000002BAC5A8D100>, <snowplow_tracker.self_describing_json.SelfDescribingJson object at 0x000002BAC4CDA0C0>]}
[0m20:58:30.029302 [debug] [MainThread]: Flushing usage events
[0m20:58:31.857574 [debug] [MainThread]: An error was encountered while trying to flush usage events
[0m21:06:46.478304 [debug] [MainThread]: Sending event: {'category': 'dbt', 'action': 'invocation', 'label': 'start', 'context': [<snowplow_tracker.self_describing_json.SelfDescribingJson object at 0x0000024D63ECA4B0>, <snowplow_tracker.self_describing_json.SelfDescribingJson object at 0x0000024D666469F0>, <snowplow_tracker.self_describing_json.SelfDescribingJson object at 0x0000024D66CDF680>]}


============================== 21:06:46.486150 | 2f2c4698-fc74-41fc-8679-f551ed2e2f8a ==============================
[0m21:06:46.486150 [info ] [MainThread]: Running with dbt=1.11.11
[0m21:06:46.486150 [debug] [MainThread]: running dbt with arguments {'version_check': 'True', 'no_print': 'None', 'static_parser': 'True', 'target_path': 'None', 'warn_error_options': 'WarnErrorOptionsV2(error=[], warn=[], silence=[])', 'printer_width': '80', 'write_json': 'True', 'empty': 'False', 'log_cache_events': 'False', 'introspect': 'True', 'cache_selected_only': 'False', 'fail_fast': 'False', 'debug': 'False', 'log_format': 'default', 'partial_parse': 'True', 'send_anonymous_usage_stats': 'True', 'quiet': 'False', 'warn_error': 'None', 'profiles_dir': 'C:\\Users\\SURF\\.dbt', 'invocation_command': 'dbt run', 'indirect_selection': 'eager', 'use_colors': 'True', 'use_experimental_parser': 'False', 'log_path': 'C:\\Users\\SURF\\snowflake_pilot\\olist_transform\\logs'}
[0m21:06:47.047321 [debug] [MainThread]: Snowflake adapter: Setting snowflake.connector to ERROR (file logging only)
[0m21:06:47.050657 [debug] [MainThread]: Snowflake adapter: Setting botocore to ERROR (file logging only)
[0m21:06:47.050657 [debug] [MainThread]: Snowflake adapter: Setting boto3 to ERROR (file logging only)
[0m21:06:47.356456 [debug] [MainThread]: Sending event: {'category': 'dbt', 'action': 'project_id', 'label': '2f2c4698-fc74-41fc-8679-f551ed2e2f8a', 'context': [<snowplow_tracker.self_describing_json.SelfDescribingJson object at 0x0000024D63FB3830>]}
[0m21:06:47.427254 [debug] [MainThread]: Sending event: {'category': 'dbt', 'action': 'adapter_info', 'label': '2f2c4698-fc74-41fc-8679-f551ed2e2f8a', 'context': [<snowplow_tracker.self_describing_json.SelfDescribingJson object at 0x0000024D6881E5A0>]}
[0m21:06:47.427254 [info ] [MainThread]: Registered adapter: snowflake=1.11.5
[0m21:06:47.768059 [debug] [MainThread]: checksum: 30a8cc8fdcbf66701b0944d4ccce3fa46dd04b61e5df68b9f16d57b2e0e3f0be, vars: {}, profile: , target: , version: 1.11.11
[0m21:06:47.908778 [debug] [MainThread]: Partial parsing enabled: 0 files deleted, 0 files added, 0 files changed.
[0m21:06:47.908778 [debug] [MainThread]: Nothing changed, skipping partial parsing.
[0m21:06:47.908778 [debug] [MainThread]: Partial parsing enabled, no changes found, skipping parsing
[0m21:06:47.911824 [warn ] [MainThread]: [[33mWARNING[0m]: Configuration paths exist in your dbt_project.yml file which do not apply to any resources.
There are 1 unused configuration paths:
- models.olist_transform.example
[0m21:06:47.946293 [debug] [MainThread]: Sending event: {'category': 'dbt', 'action': 'load_project', 'label': '2f2c4698-fc74-41fc-8679-f551ed2e2f8a', 'context': [<snowplow_tracker.self_describing_json.SelfDescribingJson object at 0x0000024D6955BD40>]}
[0m21:06:48.031990 [debug] [MainThread]: Wrote artifact WritableManifest to C:\Users\SURF\snowflake_pilot\olist_transform\target\manifest.json
[0m21:06:48.039827 [debug] [MainThread]: Wrote artifact SemanticManifest to C:\Users\SURF\snowflake_pilot\olist_transform\target\semantic_manifest.json
[0m21:06:48.054211 [debug] [MainThread]: Sending event: {'category': 'dbt', 'action': 'resource_counts', 'label': '2f2c4698-fc74-41fc-8679-f551ed2e2f8a', 'context': [<snowplow_tracker.self_describing_json.SelfDescribingJson object at 0x0000024D6974DB50>]}
[0m21:06:48.054211 [info ] [MainThread]: Found 3 models, 2 sources, 536 macros
[0m21:06:48.054211 [debug] [MainThread]: Sending event: {'category': 'dbt', 'action': 'runnable_timing', 'label': '2f2c4698-fc74-41fc-8679-f551ed2e2f8a', 'context': [<snowplow_tracker.self_describing_json.SelfDescribingJson object at 0x0000024D6995E030>]}
[0m21:06:48.057954 [info ] [MainThread]: 
[0m21:06:48.057954 [info ] [MainThread]: Concurrency: 4 threads (target='dev')
[0m21:06:48.057954 [info ] [MainThread]: 
[0m21:06:48.059708 [debug] [MainThread]: Acquiring new snowflake connection 'master'
[0m21:06:48.065123 [debug] [ThreadPool]: Acquiring new snowflake connection 'list_OLIST_PROJECT'
[0m21:06:48.161951 [debug] [ThreadPool]: Using snowflake connection "list_OLIST_PROJECT"
[0m21:06:48.163705 [debug] [ThreadPool]: On list_OLIST_PROJECT: show terse schemas in database OLIST_PROJECT
    limit 10000
/* {"app": "dbt", "dbt_version": "1.11.11", "profile_name": "olist_transform", "target_name": "dev", "connection_name": "list_OLIST_PROJECT"} */
[0m21:06:48.163705 [debug] [ThreadPool]: Opening a new connection, currently in state init
[0m21:06:50.440368 [debug] [ThreadPool]: SQL status: SUCCESS 4 in 2.277 seconds
[0m21:06:50.446692 [debug] [ThreadPool]: Acquiring new snowflake connection 'list_OLIST_PROJECT_PUBLIC'
[0m21:06:50.466367 [debug] [ThreadPool]: Using snowflake connection "list_OLIST_PROJECT_PUBLIC"
[0m21:06:50.466367 [debug] [ThreadPool]: On list_OLIST_PROJECT_PUBLIC: show objects in OLIST_PROJECT.PUBLIC
    limit 10000
    

/* {"app": "dbt", "dbt_version": "1.11.11", "profile_name": "olist_transform", "target_name": "dev", "connection_name": "list_OLIST_PROJECT_PUBLIC"} */;
[0m21:06:50.466367 [debug] [ThreadPool]: Opening a new connection, currently in state init
[0m21:06:51.577514 [debug] [ThreadPool]: SQL status: SUCCESS 8 in 1.109 seconds
[0m21:06:51.584553 [debug] [MainThread]: Sending event: {'category': 'dbt', 'action': 'runnable_timing', 'label': '2f2c4698-fc74-41fc-8679-f551ed2e2f8a', 'context': [<snowplow_tracker.self_describing_json.SelfDescribingJson object at 0x0000024D6408F1D0>]}
[0m21:06:51.592666 [debug] [Thread-2 (]: Began running node model.olist_transform.stg_customers
[0m21:06:51.592666 [debug] [Thread-3 (]: Began running node model.olist_transform.stg_orders
[0m21:06:51.592666 [info ] [Thread-2 (]: 1 of 3 START sql view model PUBLIC.stg_customers ............................... [RUN]
[0m21:06:51.596181 [debug] [Thread-2 (]: Acquiring new snowflake connection 'model.olist_transform.stg_customers'
[0m21:06:51.596181 [debug] [Thread-2 (]: Began compiling node model.olist_transform.stg_customers
[0m21:06:51.606546 [debug] [Thread-2 (]: Writing injected SQL for node "model.olist_transform.stg_customers"
[0m21:06:51.592666 [info ] [Thread-3 (]: 2 of 3 START sql view model PUBLIC.stg_orders .................................. [RUN]
[0m21:06:51.608298 [debug] [Thread-3 (]: Acquiring new snowflake connection 'model.olist_transform.stg_orders'
[0m21:06:51.608298 [debug] [Thread-3 (]: Began compiling node model.olist_transform.stg_orders
[0m21:06:51.608298 [debug] [Thread-3 (]: Writing injected SQL for node "model.olist_transform.stg_orders"
[0m21:06:51.613772 [debug] [Thread-3 (]: Began executing node model.olist_transform.stg_orders
[0m21:06:51.615710 [debug] [Thread-2 (]: Began executing node model.olist_transform.stg_customers
[0m21:06:51.669023 [debug] [Thread-3 (]: Writing runtime sql for node "model.olist_transform.stg_orders"
[0m21:06:51.674195 [debug] [Thread-2 (]: Writing runtime sql for node "model.olist_transform.stg_customers"
[0m21:06:51.677469 [debug] [Thread-2 (]: Using snowflake connection "model.olist_transform.stg_customers"
[0m21:06:51.679227 [debug] [Thread-3 (]: Using snowflake connection "model.olist_transform.stg_orders"
[0m21:06:51.679227 [debug] [Thread-2 (]: On model.olist_transform.stg_customers: create or replace   view OLIST_PROJECT.PUBLIC.stg_customers
  
  
  
  
  as (
    select 
    customer_id,
    customer_city,
    customer_state
from OLIST_PROJECT.PUBLIC.RAW_CUSTOMERS
  )
/* {"app": "dbt", "dbt_version": "1.11.11", "profile_name": "olist_transform", "target_name": "dev", "node_id": "model.olist_transform.stg_customers"} */;
[0m21:06:51.679227 [debug] [Thread-3 (]: On model.olist_transform.stg_orders: create or replace   view OLIST_PROJECT.PUBLIC.stg_orders
  
  
  
  
  as (
    select 
    order_id,
    customer_id,
    order_status,
    to_timestamp_ntz(order_purchase_timestamp/1000000000) as purchase_date,
    to_timestamp_ntz(order_approved_at/1000000000) as approval_date,
    to_timestamp_ntz(order_delivered_carrier_date/1000000000) as carrier_delivered_date,
    to_timestamp_ntz(order_delivered_customer_date/1000000000) as customer_delivered_date,
    to_timestamp_ntz(order_estimated_delivery_date/1000000000) as estimated_delivery_date
from OLIST_PROJECT.PUBLIC.RAW_ORDERS
  )
/* {"app": "dbt", "dbt_version": "1.11.11", "profile_name": "olist_transform", "target_name": "dev", "node_id": "model.olist_transform.stg_orders"} */;
[0m21:06:51.679227 [debug] [Thread-2 (]: Opening a new connection, currently in state init
[0m21:06:51.679227 [debug] [Thread-3 (]: Opening a new connection, currently in state init
[0m21:06:52.984908 [debug] [Thread-3 (]: SQL status: SUCCESS 1 in 1.303 seconds
[0m21:06:53.030511 [debug] [Thread-2 (]: SQL status: SUCCESS 1 in 1.350 seconds
[0m21:06:53.034473 [debug] [Thread-3 (]: Sending event: {'category': 'dbt', 'action': 'run_model', 'label': '2f2c4698-fc74-41fc-8679-f551ed2e2f8a', 'context': [<snowplow_tracker.self_describing_json.SelfDescribingJson object at 0x0000024D685C1EB0>]}
[0m21:06:53.035436 [debug] [Thread-2 (]: Sending event: {'category': 'dbt', 'action': 'run_model', 'label': '2f2c4698-fc74-41fc-8679-f551ed2e2f8a', 'context': [<snowplow_tracker.self_describing_json.SelfDescribingJson object at 0x0000024D6A147380>]}
[0m21:06:53.035436 [info ] [Thread-3 (]: 2 of 3 OK created sql view model PUBLIC.stg_orders ............................. [[32mSUCCESS 1[0m in 1.42s]
[0m21:06:53.037451 [debug] [Thread-3 (]: Finished running node model.olist_transform.stg_orders
[0m21:06:53.036441 [info ] [Thread-2 (]: 1 of 3 OK created sql view model PUBLIC.stg_customers .......................... [[32mSUCCESS 1[0m in 1.44s]
[0m21:06:53.038450 [debug] [Thread-5 (]: Began running node model.olist_transform.fct_order_delivery_performance
[0m21:06:53.039936 [debug] [Thread-2 (]: Finished running node model.olist_transform.stg_customers
[0m21:06:53.040661 [info ] [Thread-5 (]: 3 of 3 START sql view model PUBLIC.fct_order_delivery_performance .............. [RUN]
[0m21:06:53.041825 [debug] [Thread-5 (]: Acquiring new snowflake connection 'model.olist_transform.fct_order_delivery_performance'
[0m21:06:53.042230 [debug] [Thread-5 (]: Began compiling node model.olist_transform.fct_order_delivery_performance
[0m21:06:53.045331 [debug] [Thread-5 (]: Writing injected SQL for node "model.olist_transform.fct_order_delivery_performance"
[0m21:06:53.046342 [debug] [Thread-5 (]: Began executing node model.olist_transform.fct_order_delivery_performance
[0m21:06:53.051399 [debug] [Thread-5 (]: Writing runtime sql for node "model.olist_transform.fct_order_delivery_performance"
[0m21:06:53.053383 [debug] [Thread-5 (]: Using snowflake connection "model.olist_transform.fct_order_delivery_performance"
[0m21:06:53.054688 [debug] [Thread-5 (]: On model.olist_transform.fct_order_delivery_performance: create or replace   view OLIST_PROJECT.PUBLIC.fct_order_delivery_performance
  
  
  
  
  as (
    select 
    *,
    timediff(purchase_date, estimated_delivery_date) as actual_delivery_time
from OLIST_PROJECT.PUBLIC.stg_orders
  )
/* {"app": "dbt", "dbt_version": "1.11.11", "profile_name": "olist_transform", "target_name": "dev", "node_id": "model.olist_transform.fct_order_delivery_performance"} */;
[0m21:06:53.054688 [debug] [Thread-5 (]: Opening a new connection, currently in state init
[0m21:06:54.030338 [debug] [Thread-5 (]: Snowflake adapter: Snowflake query id: 01c4c3d7-0002-4776-0001-a3c6000857de
[0m21:06:54.032812 [debug] [Thread-5 (]: Snowflake adapter: Snowflake error: 000938 (22023): SQL compilation error: error line 9 at position 4
not enough arguments for function [TIMEDIFF('PURCHASE_DATE', STG_ORDERS.ESTIMATED_DELIVERY_DATE)], expected 3, got 2
[0m21:06:54.072637 [debug] [Thread-5 (]: Database Error in model fct_order_delivery_performance (models\marts\fct_order_delivery_performance.sql)
  000938 (22023): SQL compilation error: error line 9 at position 4
  not enough arguments for function [TIMEDIFF('PURCHASE_DATE', STG_ORDERS.ESTIMATED_DELIVERY_DATE)], expected 3, got 2
  compiled code at target\run\olist_transform\models\marts\fct_order_delivery_performance.sql
[0m21:06:54.072637 [debug] [Thread-5 (]: Sending event: {'category': 'dbt', 'action': 'run_model', 'label': '2f2c4698-fc74-41fc-8679-f551ed2e2f8a', 'context': [<snowplow_tracker.self_describing_json.SelfDescribingJson object at 0x0000024D6B2E3EF0>]}
[0m21:06:54.072637 [error] [Thread-5 (]: 3 of 3 ERROR creating sql view model PUBLIC.fct_order_delivery_performance ..... [[31mERROR[0m in 1.03s]
[0m21:06:54.072637 [debug] [Thread-5 (]: Finished running node model.olist_transform.fct_order_delivery_performance
[0m21:06:54.072637 [debug] [Thread-8 (]: Marking all children of 'model.olist_transform.fct_order_delivery_performance' to be skipped because of status 'error'.  Reason: Database Error in model fct_order_delivery_performance (models\marts\fct_order_delivery_performance.sql)
  000938 (22023): SQL compilation error: error line 9 at position 4
  not enough arguments for function [TIMEDIFF('PURCHASE_DATE', STG_ORDERS.ESTIMATED_DELIVERY_DATE)], expected 3, got 2
  compiled code at target\run\olist_transform\models\marts\fct_order_delivery_performance.sql.
[0m21:06:54.078299 [debug] [MainThread]: Connection 'master' was properly closed.
[0m21:06:54.078299 [debug] [MainThread]: Connection 'list_OLIST_PROJECT' was left open.
[0m21:06:54.078299 [debug] [MainThread]: On list_OLIST_PROJECT: Close
[0m21:06:54.448825 [debug] [MainThread]: Connection 'list_OLIST_PROJECT_PUBLIC' was left open.
[0m21:06:54.448825 [debug] [MainThread]: On list_OLIST_PROJECT_PUBLIC: Close
[0m21:06:54.838844 [debug] [MainThread]: Connection 'model.olist_transform.stg_customers' was left open.
[0m21:06:54.844378 [debug] [MainThread]: On model.olist_transform.stg_customers: Close
[0m21:06:55.236618 [debug] [MainThread]: Connection 'model.olist_transform.stg_orders' was left open.
[0m21:06:55.236618 [debug] [MainThread]: On model.olist_transform.stg_orders: Close
[0m21:06:55.586265 [debug] [MainThread]: Connection 'model.olist_transform.fct_order_delivery_performance' was left open.
[0m21:06:55.587451 [debug] [MainThread]: On model.olist_transform.fct_order_delivery_performance: Close
[0m21:06:55.918010 [info ] [MainThread]: 
[0m21:06:55.919790 [info ] [MainThread]: Finished running 3 view models in 0 hours 0 minutes and 7.86 seconds (7.86s).
[0m21:06:55.920923 [debug] [MainThread]: Command end result
[0m21:06:55.961676 [debug] [MainThread]: Wrote artifact WritableManifest to C:\Users\SURF\snowflake_pilot\olist_transform\target\manifest.json
[0m21:06:55.969620 [debug] [MainThread]: Wrote artifact SemanticManifest to C:\Users\SURF\snowflake_pilot\olist_transform\target\semantic_manifest.json
[0m21:06:55.976428 [debug] [MainThread]: Wrote artifact RunExecutionResult to C:\Users\SURF\snowflake_pilot\olist_transform\target\run_results.json
[0m21:06:55.979284 [info ] [MainThread]: 
[0m21:06:55.979284 [info ] [MainThread]: [31mCompleted with 1 error, 0 partial successes, and 0 warnings:[0m
[0m21:06:55.981195 [info ] [MainThread]: 
[0m21:06:55.981710 [error] [MainThread]: [31mFailure in model fct_order_delivery_performance (models\marts\fct_order_delivery_performance.sql)[0m
[0m21:06:55.981710 [error] [MainThread]:   Database Error in model fct_order_delivery_performance (models\marts\fct_order_delivery_performance.sql)
  000938 (22023): SQL compilation error: error line 9 at position 4
  not enough arguments for function [TIMEDIFF('PURCHASE_DATE', STG_ORDERS.ESTIMATED_DELIVERY_DATE)], expected 3, got 2
  compiled code at target\run\olist_transform\models\marts\fct_order_delivery_performance.sql
[0m21:06:55.986536 [info ] [MainThread]: 
[0m21:06:55.988906 [info ] [MainThread]:   compiled code at target\compiled\olist_transform\models\marts\fct_order_delivery_performance.sql
[0m21:06:55.988906 [info ] [MainThread]: 
[0m21:06:55.989928 [info ] [MainThread]: Done. PASS=2 WARN=0 ERROR=1 SKIP=0 NO-OP=0 TOTAL=3
[0m21:06:55.990927 [debug] [MainThread]: Command `dbt run` failed at 21:06:55.990927 after 9.67 seconds
[0m21:06:55.990927 [debug] [MainThread]: Sending event: {'category': 'dbt', 'action': 'invocation', 'label': 'end', 'context': [<snowplow_tracker.self_describing_json.SelfDescribingJson object at 0x0000024D66E06720>, <snowplow_tracker.self_describing_json.SelfDescribingJson object at 0x0000024D6853CDD0>, <snowplow_tracker.self_describing_json.SelfDescribingJson object at 0x0000024D635CE630>]}
[0m21:06:55.991962 [debug] [MainThread]: Flushing usage events
[0m21:06:57.941977 [debug] [MainThread]: An error was encountered while trying to flush usage events
[0m21:11:04.155962 [debug] [MainThread]: Sending event: {'category': 'dbt', 'action': 'invocation', 'label': 'start', 'context': [<snowplow_tracker.self_describing_json.SelfDescribingJson object at 0x000002574EA0D400>, <snowplow_tracker.self_describing_json.SelfDescribingJson object at 0x000002574F526C30>, <snowplow_tracker.self_describing_json.SelfDescribingJson object at 0x000002574BE1E930>]}


============================== 21:11:04.158003 | 7ed7cb8c-c6a8-456b-ba3f-a6a8d04fad4f ==============================
[0m21:11:04.158003 [info ] [MainThread]: Running with dbt=1.11.11
[0m21:11:04.158003 [debug] [MainThread]: running dbt with arguments {'static_parser': 'True', 'no_print': 'None', 'version_check': 'True', 'target_path': 'None', 'warn_error_options': 'WarnErrorOptionsV2(error=[], warn=[], silence=[])', 'printer_width': '80', 'write_json': 'True', 'empty': 'False', 'log_cache_events': 'False', 'introspect': 'True', 'cache_selected_only': 'False', 'log_format': 'default', 'debug': 'False', 'fail_fast': 'False', 'profiles_dir': 'C:\\Users\\SURF\\.dbt', 'send_anonymous_usage_stats': 'True', 'quiet': 'False', 'warn_error': 'None', 'partial_parse': 'True', 'indirect_selection': 'eager', 'invocation_command': 'dbt run', 'use_colors': 'True', 'use_experimental_parser': 'False', 'log_path': 'C:\\Users\\SURF\\snowflake_pilot\\olist_transform\\logs'}
[0m21:11:04.458032 [debug] [MainThread]: Snowflake adapter: Setting snowflake.connector to ERROR (file logging only)
[0m21:11:04.458032 [debug] [MainThread]: Snowflake adapter: Setting botocore to ERROR (file logging only)
[0m21:11:04.458032 [debug] [MainThread]: Snowflake adapter: Setting boto3 to ERROR (file logging only)
[0m21:11:04.749211 [debug] [MainThread]: Sending event: {'category': 'dbt', 'action': 'project_id', 'label': '7ed7cb8c-c6a8-456b-ba3f-a6a8d04fad4f', 'context': [<snowplow_tracker.self_describing_json.SelfDescribingJson object at 0x0000025751C95AF0>]}
[0m21:11:04.815896 [debug] [MainThread]: Sending event: {'category': 'dbt', 'action': 'adapter_info', 'label': '7ed7cb8c-c6a8-456b-ba3f-a6a8d04fad4f', 'context': [<snowplow_tracker.self_describing_json.SelfDescribingJson object at 0x000002575192D010>]}
[0m21:11:04.815896 [info ] [MainThread]: Registered adapter: snowflake=1.11.5
[0m21:11:05.109495 [debug] [MainThread]: checksum: 30a8cc8fdcbf66701b0944d4ccce3fa46dd04b61e5df68b9f16d57b2e0e3f0be, vars: {}, profile: , target: , version: 1.11.11
[0m21:11:05.238103 [debug] [MainThread]: Partial parsing enabled: 0 files deleted, 0 files added, 0 files changed.
[0m21:11:05.238103 [debug] [MainThread]: Nothing changed, skipping partial parsing.
[0m21:11:05.238103 [debug] [MainThread]: Partial parsing enabled, no changes found, skipping parsing
[0m21:11:05.244139 [warn ] [MainThread]: [[33mWARNING[0m]: Configuration paths exist in your dbt_project.yml file which do not apply to any resources.
There are 1 unused configuration paths:
- models.olist_transform.example
[0m21:11:05.272170 [debug] [MainThread]: Sending event: {'category': 'dbt', 'action': 'load_project', 'label': '7ed7cb8c-c6a8-456b-ba3f-a6a8d04fad4f', 'context': [<snowplow_tracker.self_describing_json.SelfDescribingJson object at 0x0000025751D5A030>]}
[0m21:11:05.353488 [debug] [MainThread]: Wrote artifact WritableManifest to C:\Users\SURF\snowflake_pilot\olist_transform\target\manifest.json
[0m21:11:05.362002 [debug] [MainThread]: Wrote artifact SemanticManifest to C:\Users\SURF\snowflake_pilot\olist_transform\target\semantic_manifest.json
[0m21:11:05.370157 [debug] [MainThread]: Sending event: {'category': 'dbt', 'action': 'resource_counts', 'label': '7ed7cb8c-c6a8-456b-ba3f-a6a8d04fad4f', 'context': [<snowplow_tracker.self_describing_json.SelfDescribingJson object at 0x0000025751F4D910>]}
[0m21:11:05.370157 [info ] [MainThread]: Found 3 models, 2 sources, 536 macros
[0m21:11:05.373511 [debug] [MainThread]: Sending event: {'category': 'dbt', 'action': 'runnable_timing', 'label': '7ed7cb8c-c6a8-456b-ba3f-a6a8d04fad4f', 'context': [<snowplow_tracker.self_describing_json.SelfDescribingJson object at 0x000002575215D430>]}
[0m21:11:05.374742 [info ] [MainThread]: 
[0m21:11:05.374742 [info ] [MainThread]: Concurrency: 4 threads (target='dev')
[0m21:11:05.374742 [info ] [MainThread]: 
[0m21:11:05.374742 [debug] [MainThread]: Acquiring new snowflake connection 'master'
[0m21:11:05.382710 [debug] [ThreadPool]: Acquiring new snowflake connection 'list_OLIST_PROJECT'
[0m21:11:05.465688 [debug] [ThreadPool]: Using snowflake connection "list_OLIST_PROJECT"
[0m21:11:05.468465 [debug] [ThreadPool]: On list_OLIST_PROJECT: show terse schemas in database OLIST_PROJECT
    limit 10000
/* {"app": "dbt", "dbt_version": "1.11.11", "profile_name": "olist_transform", "target_name": "dev", "connection_name": "list_OLIST_PROJECT"} */
[0m21:11:05.468465 [debug] [ThreadPool]: Opening a new connection, currently in state init
[0m21:11:07.448473 [debug] [ThreadPool]: SQL status: SUCCESS 4 in 1.980 seconds
[0m21:11:07.458834 [debug] [ThreadPool]: Acquiring new snowflake connection 'list_OLIST_PROJECT_PUBLIC'
[0m21:11:07.491599 [debug] [ThreadPool]: Using snowflake connection "list_OLIST_PROJECT_PUBLIC"
[0m21:11:07.491599 [debug] [ThreadPool]: On list_OLIST_PROJECT_PUBLIC: show objects in OLIST_PROJECT.PUBLIC
    limit 10000
    

/* {"app": "dbt", "dbt_version": "1.11.11", "profile_name": "olist_transform", "target_name": "dev", "connection_name": "list_OLIST_PROJECT_PUBLIC"} */;
[0m21:11:07.491599 [debug] [ThreadPool]: Opening a new connection, currently in state init
[0m21:11:08.922153 [debug] [ThreadPool]: SQL status: SUCCESS 8 in 1.428 seconds
[0m21:11:08.932905 [debug] [MainThread]: Sending event: {'category': 'dbt', 'action': 'runnable_timing', 'label': '7ed7cb8c-c6a8-456b-ba3f-a6a8d04fad4f', 'context': [<snowplow_tracker.self_describing_json.SelfDescribingJson object at 0x000002574C8D74A0>]}
[0m21:11:08.948545 [debug] [Thread-2 (]: Began running node model.olist_transform.stg_customers
[0m21:11:08.953707 [debug] [Thread-3 (]: Began running node model.olist_transform.stg_orders
[0m21:11:08.953707 [info ] [Thread-2 (]: 1 of 3 START sql view model PUBLIC.stg_customers ............................... [RUN]
[0m21:11:08.953707 [info ] [Thread-3 (]: 2 of 3 START sql view model PUBLIC.stg_orders .................................. [RUN]
[0m21:11:08.958744 [debug] [Thread-2 (]: Acquiring new snowflake connection 'model.olist_transform.stg_customers'
[0m21:11:08.958744 [debug] [Thread-3 (]: Acquiring new snowflake connection 'model.olist_transform.stg_orders'
[0m21:11:08.958744 [debug] [Thread-2 (]: Began compiling node model.olist_transform.stg_customers
[0m21:11:08.958744 [debug] [Thread-3 (]: Began compiling node model.olist_transform.stg_orders
[0m21:11:08.977144 [debug] [Thread-2 (]: Writing injected SQL for node "model.olist_transform.stg_customers"
[0m21:11:08.981682 [debug] [Thread-3 (]: Writing injected SQL for node "model.olist_transform.stg_orders"
[0m21:11:08.984903 [debug] [Thread-2 (]: Began executing node model.olist_transform.stg_customers
[0m21:11:08.984903 [debug] [Thread-3 (]: Began executing node model.olist_transform.stg_orders
[0m21:11:09.020727 [debug] [Thread-2 (]: Writing runtime sql for node "model.olist_transform.stg_customers"
[0m21:11:09.023969 [debug] [Thread-3 (]: Writing runtime sql for node "model.olist_transform.stg_orders"
[0m21:11:09.026446 [debug] [Thread-2 (]: Using snowflake connection "model.olist_transform.stg_customers"
[0m21:11:09.026446 [debug] [Thread-2 (]: On model.olist_transform.stg_customers: create or replace   view OLIST_PROJECT.PUBLIC.stg_customers
  
  
  
  
  as (
    select 
    customer_id,
    customer_city,
    customer_state
from OLIST_PROJECT.PUBLIC.RAW_CUSTOMERS
  )
/* {"app": "dbt", "dbt_version": "1.11.11", "profile_name": "olist_transform", "target_name": "dev", "node_id": "model.olist_transform.stg_customers"} */;
[0m21:11:09.027492 [debug] [Thread-2 (]: Opening a new connection, currently in state init
[0m21:11:09.028970 [debug] [Thread-3 (]: Using snowflake connection "model.olist_transform.stg_orders"
[0m21:11:09.028970 [debug] [Thread-3 (]: On model.olist_transform.stg_orders: create or replace   view OLIST_PROJECT.PUBLIC.stg_orders
  
  
  
  
  as (
    select 
    order_id,
    customer_id,
    order_status,
    to_timestamp_ntz(order_purchase_timestamp/1000000000) as purchase_date,
    to_timestamp_ntz(order_approved_at/1000000000) as approval_date,
    to_timestamp_ntz(order_delivered_carrier_date/1000000000) as carrier_delivered_date,
    to_timestamp_ntz(order_delivered_customer_date/1000000000) as customer_delivered_date,
    to_timestamp_ntz(order_estimated_delivery_date/1000000000) as estimated_delivery_date
from OLIST_PROJECT.PUBLIC.RAW_ORDERS
  )
/* {"app": "dbt", "dbt_version": "1.11.11", "profile_name": "olist_transform", "target_name": "dev", "node_id": "model.olist_transform.stg_orders"} */;
[0m21:11:09.029975 [debug] [Thread-3 (]: Opening a new connection, currently in state init
[0m21:11:10.318644 [debug] [Thread-3 (]: SQL status: SUCCESS 1 in 1.289 seconds
[0m21:11:10.378695 [debug] [Thread-3 (]: Sending event: {'category': 'dbt', 'action': 'run_model', 'label': '7ed7cb8c-c6a8-456b-ba3f-a6a8d04fad4f', 'context': [<snowplow_tracker.self_describing_json.SelfDescribingJson object at 0x0000025750DC6030>]}
[0m21:11:10.378695 [info ] [Thread-3 (]: 2 of 3 OK created sql view model PUBLIC.stg_orders ............................. [[32mSUCCESS 1[0m in 1.42s]
[0m21:11:10.378695 [debug] [Thread-3 (]: Finished running node model.olist_transform.stg_orders
[0m21:11:10.378695 [debug] [Thread-5 (]: Began running node model.olist_transform.fct_order_delivery_performance
[0m21:11:10.378695 [info ] [Thread-5 (]: 3 of 3 START sql view model PUBLIC.fct_order_delivery_performance .............. [RUN]
[0m21:11:10.383357 [debug] [Thread-5 (]: Acquiring new snowflake connection 'model.olist_transform.fct_order_delivery_performance'
[0m21:11:10.383357 [debug] [Thread-5 (]: Began compiling node model.olist_transform.fct_order_delivery_performance
[0m21:11:10.387379 [debug] [Thread-5 (]: Writing injected SQL for node "model.olist_transform.fct_order_delivery_performance"
[0m21:11:10.388389 [debug] [Thread-5 (]: Began executing node model.olist_transform.fct_order_delivery_performance
[0m21:11:10.394414 [debug] [Thread-5 (]: Writing runtime sql for node "model.olist_transform.fct_order_delivery_performance"
[0m21:11:10.395417 [debug] [Thread-5 (]: Using snowflake connection "model.olist_transform.fct_order_delivery_performance"
[0m21:11:10.395417 [debug] [Thread-5 (]: On model.olist_transform.fct_order_delivery_performance: create or replace   view OLIST_PROJECT.PUBLIC.fct_order_delivery_performance
  
  
  
  
  as (
    select 
    *,
    timediff(purchase_date, estimated_delivery_date) as actual_delivery_time
from OLIST_PROJECT.PUBLIC.stg_orders
  )
/* {"app": "dbt", "dbt_version": "1.11.11", "profile_name": "olist_transform", "target_name": "dev", "node_id": "model.olist_transform.fct_order_delivery_performance"} */;
[0m21:11:10.397228 [debug] [Thread-5 (]: Opening a new connection, currently in state init
[0m21:11:10.622535 [debug] [Thread-2 (]: SQL status: SUCCESS 1 in 1.595 seconds
[0m21:11:10.633566 [debug] [Thread-2 (]: Sending event: {'category': 'dbt', 'action': 'run_model', 'label': '7ed7cb8c-c6a8-456b-ba3f-a6a8d04fad4f', 'context': [<snowplow_tracker.self_describing_json.SelfDescribingJson object at 0x0000025751D38D10>]}
[0m21:11:10.634583 [info ] [Thread-2 (]: 1 of 3 OK created sql view model PUBLIC.stg_customers .......................... [[32mSUCCESS 1[0m in 1.68s]
[0m21:11:10.638622 [debug] [Thread-2 (]: Finished running node model.olist_transform.stg_customers
[0m21:11:12.041869 [debug] [Thread-5 (]: Snowflake adapter: Snowflake query id: 01c4c3db-0002-474f-0001-a3c60009100a
[0m21:11:12.048848 [debug] [Thread-5 (]: Snowflake adapter: Snowflake error: 000938 (22023): SQL compilation error: error line 9 at position 4
not enough arguments for function [TIMEDIFF('PURCHASE_DATE', STG_ORDERS.ESTIMATED_DELIVERY_DATE)], expected 3, got 2
[0m21:11:12.058511 [debug] [Thread-5 (]: Database Error in model fct_order_delivery_performance (models\marts\fct_order_delivery_performance.sql)
  000938 (22023): SQL compilation error: error line 9 at position 4
  not enough arguments for function [TIMEDIFF('PURCHASE_DATE', STG_ORDERS.ESTIMATED_DELIVERY_DATE)], expected 3, got 2
  compiled code at target\run\olist_transform\models\marts\fct_order_delivery_performance.sql
[0m21:11:12.058511 [debug] [Thread-5 (]: Sending event: {'category': 'dbt', 'action': 'run_model', 'label': '7ed7cb8c-c6a8-456b-ba3f-a6a8d04fad4f', 'context': [<snowplow_tracker.self_describing_json.SelfDescribingJson object at 0x0000025752944DA0>]}
[0m21:11:12.058511 [error] [Thread-5 (]: 3 of 3 ERROR creating sql view model PUBLIC.fct_order_delivery_performance ..... [[31mERROR[0m in 1.68s]
[0m21:11:12.065396 [debug] [Thread-5 (]: Finished running node model.olist_transform.fct_order_delivery_performance
[0m21:11:12.065396 [debug] [Thread-8 (]: Marking all children of 'model.olist_transform.fct_order_delivery_performance' to be skipped because of status 'error'.  Reason: Database Error in model fct_order_delivery_performance (models\marts\fct_order_delivery_performance.sql)
  000938 (22023): SQL compilation error: error line 9 at position 4
  not enough arguments for function [TIMEDIFF('PURCHASE_DATE', STG_ORDERS.ESTIMATED_DELIVERY_DATE)], expected 3, got 2
  compiled code at target\run\olist_transform\models\marts\fct_order_delivery_performance.sql.
[0m21:11:12.070898 [debug] [MainThread]: Connection 'master' was properly closed.
[0m21:11:12.070898 [debug] [MainThread]: Connection 'list_OLIST_PROJECT' was left open.
[0m21:11:12.070898 [debug] [MainThread]: On list_OLIST_PROJECT: Close
[0m21:11:12.528713 [debug] [MainThread]: Connection 'list_OLIST_PROJECT_PUBLIC' was left open.
[0m21:11:12.528713 [debug] [MainThread]: On list_OLIST_PROJECT_PUBLIC: Close
[0m21:11:12.948434 [debug] [MainThread]: Connection 'model.olist_transform.stg_customers' was left open.
[0m21:11:12.948434 [debug] [MainThread]: On model.olist_transform.stg_customers: Close
[0m21:11:13.718530 [debug] [MainThread]: Connection 'model.olist_transform.stg_orders' was left open.
[0m21:11:13.720629 [debug] [MainThread]: On model.olist_transform.stg_orders: Close
[0m21:11:14.156315 [debug] [MainThread]: Connection 'model.olist_transform.fct_order_delivery_performance' was left open.
[0m21:11:14.158369 [debug] [MainThread]: On model.olist_transform.fct_order_delivery_performance: Close
[0m21:11:14.633950 [info ] [MainThread]: 
[0m21:11:14.638352 [info ] [MainThread]: Finished running 3 view models in 0 hours 0 minutes and 9.26 seconds (9.26s).
[0m21:11:14.641852 [debug] [MainThread]: Command end result
[0m21:11:14.693688 [debug] [MainThread]: Wrote artifact WritableManifest to C:\Users\SURF\snowflake_pilot\olist_transform\target\manifest.json
[0m21:11:14.697534 [debug] [MainThread]: Wrote artifact SemanticManifest to C:\Users\SURF\snowflake_pilot\olist_transform\target\semantic_manifest.json
[0m21:11:14.704391 [debug] [MainThread]: Wrote artifact RunExecutionResult to C:\Users\SURF\snowflake_pilot\olist_transform\target\run_results.json
[0m21:11:14.704391 [info ] [MainThread]: 
[0m21:11:14.705404 [info ] [MainThread]: [31mCompleted with 1 error, 0 partial successes, and 0 warnings:[0m
[0m21:11:14.706402 [info ] [MainThread]: 
[0m21:11:14.707117 [error] [MainThread]: [31mFailure in model fct_order_delivery_performance (models\marts\fct_order_delivery_performance.sql)[0m
[0m21:11:14.707117 [error] [MainThread]:   Database Error in model fct_order_delivery_performance (models\marts\fct_order_delivery_performance.sql)
  000938 (22023): SQL compilation error: error line 9 at position 4
  not enough arguments for function [TIMEDIFF('PURCHASE_DATE', STG_ORDERS.ESTIMATED_DELIVERY_DATE)], expected 3, got 2
  compiled code at target\run\olist_transform\models\marts\fct_order_delivery_performance.sql
[0m21:11:14.708375 [info ] [MainThread]: 
[0m21:11:14.708923 [info ] [MainThread]:   compiled code at target\compiled\olist_transform\models\marts\fct_order_delivery_performance.sql
[0m21:11:14.708923 [info ] [MainThread]: 
[0m21:11:14.710021 [info ] [MainThread]: Done. PASS=2 WARN=0 ERROR=1 SKIP=0 NO-OP=0 TOTAL=3
[0m21:11:14.711533 [debug] [MainThread]: Command `dbt run` failed at 21:11:14.711205 after 10.68 seconds
[0m21:11:14.711533 [debug] [MainThread]: Sending event: {'category': 'dbt', 'action': 'invocation', 'label': 'end', 'context': [<snowplow_tracker.self_describing_json.SelfDescribingJson object at 0x0000025750D4AF30>, <snowplow_tracker.self_describing_json.SelfDescribingJson object at 0x000002574F4EFC80>, <snowplow_tracker.self_describing_json.SelfDescribingJson object at 0x000002574F4EF800>]}
[0m21:11:14.712546 [debug] [MainThread]: Flushing usage events
[0m21:11:16.888398 [debug] [MainThread]: An error was encountered while trying to flush usage events
[0m21:11:38.724438 [debug] [MainThread]: Sending event: {'category': 'dbt', 'action': 'invocation', 'label': 'start', 'context': [<snowplow_tracker.self_describing_json.SelfDescribingJson object at 0x000001C6238FA6C0>, <snowplow_tracker.self_describing_json.SelfDescribingJson object at 0x000001C626257800>, <snowplow_tracker.self_describing_json.SelfDescribingJson object at 0x000001C626255040>]}


============================== 21:11:38.728944 | 73ef28a1-79f9-4b78-8fa7-a7867a4058d6 ==============================
[0m21:11:38.728944 [info ] [MainThread]: Running with dbt=1.11.11
[0m21:11:38.728944 [debug] [MainThread]: running dbt with arguments {'version_check': 'True', 'no_print': 'None', 'static_parser': 'True', 'warn_error_options': 'WarnErrorOptionsV2(error=[], warn=[], silence=[])', 'target_path': 'None', 'printer_width': '80', 'write_json': 'True', 'empty': 'False', 'log_cache_events': 'False', 'introspect': 'True', 'cache_selected_only': 'False', 'log_format': 'default', 'debug': 'False', 'fail_fast': 'False', 'profiles_dir': 'C:\\Users\\SURF\\.dbt', 'send_anonymous_usage_stats': 'True', 'quiet': 'False', 'warn_error': 'None', 'partial_parse': 'True', 'invocation_command': 'dbt run', 'indirect_selection': 'eager', 'use_colors': 'True', 'use_experimental_parser': 'False', 'log_path': 'C:\\Users\\SURF\\snowflake_pilot\\olist_transform\\logs'}
[0m21:11:39.038282 [debug] [MainThread]: Snowflake adapter: Setting snowflake.connector to ERROR (file logging only)
[0m21:11:39.038282 [debug] [MainThread]: Snowflake adapter: Setting botocore to ERROR (file logging only)
[0m21:11:39.038282 [debug] [MainThread]: Snowflake adapter: Setting boto3 to ERROR (file logging only)
[0m21:11:39.331000 [debug] [MainThread]: Sending event: {'category': 'dbt', 'action': 'project_id', 'label': '73ef28a1-79f9-4b78-8fa7-a7867a4058d6', 'context': [<snowplow_tracker.self_describing_json.SelfDescribingJson object at 0x000001C6239DFAD0>]}
[0m21:11:39.397987 [debug] [MainThread]: Sending event: {'category': 'dbt', 'action': 'adapter_info', 'label': '73ef28a1-79f9-4b78-8fa7-a7867a4058d6', 'context': [<snowplow_tracker.self_describing_json.SelfDescribingJson object at 0x000001C6289FCB30>]}
[0m21:11:39.397987 [info ] [MainThread]: Registered adapter: snowflake=1.11.5
[0m21:11:39.688301 [debug] [MainThread]: checksum: 30a8cc8fdcbf66701b0944d4ccce3fa46dd04b61e5df68b9f16d57b2e0e3f0be, vars: {}, profile: , target: , version: 1.11.11
[0m21:11:39.813729 [debug] [MainThread]: Partial parsing enabled: 0 files deleted, 0 files added, 0 files changed.
[0m21:11:39.813729 [debug] [MainThread]: Nothing changed, skipping partial parsing.
[0m21:11:39.813729 [debug] [MainThread]: Partial parsing enabled, no changes found, skipping parsing
[0m21:11:39.819257 [warn ] [MainThread]: [[33mWARNING[0m]: Configuration paths exist in your dbt_project.yml file which do not apply to any resources.
There are 1 unused configuration paths:
- models.olist_transform.example
[0m21:11:39.853524 [debug] [MainThread]: Sending event: {'category': 'dbt', 'action': 'load_project', 'label': '73ef28a1-79f9-4b78-8fa7-a7867a4058d6', 'context': [<snowplow_tracker.self_describing_json.SelfDescribingJson object at 0x000001C628FA6360>]}
[0m21:11:39.933042 [debug] [MainThread]: Wrote artifact WritableManifest to C:\Users\SURF\snowflake_pilot\olist_transform\target\manifest.json
[0m21:11:39.938274 [debug] [MainThread]: Wrote artifact SemanticManifest to C:\Users\SURF\snowflake_pilot\olist_transform\target\semantic_manifest.json
[0m21:11:39.950309 [debug] [MainThread]: Sending event: {'category': 'dbt', 'action': 'resource_counts', 'label': '73ef28a1-79f9-4b78-8fa7-a7867a4058d6', 'context': [<snowplow_tracker.self_describing_json.SelfDescribingJson object at 0x000001C62919DE50>]}
[0m21:11:39.950309 [info ] [MainThread]: Found 3 models, 2 sources, 536 macros
[0m21:11:39.950309 [debug] [MainThread]: Sending event: {'category': 'dbt', 'action': 'runnable_timing', 'label': '73ef28a1-79f9-4b78-8fa7-a7867a4058d6', 'context': [<snowplow_tracker.self_describing_json.SelfDescribingJson object at 0x000001C6293AEF30>]}
[0m21:11:39.953728 [info ] [MainThread]: 
[0m21:11:39.955310 [info ] [MainThread]: Concurrency: 4 threads (target='dev')
[0m21:11:39.955310 [info ] [MainThread]: 
[0m21:11:39.956481 [debug] [MainThread]: Acquiring new snowflake connection 'master'
[0m21:11:39.961688 [debug] [ThreadPool]: Acquiring new snowflake connection 'list_OLIST_PROJECT'
[0m21:11:40.038389 [debug] [ThreadPool]: Using snowflake connection "list_OLIST_PROJECT"
[0m21:11:40.038389 [debug] [ThreadPool]: On list_OLIST_PROJECT: show terse schemas in database OLIST_PROJECT
    limit 10000
/* {"app": "dbt", "dbt_version": "1.11.11", "profile_name": "olist_transform", "target_name": "dev", "connection_name": "list_OLIST_PROJECT"} */
[0m21:11:40.038389 [debug] [ThreadPool]: Opening a new connection, currently in state init
[0m21:11:47.290179 [debug] [ThreadPool]: SQL status: SUCCESS 4 in 7.250 seconds
[0m21:11:47.298355 [debug] [ThreadPool]: Acquiring new snowflake connection 'list_OLIST_PROJECT_PUBLIC'
[0m21:11:47.320469 [debug] [ThreadPool]: Using snowflake connection "list_OLIST_PROJECT_PUBLIC"
[0m21:11:47.322477 [debug] [ThreadPool]: On list_OLIST_PROJECT_PUBLIC: show objects in OLIST_PROJECT.PUBLIC
    limit 10000
    

/* {"app": "dbt", "dbt_version": "1.11.11", "profile_name": "olist_transform", "target_name": "dev", "connection_name": "list_OLIST_PROJECT_PUBLIC"} */;
[0m21:11:47.322477 [debug] [ThreadPool]: Opening a new connection, currently in state init
[0m21:11:48.379905 [debug] [ThreadPool]: SQL status: SUCCESS 8 in 1.061 seconds
[0m21:11:48.398708 [debug] [MainThread]: Sending event: {'category': 'dbt', 'action': 'runnable_timing', 'label': '73ef28a1-79f9-4b78-8fa7-a7867a4058d6', 'context': [<snowplow_tracker.self_describing_json.SelfDescribingJson object at 0x000001C627FE1460>]}
[0m21:11:48.413804 [debug] [Thread-2 (]: Began running node model.olist_transform.stg_customers
[0m21:11:48.416312 [debug] [Thread-3 (]: Began running node model.olist_transform.stg_orders
[0m21:11:48.418384 [info ] [Thread-2 (]: 1 of 3 START sql view model PUBLIC.stg_customers ............................... [RUN]
[0m21:11:48.421451 [debug] [Thread-2 (]: Acquiring new snowflake connection 'model.olist_transform.stg_customers'
[0m21:11:48.421451 [debug] [Thread-2 (]: Began compiling node model.olist_transform.stg_customers
[0m21:11:48.419438 [info ] [Thread-3 (]: 2 of 3 START sql view model PUBLIC.stg_orders .................................. [RUN]
[0m21:11:48.438242 [debug] [Thread-2 (]: Writing injected SQL for node "model.olist_transform.stg_customers"
[0m21:11:48.440223 [debug] [Thread-3 (]: Acquiring new snowflake connection 'model.olist_transform.stg_orders'
[0m21:11:48.441262 [debug] [Thread-3 (]: Began compiling node model.olist_transform.stg_orders
[0m21:11:48.445767 [debug] [Thread-3 (]: Writing injected SQL for node "model.olist_transform.stg_orders"
[0m21:11:48.446805 [debug] [Thread-2 (]: Began executing node model.olist_transform.stg_customers
[0m21:11:48.483843 [debug] [Thread-3 (]: Began executing node model.olist_transform.stg_orders
[0m21:11:48.483843 [debug] [Thread-2 (]: Writing runtime sql for node "model.olist_transform.stg_customers"
[0m21:11:48.491109 [debug] [Thread-3 (]: Writing runtime sql for node "model.olist_transform.stg_orders"
[0m21:11:48.493680 [debug] [Thread-2 (]: Using snowflake connection "model.olist_transform.stg_customers"
[0m21:11:48.493680 [debug] [Thread-2 (]: On model.olist_transform.stg_customers: create or replace   view OLIST_PROJECT.PUBLIC.stg_customers
  
  
  
  
  as (
    select 
    customer_id,
    customer_city,
    customer_state
from OLIST_PROJECT.PUBLIC.RAW_CUSTOMERS
  )
/* {"app": "dbt", "dbt_version": "1.11.11", "profile_name": "olist_transform", "target_name": "dev", "node_id": "model.olist_transform.stg_customers"} */;
[0m21:11:48.493680 [debug] [Thread-2 (]: Opening a new connection, currently in state init
[0m21:11:48.495685 [debug] [Thread-3 (]: Using snowflake connection "model.olist_transform.stg_orders"
[0m21:11:48.495685 [debug] [Thread-3 (]: On model.olist_transform.stg_orders: create or replace   view OLIST_PROJECT.PUBLIC.stg_orders
  
  
  
  
  as (
    select 
    order_id,
    customer_id,
    order_status,
    to_timestamp_ntz(order_purchase_timestamp/1000000000) as purchase_date,
    to_timestamp_ntz(order_approved_at/1000000000) as approval_date,
    to_timestamp_ntz(order_delivered_carrier_date/1000000000) as carrier_delivered_date,
    to_timestamp_ntz(order_delivered_customer_date/1000000000) as customer_delivered_date,
    to_timestamp_ntz(order_estimated_delivery_date/1000000000) as estimated_delivery_date
from OLIST_PROJECT.PUBLIC.RAW_ORDERS
  )
/* {"app": "dbt", "dbt_version": "1.11.11", "profile_name": "olist_transform", "target_name": "dev", "node_id": "model.olist_transform.stg_orders"} */;
[0m21:11:48.495685 [debug] [Thread-3 (]: Opening a new connection, currently in state init
[0m21:11:50.220611 [debug] [Thread-2 (]: SQL status: SUCCESS 1 in 1.726 seconds
[0m21:11:50.263993 [debug] [Thread-3 (]: SQL status: SUCCESS 1 in 1.771 seconds
[0m21:11:50.271333 [debug] [Thread-2 (]: Sending event: {'category': 'dbt', 'action': 'run_model', 'label': '73ef28a1-79f9-4b78-8fa7-a7867a4058d6', 'context': [<snowplow_tracker.self_describing_json.SelfDescribingJson object at 0x000001C6280129C0>]}
[0m21:11:50.272852 [debug] [Thread-3 (]: Sending event: {'category': 'dbt', 'action': 'run_model', 'label': '73ef28a1-79f9-4b78-8fa7-a7867a4058d6', 'context': [<snowplow_tracker.self_describing_json.SelfDescribingJson object at 0x000001C629B97DA0>]}
[0m21:11:50.271333 [info ] [Thread-2 (]: 1 of 3 OK created sql view model PUBLIC.stg_customers .......................... [[32mSUCCESS 1[0m in 1.84s]
[0m21:11:50.273322 [debug] [Thread-2 (]: Finished running node model.olist_transform.stg_customers
[0m21:11:50.273322 [info ] [Thread-3 (]: 2 of 3 OK created sql view model PUBLIC.stg_orders ............................. [[32mSUCCESS 1[0m in 1.83s]
[0m21:11:50.275289 [debug] [Thread-3 (]: Finished running node model.olist_transform.stg_orders
[0m21:11:50.275860 [debug] [Thread-5 (]: Began running node model.olist_transform.fct_order_delivery_performance
[0m21:11:50.275860 [info ] [Thread-5 (]: 3 of 3 START sql view model PUBLIC.fct_order_delivery_performance .............. [RUN]
[0m21:11:50.275860 [debug] [Thread-5 (]: Acquiring new snowflake connection 'model.olist_transform.fct_order_delivery_performance'
[0m21:11:50.278334 [debug] [Thread-5 (]: Began compiling node model.olist_transform.fct_order_delivery_performance
[0m21:11:50.282462 [debug] [Thread-5 (]: Writing injected SQL for node "model.olist_transform.fct_order_delivery_performance"
[0m21:11:50.283472 [debug] [Thread-5 (]: Began executing node model.olist_transform.fct_order_delivery_performance
[0m21:11:50.283472 [debug] [Thread-5 (]: Writing runtime sql for node "model.olist_transform.fct_order_delivery_performance"
[0m21:11:50.288316 [debug] [Thread-5 (]: Using snowflake connection "model.olist_transform.fct_order_delivery_performance"
[0m21:11:50.289356 [debug] [Thread-5 (]: On model.olist_transform.fct_order_delivery_performance: create or replace   view OLIST_PROJECT.PUBLIC.fct_order_delivery_performance
  
  
  
  
  as (
    select 
    *,
    timediff('hour', purchase_date, estimated_delivery_date) as actual_delivery_time
from OLIST_PROJECT.PUBLIC.stg_orders
  )
/* {"app": "dbt", "dbt_version": "1.11.11", "profile_name": "olist_transform", "target_name": "dev", "node_id": "model.olist_transform.fct_order_delivery_performance"} */;
[0m21:11:50.289356 [debug] [Thread-5 (]: Opening a new connection, currently in state init
[0m21:11:51.863212 [debug] [Thread-5 (]: SQL status: SUCCESS 1 in 1.574 seconds
[0m21:11:51.873760 [debug] [Thread-5 (]: Sending event: {'category': 'dbt', 'action': 'run_model', 'label': '73ef28a1-79f9-4b78-8fa7-a7867a4058d6', 'context': [<snowplow_tracker.self_describing_json.SelfDescribingJson object at 0x000001C629C729C0>]}
[0m21:11:51.873760 [info ] [Thread-5 (]: 3 of 3 OK created sql view model PUBLIC.fct_order_delivery_performance ......... [[32mSUCCESS 1[0m in 1.59s]
[0m21:11:51.873760 [debug] [Thread-5 (]: Finished running node model.olist_transform.fct_order_delivery_performance
[0m21:11:51.878596 [debug] [MainThread]: Connection 'master' was properly closed.
[0m21:11:51.878596 [debug] [MainThread]: Connection 'list_OLIST_PROJECT' was left open.
[0m21:11:51.878596 [debug] [MainThread]: On list_OLIST_PROJECT: Close
[0m21:11:52.248484 [debug] [MainThread]: Connection 'list_OLIST_PROJECT_PUBLIC' was left open.
[0m21:11:52.248484 [debug] [MainThread]: On list_OLIST_PROJECT_PUBLIC: Close
[0m21:11:52.608395 [debug] [MainThread]: Connection 'model.olist_transform.stg_customers' was left open.
[0m21:11:52.609539 [debug] [MainThread]: On model.olist_transform.stg_customers: Close
[0m21:11:52.944503 [debug] [MainThread]: Connection 'model.olist_transform.stg_orders' was left open.
[0m21:11:52.944503 [debug] [MainThread]: On model.olist_transform.stg_orders: Close
[0m21:11:53.285009 [debug] [MainThread]: Connection 'model.olist_transform.fct_order_delivery_performance' was left open.
[0m21:11:53.285009 [debug] [MainThread]: On model.olist_transform.fct_order_delivery_performance: Close
[0m21:11:53.608412 [info ] [MainThread]: 
[0m21:11:53.609796 [info ] [MainThread]: Finished running 3 view models in 0 hours 0 minutes and 13.65 seconds (13.65s).
[0m21:11:53.609796 [debug] [MainThread]: Command end result
[0m21:11:53.663932 [debug] [MainThread]: Wrote artifact WritableManifest to C:\Users\SURF\snowflake_pilot\olist_transform\target\manifest.json
[0m21:11:53.667772 [debug] [MainThread]: Wrote artifact SemanticManifest to C:\Users\SURF\snowflake_pilot\olist_transform\target\semantic_manifest.json
[0m21:11:53.675695 [debug] [MainThread]: Wrote artifact RunExecutionResult to C:\Users\SURF\snowflake_pilot\olist_transform\target\run_results.json
[0m21:11:53.676598 [info ] [MainThread]: 
[0m21:11:53.676598 [info ] [MainThread]: [32mCompleted successfully[0m
[0m21:11:53.676598 [info ] [MainThread]: 
[0m21:11:53.678115 [info ] [MainThread]: Done. PASS=3 WARN=0 ERROR=0 SKIP=0 NO-OP=0 TOTAL=3
[0m21:11:53.679155 [debug] [MainThread]: Command `dbt run` succeeded at 21:11:53.679155 after 15.07 seconds
[0m21:11:53.679155 [debug] [MainThread]: Sending event: {'category': 'dbt', 'action': 'invocation', 'label': 'end', 'context': [<snowplow_tracker.self_describing_json.SelfDescribingJson object at 0x000001C627F5E900>, <snowplow_tracker.self_describing_json.SelfDescribingJson object at 0x000001C627F5E720>, <snowplow_tracker.self_describing_json.SelfDescribingJson object at 0x000001C6255EE6C0>]}
[0m21:11:53.680530 [debug] [MainThread]: Flushing usage events
[0m21:11:55.369894 [debug] [MainThread]: An error was encountered while trying to flush usage events
[0m21:17:47.780194 [debug] [MainThread]: Sending event: {'category': 'dbt', 'action': 'invocation', 'label': 'start', 'context': [<snowplow_tracker.self_describing_json.SelfDescribingJson object at 0x000001F7C6FEDD60>, <snowplow_tracker.self_describing_json.SelfDescribingJson object at 0x000001F7CBEDE8A0>, <snowplow_tracker.self_describing_json.SelfDescribingJson object at 0x000001F7C9B1D520>]}


============================== 21:17:47.783835 | 71db8f1a-349c-4fd9-aa5c-3c3e127eebc0 ==============================
[0m21:17:47.783835 [info ] [MainThread]: Running with dbt=1.11.11
[0m21:17:47.784568 [debug] [MainThread]: running dbt with arguments {'version_check': 'True', 'no_print': 'None', 'static_parser': 'True', 'target_path': 'None', 'warn_error_options': 'WarnErrorOptionsV2(error=[], warn=[], silence=[])', 'printer_width': '80', 'write_json': 'True', 'empty': 'False', 'log_cache_events': 'False', 'introspect': 'True', 'cache_selected_only': 'False', 'log_format': 'default', 'debug': 'False', 'fail_fast': 'False', 'profiles_dir': 'C:\\Users\\SURF\\.dbt', 'send_anonymous_usage_stats': 'True', 'quiet': 'False', 'warn_error': 'None', 'partial_parse': 'True', 'invocation_command': 'dbt run', 'indirect_selection': 'eager', 'use_colors': 'True', 'use_experimental_parser': 'False', 'log_path': 'C:\\Users\\SURF\\snowflake_pilot\\olist_transform\\logs'}
[0m21:17:48.083403 [debug] [MainThread]: Snowflake adapter: Setting snowflake.connector to ERROR (file logging only)
[0m21:17:48.083403 [debug] [MainThread]: Snowflake adapter: Setting botocore to ERROR (file logging only)
[0m21:17:48.083403 [debug] [MainThread]: Snowflake adapter: Setting boto3 to ERROR (file logging only)
[0m21:17:48.356972 [debug] [MainThread]: Sending event: {'category': 'dbt', 'action': 'project_id', 'label': '71db8f1a-349c-4fd9-aa5c-3c3e127eebc0', 'context': [<snowplow_tracker.self_describing_json.SelfDescribingJson object at 0x000001F7CCE33650>]}
[0m21:17:48.423677 [debug] [MainThread]: Sending event: {'category': 'dbt', 'action': 'adapter_info', 'label': '71db8f1a-349c-4fd9-aa5c-3c3e127eebc0', 'context': [<snowplow_tracker.self_describing_json.SelfDescribingJson object at 0x000001F7CBF64380>]}
[0m21:17:48.423677 [info ] [MainThread]: Registered adapter: snowflake=1.11.5
[0m21:17:48.713562 [debug] [MainThread]: checksum: 30a8cc8fdcbf66701b0944d4ccce3fa46dd04b61e5df68b9f16d57b2e0e3f0be, vars: {}, profile: , target: , version: 1.11.11
[0m21:17:48.837894 [debug] [MainThread]: Partial parsing enabled: 0 files deleted, 0 files added, 0 files changed.
[0m21:17:48.837894 [debug] [MainThread]: Nothing changed, skipping partial parsing.
[0m21:17:48.837894 [debug] [MainThread]: Partial parsing enabled, no changes found, skipping parsing
[0m21:17:48.847056 [warn ] [MainThread]: [[33mWARNING[0m]: Configuration paths exist in your dbt_project.yml file which do not apply to any resources.
There are 1 unused configuration paths:
- models.olist_transform.example
[0m21:17:48.878542 [debug] [MainThread]: Sending event: {'category': 'dbt', 'action': 'load_project', 'label': '71db8f1a-349c-4fd9-aa5c-3c3e127eebc0', 'context': [<snowplow_tracker.self_describing_json.SelfDescribingJson object at 0x000001F7CCAD4170>]}
[0m21:17:48.961954 [debug] [MainThread]: Wrote artifact WritableManifest to C:\Users\SURF\snowflake_pilot\olist_transform\target\manifest.json
[0m21:17:48.964003 [debug] [MainThread]: Wrote artifact SemanticManifest to C:\Users\SURF\snowflake_pilot\olist_transform\target\semantic_manifest.json
[0m21:17:48.976098 [debug] [MainThread]: Sending event: {'category': 'dbt', 'action': 'resource_counts', 'label': '71db8f1a-349c-4fd9-aa5c-3c3e127eebc0', 'context': [<snowplow_tracker.self_describing_json.SelfDescribingJson object at 0x000001F7CD29EC60>]}
[0m21:17:48.976098 [info ] [MainThread]: Found 3 models, 2 sources, 536 macros
[0m21:17:48.976098 [debug] [MainThread]: Sending event: {'category': 'dbt', 'action': 'runnable_timing', 'label': '71db8f1a-349c-4fd9-aa5c-3c3e127eebc0', 'context': [<snowplow_tracker.self_describing_json.SelfDescribingJson object at 0x000001F7CD1D86B0>]}
[0m21:17:48.978738 [info ] [MainThread]: 
[0m21:17:48.978738 [info ] [MainThread]: Concurrency: 4 threads (target='dev')
[0m21:17:48.978738 [info ] [MainThread]: 
[0m21:17:48.978738 [debug] [MainThread]: Acquiring new snowflake connection 'master'
[0m21:17:48.986253 [debug] [ThreadPool]: Acquiring new snowflake connection 'list_OLIST_PROJECT'
[0m21:17:49.062853 [debug] [ThreadPool]: Using snowflake connection "list_OLIST_PROJECT"
[0m21:17:49.062853 [debug] [ThreadPool]: On list_OLIST_PROJECT: show terse schemas in database OLIST_PROJECT
    limit 10000
/* {"app": "dbt", "dbt_version": "1.11.11", "profile_name": "olist_transform", "target_name": "dev", "connection_name": "list_OLIST_PROJECT"} */
[0m21:17:49.062853 [debug] [ThreadPool]: Opening a new connection, currently in state init
[0m21:17:51.484783 [debug] [ThreadPool]: SQL status: SUCCESS 4 in 2.422 seconds
[0m21:17:51.494220 [debug] [ThreadPool]: Acquiring new snowflake connection 'list_OLIST_PROJECT_PUBLIC'
[0m21:17:51.525238 [debug] [ThreadPool]: Using snowflake connection "list_OLIST_PROJECT_PUBLIC"
[0m21:17:51.530273 [debug] [ThreadPool]: On list_OLIST_PROJECT_PUBLIC: show objects in OLIST_PROJECT.PUBLIC
    limit 10000
    

/* {"app": "dbt", "dbt_version": "1.11.11", "profile_name": "olist_transform", "target_name": "dev", "connection_name": "list_OLIST_PROJECT_PUBLIC"} */;
[0m21:17:51.530273 [debug] [ThreadPool]: Opening a new connection, currently in state init
[0m21:17:52.661967 [debug] [ThreadPool]: SQL status: SUCCESS 9 in 1.131 seconds
[0m21:17:52.674397 [debug] [MainThread]: Sending event: {'category': 'dbt', 'action': 'runnable_timing', 'label': '71db8f1a-349c-4fd9-aa5c-3c3e127eebc0', 'context': [<snowplow_tracker.self_describing_json.SelfDescribingJson object at 0x000001F7CBEBA3C0>]}
[0m21:17:52.682186 [debug] [Thread-2 (]: Began running node model.olist_transform.stg_customers
[0m21:17:52.682186 [debug] [Thread-3 (]: Began running node model.olist_transform.stg_orders
[0m21:17:52.686089 [info ] [Thread-2 (]: 1 of 3 START sql view model PUBLIC.stg_customers ............................... [RUN]
[0m21:17:52.686089 [debug] [Thread-2 (]: Acquiring new snowflake connection 'model.olist_transform.stg_customers'
[0m21:17:52.686089 [info ] [Thread-3 (]: 2 of 3 START sql view model PUBLIC.stg_orders .................................. [RUN]
[0m21:17:52.688582 [debug] [Thread-2 (]: Began compiling node model.olist_transform.stg_customers
[0m21:17:52.690097 [debug] [Thread-3 (]: Acquiring new snowflake connection 'model.olist_transform.stg_orders'
[0m21:17:52.701957 [debug] [Thread-2 (]: Writing injected SQL for node "model.olist_transform.stg_customers"
[0m21:17:52.703005 [debug] [Thread-3 (]: Began compiling node model.olist_transform.stg_orders
[0m21:17:52.707378 [debug] [Thread-3 (]: Writing injected SQL for node "model.olist_transform.stg_orders"
[0m21:17:52.707378 [debug] [Thread-2 (]: Began executing node model.olist_transform.stg_customers
[0m21:17:52.737664 [debug] [Thread-3 (]: Began executing node model.olist_transform.stg_orders
[0m21:17:52.744076 [debug] [Thread-2 (]: Writing runtime sql for node "model.olist_transform.stg_customers"
[0m21:17:52.747130 [debug] [Thread-3 (]: Writing runtime sql for node "model.olist_transform.stg_orders"
[0m21:17:52.748092 [debug] [Thread-2 (]: Using snowflake connection "model.olist_transform.stg_customers"
[0m21:17:52.749095 [debug] [Thread-2 (]: On model.olist_transform.stg_customers: create or replace   view OLIST_PROJECT.PUBLIC.stg_customers
  
  
  
  
  as (
    select 
    customer_id,
    customer_city,
    customer_state
from OLIST_PROJECT.PUBLIC.RAW_CUSTOMERS
  )
/* {"app": "dbt", "dbt_version": "1.11.11", "profile_name": "olist_transform", "target_name": "dev", "node_id": "model.olist_transform.stg_customers"} */;
[0m21:17:52.749095 [debug] [Thread-2 (]: Opening a new connection, currently in state init
[0m21:17:52.752194 [debug] [Thread-3 (]: Using snowflake connection "model.olist_transform.stg_orders"
[0m21:17:52.752194 [debug] [Thread-3 (]: On model.olist_transform.stg_orders: create or replace   view OLIST_PROJECT.PUBLIC.stg_orders
  
  
  
  
  as (
    select 
    order_id,
    customer_id,
    order_status,
    to_timestamp_ntz(order_purchase_timestamp/1000000000) as purchase_date,
    to_timestamp_ntz(order_approved_at/1000000000) as approval_date,
    to_timestamp_ntz(order_delivered_carrier_date/1000000000) as carrier_delivered_date,
    to_timestamp_ntz(order_delivered_customer_date/1000000000) as customer_delivered_date,
    to_timestamp_ntz(order_estimated_delivery_date/1000000000) as estimated_delivery_date
from OLIST_PROJECT.PUBLIC.RAW_ORDERS
  )
/* {"app": "dbt", "dbt_version": "1.11.11", "profile_name": "olist_transform", "target_name": "dev", "node_id": "model.olist_transform.stg_orders"} */;
[0m21:17:52.752194 [debug] [Thread-3 (]: Opening a new connection, currently in state init
[0m21:17:53.772085 [debug] [Thread-2 (]: SQL status: SUCCESS 1 in 1.024 seconds
[0m21:17:53.817254 [debug] [Thread-2 (]: Sending event: {'category': 'dbt', 'action': 'run_model', 'label': '71db8f1a-349c-4fd9-aa5c-3c3e127eebc0', 'context': [<snowplow_tracker.self_describing_json.SelfDescribingJson object at 0x000001F7CBF91F10>]}
[0m21:17:53.817254 [info ] [Thread-2 (]: 1 of 3 OK created sql view model PUBLIC.stg_customers .......................... [[32mSUCCESS 1[0m in 1.13s]
[0m21:17:53.822121 [debug] [Thread-2 (]: Finished running node model.olist_transform.stg_customers
[0m21:17:53.972172 [debug] [Thread-3 (]: SQL status: SUCCESS 1 in 1.220 seconds
[0m21:17:53.977350 [debug] [Thread-3 (]: Sending event: {'category': 'dbt', 'action': 'run_model', 'label': '71db8f1a-349c-4fd9-aa5c-3c3e127eebc0', 'context': [<snowplow_tracker.self_describing_json.SelfDescribingJson object at 0x000001F7CDC1E300>]}
[0m21:17:53.977350 [info ] [Thread-3 (]: 2 of 3 OK created sql view model PUBLIC.stg_orders ............................. [[32mSUCCESS 1[0m in 1.29s]
[0m21:17:53.977350 [debug] [Thread-3 (]: Finished running node model.olist_transform.stg_orders
[0m21:17:53.979839 [debug] [Thread-5 (]: Began running node model.olist_transform.fct_order_delivery_performance
[0m21:17:53.981181 [info ] [Thread-5 (]: 3 of 3 START sql view model PUBLIC.fct_order_delivery_performance .............. [RUN]
[0m21:17:53.981688 [debug] [Thread-5 (]: Acquiring new snowflake connection 'model.olist_transform.fct_order_delivery_performance'
[0m21:17:53.982756 [debug] [Thread-5 (]: Began compiling node model.olist_transform.fct_order_delivery_performance
[0m21:17:53.988168 [debug] [Thread-5 (]: Writing injected SQL for node "model.olist_transform.fct_order_delivery_performance"
[0m21:17:53.990240 [debug] [Thread-5 (]: Began executing node model.olist_transform.fct_order_delivery_performance
[0m21:17:53.994608 [debug] [Thread-5 (]: Writing runtime sql for node "model.olist_transform.fct_order_delivery_performance"
[0m21:17:53.995616 [debug] [Thread-5 (]: Using snowflake connection "model.olist_transform.fct_order_delivery_performance"
[0m21:17:53.995616 [debug] [Thread-5 (]: On model.olist_transform.fct_order_delivery_performance: create or replace   view OLIST_PROJECT.PUBLIC.fct_order_delivery_performance
  
  
  
  
  as (
    select 
    *,
    timediff('hour', purchase_date, estimated_delivery_date) as actual_delivery_time
from OLIST_PROJECT.PUBLIC.stg_orders
  )
/* {"app": "dbt", "dbt_version": "1.11.11", "profile_name": "olist_transform", "target_name": "dev", "node_id": "model.olist_transform.fct_order_delivery_performance"} */;
[0m21:17:53.997365 [debug] [Thread-5 (]: Opening a new connection, currently in state init
[0m21:17:54.997122 [debug] [Thread-5 (]: SQL status: SUCCESS 1 in 1.002 seconds
[0m21:17:55.002281 [debug] [Thread-5 (]: Sending event: {'category': 'dbt', 'action': 'run_model', 'label': '71db8f1a-349c-4fd9-aa5c-3c3e127eebc0', 'context': [<snowplow_tracker.self_describing_json.SelfDescribingJson object at 0x000001F7CDBDB560>]}
[0m21:17:55.002281 [info ] [Thread-5 (]: 3 of 3 OK created sql view model PUBLIC.fct_order_delivery_performance ......... [[32mSUCCESS 1[0m in 1.02s]
[0m21:17:55.005496 [debug] [Thread-5 (]: Finished running node model.olist_transform.fct_order_delivery_performance
[0m21:17:55.007922 [debug] [MainThread]: Connection 'master' was properly closed.
[0m21:17:55.007922 [debug] [MainThread]: Connection 'list_OLIST_PROJECT' was left open.
[0m21:17:55.007922 [debug] [MainThread]: On list_OLIST_PROJECT: Close
[0m21:17:55.334356 [debug] [MainThread]: Connection 'list_OLIST_PROJECT_PUBLIC' was left open.
[0m21:17:55.335747 [debug] [MainThread]: On list_OLIST_PROJECT_PUBLIC: Close
[0m21:17:55.665039 [debug] [MainThread]: Connection 'model.olist_transform.stg_customers' was left open.
[0m21:17:55.670250 [debug] [MainThread]: On model.olist_transform.stg_customers: Close
[0m21:17:56.028245 [debug] [MainThread]: Connection 'model.olist_transform.stg_orders' was left open.
[0m21:17:56.028245 [debug] [MainThread]: On model.olist_transform.stg_orders: Close
[0m21:17:56.377145 [debug] [MainThread]: Connection 'model.olist_transform.fct_order_delivery_performance' was left open.
[0m21:17:56.378392 [debug] [MainThread]: On model.olist_transform.fct_order_delivery_performance: Close
[0m21:17:56.696854 [info ] [MainThread]: 
[0m21:17:56.696854 [info ] [MainThread]: Finished running 3 view models in 0 hours 0 minutes and 7.72 seconds (7.72s).
[0m21:17:56.707096 [debug] [MainThread]: Command end result
[0m21:17:56.765623 [debug] [MainThread]: Wrote artifact WritableManifest to C:\Users\SURF\snowflake_pilot\olist_transform\target\manifest.json
[0m21:17:56.769447 [debug] [MainThread]: Wrote artifact SemanticManifest to C:\Users\SURF\snowflake_pilot\olist_transform\target\semantic_manifest.json
[0m21:17:56.776080 [debug] [MainThread]: Wrote artifact RunExecutionResult to C:\Users\SURF\snowflake_pilot\olist_transform\target\run_results.json
[0m21:17:56.777245 [info ] [MainThread]: 
[0m21:17:56.777245 [info ] [MainThread]: [32mCompleted successfully[0m
[0m21:17:56.778243 [info ] [MainThread]: 
[0m21:17:56.779241 [info ] [MainThread]: Done. PASS=3 WARN=0 ERROR=0 SKIP=0 NO-OP=0 TOTAL=3
[0m21:17:56.780328 [debug] [MainThread]: Command `dbt run` succeeded at 21:17:56.779241 after 9.13 seconds
[0m21:17:56.780328 [debug] [MainThread]: Sending event: {'category': 'dbt', 'action': 'invocation', 'label': 'end', 'context': [<snowplow_tracker.self_describing_json.SelfDescribingJson object at 0x000001F7CC6CBE30>, <snowplow_tracker.self_describing_json.SelfDescribingJson object at 0x000001F7CCC29A60>, <snowplow_tracker.self_describing_json.SelfDescribingJson object at 0x000001F7CCC8D100>]}
[0m21:17:56.780328 [debug] [MainThread]: Flushing usage events
[0m21:17:58.616139 [debug] [MainThread]: An error was encountered while trying to flush usage events
[0m21:28:00.128272 [debug] [MainThread]: Sending event: {'category': 'dbt', 'action': 'invocation', 'label': 'start', 'context': [<snowplow_tracker.self_describing_json.SelfDescribingJson object at 0x0000023AFF633980>, <snowplow_tracker.self_describing_json.SelfDescribingJson object at 0x0000023AFEA874D0>, <snowplow_tracker.self_describing_json.SelfDescribingJson object at 0x0000023AFFDB6DB0>]}


============================== 21:28:00.136471 | 1f3982b9-956d-43e7-b404-696f846918f3 ==============================
[0m21:28:00.136471 [info ] [MainThread]: Running with dbt=1.11.11
[0m21:28:00.136471 [debug] [MainThread]: running dbt with arguments {'static_parser': 'True', 'no_print': 'None', 'version_check': 'True', 'warn_error_options': 'WarnErrorOptionsV2(error=[], warn=[], silence=[])', 'target_path': 'None', 'printer_width': '80', 'write_json': 'True', 'empty': 'False', 'log_cache_events': 'False', 'introspect': 'True', 'cache_selected_only': 'False', 'log_format': 'default', 'debug': 'False', 'fail_fast': 'False', 'partial_parse': 'True', 'send_anonymous_usage_stats': 'True', 'quiet': 'False', 'warn_error': 'None', 'profiles_dir': 'C:\\Users\\SURF\\.dbt', 'indirect_selection': 'eager', 'invocation_command': 'dbt run', 'use_colors': 'True', 'use_experimental_parser': 'False', 'log_path': 'C:\\Users\\SURF\\snowflake_pilot\\olist_transform\\logs'}
[0m21:28:00.601829 [debug] [MainThread]: Snowflake adapter: Setting snowflake.connector to ERROR (file logging only)
[0m21:28:00.601829 [debug] [MainThread]: Snowflake adapter: Setting botocore to ERROR (file logging only)
[0m21:28:00.601829 [debug] [MainThread]: Snowflake adapter: Setting boto3 to ERROR (file logging only)
[0m21:28:00.910740 [debug] [MainThread]: Sending event: {'category': 'dbt', 'action': 'project_id', 'label': '1f3982b9-956d-43e7-b404-696f846918f3', 'context': [<snowplow_tracker.self_describing_json.SelfDescribingJson object at 0x0000023A82539BE0>]}
[0m21:28:00.982370 [debug] [MainThread]: Sending event: {'category': 'dbt', 'action': 'adapter_info', 'label': '1f3982b9-956d-43e7-b404-696f846918f3', 'context': [<snowplow_tracker.self_describing_json.SelfDescribingJson object at 0x0000023AFF782C60>]}
[0m21:28:00.982370 [info ] [MainThread]: Registered adapter: snowflake=1.11.5
[0m21:28:01.320267 [debug] [MainThread]: checksum: 30a8cc8fdcbf66701b0944d4ccce3fa46dd04b61e5df68b9f16d57b2e0e3f0be, vars: {}, profile: , target: , version: 1.11.11
[0m21:28:01.450637 [debug] [MainThread]: Partial parsing enabled: 0 files deleted, 0 files added, 0 files changed.
[0m21:28:01.450637 [debug] [MainThread]: Nothing changed, skipping partial parsing.
[0m21:28:01.450637 [debug] [MainThread]: Partial parsing enabled, no changes found, skipping parsing
[0m21:28:01.455690 [warn ] [MainThread]: [[33mWARNING[0m]: Configuration paths exist in your dbt_project.yml file which do not apply to any resources.
There are 1 unused configuration paths:
- models.olist_transform.example
[0m21:28:01.493191 [debug] [MainThread]: Sending event: {'category': 'dbt', 'action': 'load_project', 'label': '1f3982b9-956d-43e7-b404-696f846918f3', 'context': [<snowplow_tracker.self_describing_json.SelfDescribingJson object at 0x0000023A8255DF10>]}
[0m21:28:01.565765 [debug] [MainThread]: Wrote artifact WritableManifest to C:\Users\SURF\snowflake_pilot\olist_transform\target\manifest.json
[0m21:28:01.578160 [debug] [MainThread]: Wrote artifact SemanticManifest to C:\Users\SURF\snowflake_pilot\olist_transform\target\semantic_manifest.json
[0m21:28:01.590918 [debug] [MainThread]: Sending event: {'category': 'dbt', 'action': 'resource_counts', 'label': '1f3982b9-956d-43e7-b404-696f846918f3', 'context': [<snowplow_tracker.self_describing_json.SelfDescribingJson object at 0x0000023A8283D850>]}
[0m21:28:01.590918 [info ] [MainThread]: Found 3 models, 2 sources, 536 macros
[0m21:28:01.594522 [debug] [MainThread]: Sending event: {'category': 'dbt', 'action': 'runnable_timing', 'label': '1f3982b9-956d-43e7-b404-696f846918f3', 'context': [<snowplow_tracker.self_describing_json.SelfDescribingJson object at 0x0000023A82A4DDC0>]}
[0m21:28:01.595567 [info ] [MainThread]: 
[0m21:28:01.597464 [info ] [MainThread]: Concurrency: 4 threads (target='dev')
[0m21:28:01.597464 [info ] [MainThread]: 
[0m21:28:01.598575 [debug] [MainThread]: Acquiring new snowflake connection 'master'
[0m21:28:01.600741 [debug] [ThreadPool]: Acquiring new snowflake connection 'list_OLIST_PROJECT'
[0m21:28:01.686520 [debug] [ThreadPool]: Using snowflake connection "list_OLIST_PROJECT"
[0m21:28:01.686520 [debug] [ThreadPool]: On list_OLIST_PROJECT: show terse schemas in database OLIST_PROJECT
    limit 10000
/* {"app": "dbt", "dbt_version": "1.11.11", "profile_name": "olist_transform", "target_name": "dev", "connection_name": "list_OLIST_PROJECT"} */
[0m21:28:01.686520 [debug] [ThreadPool]: Opening a new connection, currently in state init
[0m21:28:04.645776 [debug] [ThreadPool]: SQL status: SUCCESS 4 in 2.952 seconds
[0m21:28:04.655016 [debug] [ThreadPool]: Acquiring new snowflake connection 'list_OLIST_PROJECT_PUBLIC'
[0m21:28:04.681022 [debug] [ThreadPool]: Using snowflake connection "list_OLIST_PROJECT_PUBLIC"
[0m21:28:04.681022 [debug] [ThreadPool]: On list_OLIST_PROJECT_PUBLIC: show objects in OLIST_PROJECT.PUBLIC
    limit 10000
    

/* {"app": "dbt", "dbt_version": "1.11.11", "profile_name": "olist_transform", "target_name": "dev", "connection_name": "list_OLIST_PROJECT_PUBLIC"} */;
[0m21:28:04.682028 [debug] [ThreadPool]: Opening a new connection, currently in state init
[0m21:28:05.769354 [debug] [ThreadPool]: SQL status: SUCCESS 9 in 1.091 seconds
[0m21:28:05.780968 [debug] [MainThread]: Sending event: {'category': 'dbt', 'action': 'runnable_timing', 'label': '1f3982b9-956d-43e7-b404-696f846918f3', 'context': [<snowplow_tracker.self_describing_json.SelfDescribingJson object at 0x0000023A82A4D3D0>]}
[0m21:28:05.794212 [debug] [Thread-2 (]: Began running node model.olist_transform.stg_customers
[0m21:28:05.795727 [debug] [Thread-3 (]: Began running node model.olist_transform.stg_orders
[0m21:28:05.795727 [info ] [Thread-2 (]: 1 of 3 START sql view model PUBLIC.stg_customers ............................... [RUN]
[0m21:28:05.797413 [debug] [Thread-2 (]: Acquiring new snowflake connection 'model.olist_transform.stg_customers'
[0m21:28:05.798727 [debug] [Thread-2 (]: Began compiling node model.olist_transform.stg_customers
[0m21:28:05.797413 [info ] [Thread-3 (]: 2 of 3 START sql view model PUBLIC.stg_orders .................................. [RUN]
[0m21:28:05.808887 [debug] [Thread-2 (]: Writing injected SQL for node "model.olist_transform.stg_customers"
[0m21:28:05.812280 [debug] [Thread-3 (]: Acquiring new snowflake connection 'model.olist_transform.stg_orders'
[0m21:28:05.813469 [debug] [Thread-3 (]: Began compiling node model.olist_transform.stg_orders
[0m21:28:05.817957 [debug] [Thread-3 (]: Writing injected SQL for node "model.olist_transform.stg_orders"
[0m21:28:05.821158 [debug] [Thread-2 (]: Began executing node model.olist_transform.stg_customers
[0m21:28:05.858733 [debug] [Thread-2 (]: Writing runtime sql for node "model.olist_transform.stg_customers"
[0m21:28:05.859739 [debug] [Thread-3 (]: Began executing node model.olist_transform.stg_orders
[0m21:28:05.862191 [debug] [Thread-3 (]: Writing runtime sql for node "model.olist_transform.stg_orders"
[0m21:28:05.864343 [debug] [Thread-2 (]: Using snowflake connection "model.olist_transform.stg_customers"
[0m21:28:05.864343 [debug] [Thread-2 (]: On model.olist_transform.stg_customers: create or replace   view OLIST_PROJECT.PUBLIC.stg_customers
  
  
  
  
  as (
    select 
    customer_id,
    customer_city,
    customer_state
from OLIST_PROJECT.PUBLIC.RAW_CUSTOMERS
  )
/* {"app": "dbt", "dbt_version": "1.11.11", "profile_name": "olist_transform", "target_name": "dev", "node_id": "model.olist_transform.stg_customers"} */;
[0m21:28:05.864343 [debug] [Thread-2 (]: Opening a new connection, currently in state init
[0m21:28:05.867870 [debug] [Thread-3 (]: Using snowflake connection "model.olist_transform.stg_orders"
[0m21:28:05.867870 [debug] [Thread-3 (]: On model.olist_transform.stg_orders: create or replace   view OLIST_PROJECT.PUBLIC.stg_orders
  
  
  
  
  as (
    select 
    order_id,
    customer_id,
    order_status,
    to_timestamp_ntz(order_purchase_timestamp/1000000000) as purchase_date,
    to_timestamp_ntz(order_approved_at/1000000000) as approval_date,
    to_timestamp_ntz(order_delivered_carrier_date/1000000000) as carrier_delivered_date,
    to_timestamp_ntz(order_delivered_customer_date/1000000000) as customer_delivered_date,
    to_timestamp_ntz(order_estimated_delivery_date/1000000000) as estimated_delivery_date
from OLIST_PROJECT.PUBLIC.RAW_ORDERS
  )
/* {"app": "dbt", "dbt_version": "1.11.11", "profile_name": "olist_transform", "target_name": "dev", "node_id": "model.olist_transform.stg_orders"} */;
[0m21:28:05.867870 [debug] [Thread-3 (]: Opening a new connection, currently in state init
[0m21:28:06.787553 [debug] [Thread-3 (]: SQL status: SUCCESS 1 in 0.919 seconds
[0m21:28:06.822853 [debug] [Thread-3 (]: Sending event: {'category': 'dbt', 'action': 'run_model', 'label': '1f3982b9-956d-43e7-b404-696f846918f3', 'context': [<snowplow_tracker.self_describing_json.SelfDescribingJson object at 0x0000023AFF6BD970>]}
[0m21:28:06.822853 [info ] [Thread-3 (]: 2 of 3 OK created sql view model PUBLIC.stg_orders ............................. [[32mSUCCESS 1[0m in 1.01s]
[0m21:28:06.822853 [debug] [Thread-3 (]: Finished running node model.olist_transform.stg_orders
[0m21:28:06.825090 [debug] [Thread-5 (]: Began running node model.olist_transform.fct_order_delivery_performance
[0m21:28:06.825628 [info ] [Thread-5 (]: 3 of 3 START sql view model PUBLIC.fct_order_delivery_performance .............. [RUN]
[0m21:28:06.826923 [debug] [Thread-5 (]: Acquiring new snowflake connection 'model.olist_transform.fct_order_delivery_performance'
[0m21:28:06.826923 [debug] [Thread-5 (]: Began compiling node model.olist_transform.fct_order_delivery_performance
[0m21:28:06.826923 [debug] [Thread-5 (]: Writing injected SQL for node "model.olist_transform.fct_order_delivery_performance"
[0m21:28:06.830500 [debug] [Thread-5 (]: Began executing node model.olist_transform.fct_order_delivery_performance
[0m21:28:06.835538 [debug] [Thread-5 (]: Writing runtime sql for node "model.olist_transform.fct_order_delivery_performance"
[0m21:28:06.837603 [debug] [Thread-5 (]: Using snowflake connection "model.olist_transform.fct_order_delivery_performance"
[0m21:28:06.837603 [debug] [Thread-5 (]: On model.olist_transform.fct_order_delivery_performance: create or replace   view OLIST_PROJECT.PUBLIC.fct_order_delivery_performance
  
  
  
  
  as (
    select 
    *,
    timediff('hour', purchase_date, estimated_delivery_date) as actual_delivery_time
from OLIST_PROJECT.PUBLIC.stg_orders
  )
/* {"app": "dbt", "dbt_version": "1.11.11", "profile_name": "olist_transform", "target_name": "dev", "node_id": "model.olist_transform.fct_order_delivery_performance"} */;
[0m21:28:06.838627 [debug] [Thread-5 (]: Opening a new connection, currently in state init
[0m21:28:07.153800 [debug] [Thread-2 (]: SQL status: SUCCESS 1 in 1.289 seconds
[0m21:28:07.158951 [debug] [Thread-2 (]: Sending event: {'category': 'dbt', 'action': 'run_model', 'label': '1f3982b9-956d-43e7-b404-696f846918f3', 'context': [<snowplow_tracker.self_describing_json.SelfDescribingJson object at 0x0000023A831D02C0>]}
[0m21:28:07.160969 [info ] [Thread-2 (]: 1 of 3 OK created sql view model PUBLIC.stg_customers .......................... [[32mSUCCESS 1[0m in 1.36s]
[0m21:28:07.164233 [debug] [Thread-2 (]: Finished running node model.olist_transform.stg_customers
[0m21:28:07.779768 [debug] [Thread-5 (]: SQL status: SUCCESS 1 in 0.942 seconds
[0m21:28:07.788467 [debug] [Thread-5 (]: Sending event: {'category': 'dbt', 'action': 'run_model', 'label': '1f3982b9-956d-43e7-b404-696f846918f3', 'context': [<snowplow_tracker.self_describing_json.SelfDescribingJson object at 0x0000023A84369910>]}
[0m21:28:07.788467 [info ] [Thread-5 (]: 3 of 3 OK created sql view model PUBLIC.fct_order_delivery_performance ......... [[32mSUCCESS 1[0m in 0.96s]
[0m21:28:07.793881 [debug] [Thread-5 (]: Finished running node model.olist_transform.fct_order_delivery_performance
[0m21:28:07.801193 [debug] [MainThread]: Connection 'master' was properly closed.
[0m21:28:07.801193 [debug] [MainThread]: Connection 'list_OLIST_PROJECT' was left open.
[0m21:28:07.802718 [debug] [MainThread]: On list_OLIST_PROJECT: Close
[0m21:28:08.165503 [debug] [MainThread]: Connection 'list_OLIST_PROJECT_PUBLIC' was left open.
[0m21:28:08.165503 [debug] [MainThread]: On list_OLIST_PROJECT_PUBLIC: Close
[0m21:28:08.486024 [debug] [MainThread]: Connection 'model.olist_transform.stg_customers' was left open.
[0m21:28:08.487252 [debug] [MainThread]: On model.olist_transform.stg_customers: Close
[0m21:28:08.832216 [debug] [MainThread]: Connection 'model.olist_transform.stg_orders' was left open.
[0m21:28:08.835826 [debug] [MainThread]: On model.olist_transform.stg_orders: Close
[0m21:28:09.149730 [debug] [MainThread]: Connection 'model.olist_transform.fct_order_delivery_performance' was left open.
[0m21:28:09.151745 [debug] [MainThread]: On model.olist_transform.fct_order_delivery_performance: Close
[0m21:28:09.475519 [info ] [MainThread]: 
[0m21:28:09.477742 [info ] [MainThread]: Finished running 3 view models in 0 hours 0 minutes and 7.88 seconds (7.88s).
[0m21:28:09.478798 [debug] [MainThread]: Command end result
[0m21:28:09.512695 [debug] [MainThread]: Wrote artifact WritableManifest to C:\Users\SURF\snowflake_pilot\olist_transform\target\manifest.json
[0m21:28:09.515685 [debug] [MainThread]: Wrote artifact SemanticManifest to C:\Users\SURF\snowflake_pilot\olist_transform\target\semantic_manifest.json
[0m21:28:09.522416 [debug] [MainThread]: Wrote artifact RunExecutionResult to C:\Users\SURF\snowflake_pilot\olist_transform\target\run_results.json
[0m21:28:09.522416 [info ] [MainThread]: 
[0m21:28:09.523474 [info ] [MainThread]: [32mCompleted successfully[0m
[0m21:28:09.524716 [info ] [MainThread]: 
[0m21:28:09.525396 [info ] [MainThread]: Done. PASS=3 WARN=0 ERROR=0 SKIP=0 NO-OP=0 TOTAL=3
[0m21:28:09.525966 [debug] [MainThread]: Command `dbt run` succeeded at 21:28:09.525966 after 9.56 seconds
[0m21:28:09.526993 [debug] [MainThread]: Sending event: {'category': 'dbt', 'action': 'invocation', 'label': 'end', 'context': [<snowplow_tracker.self_describing_json.SelfDescribingJson object at 0x0000023A81651190>, <snowplow_tracker.self_describing_json.SelfDescribingJson object at 0x0000023AFF699730>, <snowplow_tracker.self_describing_json.SelfDescribingJson object at 0x0000023AFF69B3B0>]}
[0m21:28:09.526993 [debug] [MainThread]: Flushing usage events
[0m21:28:11.595942 [debug] [MainThread]: An error was encountered while trying to flush usage events
[0m21:29:38.508935 [debug] [MainThread]: Sending event: {'category': 'dbt', 'action': 'invocation', 'label': 'start', 'context': [<snowplow_tracker.self_describing_json.SelfDescribingJson object at 0x000002E30EA2A360>, <snowplow_tracker.self_describing_json.SelfDescribingJson object at 0x000002E3118A29F0>, <snowplow_tracker.self_describing_json.SelfDescribingJson object at 0x000002E3118A2960>]}


============================== 21:29:38.511329 | f330c094-81b4-4476-b0fc-6463f3d66394 ==============================
[0m21:29:38.511329 [info ] [MainThread]: Running with dbt=1.11.11
[0m21:29:38.513379 [debug] [MainThread]: running dbt with arguments {'version_check': 'True', 'no_print': 'None', 'static_parser': 'True', 'warn_error_options': 'WarnErrorOptionsV2(error=[], warn=[], silence=[])', 'target_path': 'None', 'printer_width': '80', 'write_json': 'True', 'introspect': 'True', 'log_cache_events': 'False', 'empty': 'False', 'cache_selected_only': 'False', 'log_format': 'default', 'debug': 'False', 'fail_fast': 'False', 'profiles_dir': 'C:\\Users\\SURF\\.dbt', 'send_anonymous_usage_stats': 'True', 'quiet': 'False', 'warn_error': 'None', 'partial_parse': 'True', 'use_colors': 'True', 'indirect_selection': 'eager', 'invocation_command': 'dbt run', 'use_experimental_parser': 'False', 'log_path': 'C:\\Users\\SURF\\snowflake_pilot\\olist_transform\\logs'}
[0m21:29:38.813360 [debug] [MainThread]: Snowflake adapter: Setting snowflake.connector to ERROR (file logging only)
[0m21:29:38.815083 [debug] [MainThread]: Snowflake adapter: Setting botocore to ERROR (file logging only)
[0m21:29:38.815083 [debug] [MainThread]: Snowflake adapter: Setting boto3 to ERROR (file logging only)
[0m21:29:39.073454 [debug] [MainThread]: Sending event: {'category': 'dbt', 'action': 'project_id', 'label': 'f330c094-81b4-4476-b0fc-6463f3d66394', 'context': [<snowplow_tracker.self_describing_json.SelfDescribingJson object at 0x000002E313FC9E20>]}
[0m21:29:39.143261 [debug] [MainThread]: Sending event: {'category': 'dbt', 'action': 'adapter_info', 'label': 'f330c094-81b4-4476-b0fc-6463f3d66394', 'context': [<snowplow_tracker.self_describing_json.SelfDescribingJson object at 0x000002E313117080>]}
[0m21:29:39.145424 [info ] [MainThread]: Registered adapter: snowflake=1.11.5
[0m21:29:39.443177 [debug] [MainThread]: checksum: 30a8cc8fdcbf66701b0944d4ccce3fa46dd04b61e5df68b9f16d57b2e0e3f0be, vars: {}, profile: , target: , version: 1.11.11
[0m21:29:39.579013 [debug] [MainThread]: Partial parsing enabled: 0 files deleted, 0 files added, 0 files changed.
[0m21:29:39.579013 [debug] [MainThread]: Nothing changed, skipping partial parsing.
[0m21:29:39.579013 [debug] [MainThread]: Partial parsing enabled, no changes found, skipping parsing
[0m21:29:39.583207 [warn ] [MainThread]: [[33mWARNING[0m]: Configuration paths exist in your dbt_project.yml file which do not apply to any resources.
There are 1 unused configuration paths:
- models.olist_transform.example
[0m21:29:39.617487 [debug] [MainThread]: Sending event: {'category': 'dbt', 'action': 'load_project', 'label': 'f330c094-81b4-4476-b0fc-6463f3d66394', 'context': [<snowplow_tracker.self_describing_json.SelfDescribingJson object at 0x000002E3140D5D60>]}
[0m21:29:39.700223 [debug] [MainThread]: Wrote artifact WritableManifest to C:\Users\SURF\snowflake_pilot\olist_transform\target\manifest.json
[0m21:29:39.705431 [debug] [MainThread]: Wrote artifact SemanticManifest to C:\Users\SURF\snowflake_pilot\olist_transform\target\semantic_manifest.json
[0m21:29:39.716669 [debug] [MainThread]: Sending event: {'category': 'dbt', 'action': 'resource_counts', 'label': 'f330c094-81b4-4476-b0fc-6463f3d66394', 'context': [<snowplow_tracker.self_describing_json.SelfDescribingJson object at 0x000002E3142CD8E0>]}
[0m21:29:39.716669 [info ] [MainThread]: Found 3 models, 2 sources, 536 macros
[0m21:29:39.716669 [debug] [MainThread]: Sending event: {'category': 'dbt', 'action': 'runnable_timing', 'label': 'f330c094-81b4-4476-b0fc-6463f3d66394', 'context': [<snowplow_tracker.self_describing_json.SelfDescribingJson object at 0x000002E3144DDD90>]}
[0m21:29:39.719641 [info ] [MainThread]: 
[0m21:29:39.719641 [info ] [MainThread]: Concurrency: 4 threads (target='dev')
[0m21:29:39.719641 [info ] [MainThread]: 
[0m21:29:39.719641 [debug] [MainThread]: Acquiring new snowflake connection 'master'
[0m21:29:39.726437 [debug] [ThreadPool]: Acquiring new snowflake connection 'list_OLIST_PROJECT'
[0m21:29:39.801120 [debug] [ThreadPool]: Using snowflake connection "list_OLIST_PROJECT"
[0m21:29:39.801120 [debug] [ThreadPool]: On list_OLIST_PROJECT: show terse schemas in database OLIST_PROJECT
    limit 10000
/* {"app": "dbt", "dbt_version": "1.11.11", "profile_name": "olist_transform", "target_name": "dev", "connection_name": "list_OLIST_PROJECT"} */
[0m21:29:39.803167 [debug] [ThreadPool]: Opening a new connection, currently in state init
[0m21:29:41.303622 [debug] [ThreadPool]: SQL status: SUCCESS 4 in 1.500 seconds
[0m21:29:41.313408 [debug] [ThreadPool]: Acquiring new snowflake connection 'list_OLIST_PROJECT_PUBLIC'
[0m21:29:41.347538 [debug] [ThreadPool]: Using snowflake connection "list_OLIST_PROJECT_PUBLIC"
[0m21:29:41.347538 [debug] [ThreadPool]: On list_OLIST_PROJECT_PUBLIC: show objects in OLIST_PROJECT.PUBLIC
    limit 10000
    

/* {"app": "dbt", "dbt_version": "1.11.11", "profile_name": "olist_transform", "target_name": "dev", "connection_name": "list_OLIST_PROJECT_PUBLIC"} */;
[0m21:29:41.347538 [debug] [ThreadPool]: Opening a new connection, currently in state init
[0m21:29:42.394860 [debug] [ThreadPool]: SQL status: SUCCESS 9 in 1.045 seconds
[0m21:29:42.405308 [debug] [MainThread]: Sending event: {'category': 'dbt', 'action': 'runnable_timing', 'label': 'f330c094-81b4-4476-b0fc-6463f3d66394', 'context': [<snowplow_tracker.self_describing_json.SelfDescribingJson object at 0x000002E313115B80>]}
[0m21:29:42.424750 [debug] [Thread-2 (]: Began running node model.olist_transform.stg_customers
[0m21:29:42.424750 [debug] [Thread-3 (]: Began running node model.olist_transform.stg_orders
[0m21:29:42.424750 [info ] [Thread-2 (]: 1 of 3 START sql view model PUBLIC.stg_customers ............................... [RUN]
[0m21:29:42.428833 [debug] [Thread-2 (]: Acquiring new snowflake connection 'model.olist_transform.stg_customers'
[0m21:29:42.428833 [debug] [Thread-2 (]: Began compiling node model.olist_transform.stg_customers
[0m21:29:42.444548 [debug] [Thread-2 (]: Writing injected SQL for node "model.olist_transform.stg_customers"
[0m21:29:42.424750 [info ] [Thread-3 (]: 2 of 3 START sql view model PUBLIC.stg_orders .................................. [RUN]
[0m21:29:42.445548 [debug] [Thread-3 (]: Acquiring new snowflake connection 'model.olist_transform.stg_orders'
[0m21:29:42.445548 [debug] [Thread-3 (]: Began compiling node model.olist_transform.stg_orders
[0m21:29:42.449963 [debug] [Thread-3 (]: Writing injected SQL for node "model.olist_transform.stg_orders"
[0m21:29:42.452332 [debug] [Thread-3 (]: Began executing node model.olist_transform.stg_orders
[0m21:29:42.453349 [debug] [Thread-2 (]: Began executing node model.olist_transform.stg_customers
[0m21:29:42.502393 [debug] [Thread-2 (]: Writing runtime sql for node "model.olist_transform.stg_customers"
[0m21:29:42.504999 [debug] [Thread-3 (]: Writing runtime sql for node "model.olist_transform.stg_orders"
[0m21:29:42.507046 [debug] [Thread-2 (]: Using snowflake connection "model.olist_transform.stg_customers"
[0m21:29:42.507046 [debug] [Thread-2 (]: On model.olist_transform.stg_customers: create or replace   view OLIST_PROJECT.PUBLIC.stg_customers
  
  
  
  
  as (
    select 
    customer_id,
    customer_city,
    customer_state
from OLIST_PROJECT.PUBLIC.RAW_CUSTOMERS
  )
/* {"app": "dbt", "dbt_version": "1.11.11", "profile_name": "olist_transform", "target_name": "dev", "node_id": "model.olist_transform.stg_customers"} */;
[0m21:29:42.508465 [debug] [Thread-2 (]: Opening a new connection, currently in state init
[0m21:29:42.509499 [debug] [Thread-3 (]: Using snowflake connection "model.olist_transform.stg_orders"
[0m21:29:42.509499 [debug] [Thread-3 (]: On model.olist_transform.stg_orders: create or replace   view OLIST_PROJECT.PUBLIC.stg_orders
  
  
  
  
  as (
    select 
    order_id,
    customer_id,
    order_status,
    to_timestamp_ntz(order_purchase_timestamp/1000000000) as purchase_date,
    to_timestamp_ntz(order_approved_at/1000000000) as approval_date,
    to_timestamp_ntz(order_delivered_carrier_date/1000000000) as carrier_delivered_date,
    to_timestamp_ntz(order_delivered_customer_date/1000000000) as customer_delivered_date,
    to_timestamp_ntz(order_estimated_delivery_date/1000000000) as estimated_delivery_date
from OLIST_PROJECT.PUBLIC.RAW_ORDERS
  )
/* {"app": "dbt", "dbt_version": "1.11.11", "profile_name": "olist_transform", "target_name": "dev", "node_id": "model.olist_transform.stg_orders"} */;
[0m21:29:42.510497 [debug] [Thread-3 (]: Opening a new connection, currently in state init
[0m21:29:43.755098 [debug] [Thread-2 (]: SQL status: SUCCESS 1 in 1.249 seconds
[0m21:29:43.796336 [debug] [Thread-3 (]: SQL status: SUCCESS 1 in 1.286 seconds
[0m21:29:43.833597 [debug] [Thread-2 (]: Sending event: {'category': 'dbt', 'action': 'run_model', 'label': 'f330c094-81b4-4476-b0fc-6463f3d66394', 'context': [<snowplow_tracker.self_describing_json.SelfDescribingJson object at 0x000002E314CC73E0>]}
[0m21:29:43.834793 [debug] [Thread-3 (]: Sending event: {'category': 'dbt', 'action': 'run_model', 'label': 'f330c094-81b4-4476-b0fc-6463f3d66394', 'context': [<snowplow_tracker.self_describing_json.SelfDescribingJson object at 0x000002E314D1FA70>]}
[0m21:29:43.834793 [info ] [Thread-2 (]: 1 of 3 OK created sql view model PUBLIC.stg_customers .......................... [[32mSUCCESS 1[0m in 1.40s]
[0m21:29:43.834793 [debug] [Thread-2 (]: Finished running node model.olist_transform.stg_customers
[0m21:29:43.834793 [info ] [Thread-3 (]: 2 of 3 OK created sql view model PUBLIC.stg_orders ............................. [[32mSUCCESS 1[0m in 1.38s]
[0m21:29:43.838149 [debug] [Thread-3 (]: Finished running node model.olist_transform.stg_orders
[0m21:29:43.839155 [debug] [Thread-5 (]: Began running node model.olist_transform.fct_order_delivery_performance
[0m21:29:43.839155 [info ] [Thread-5 (]: 3 of 3 START sql view model PUBLIC.fct_order_delivery_performance .............. [RUN]
[0m21:29:43.840197 [debug] [Thread-5 (]: Acquiring new snowflake connection 'model.olist_transform.fct_order_delivery_performance'
[0m21:29:43.840197 [debug] [Thread-5 (]: Began compiling node model.olist_transform.fct_order_delivery_performance
[0m21:29:43.844832 [debug] [Thread-5 (]: Writing injected SQL for node "model.olist_transform.fct_order_delivery_performance"
[0m21:29:43.846165 [debug] [Thread-5 (]: Began executing node model.olist_transform.fct_order_delivery_performance
[0m21:29:43.848907 [debug] [Thread-5 (]: Writing runtime sql for node "model.olist_transform.fct_order_delivery_performance"
[0m21:29:43.848907 [debug] [Thread-5 (]: Using snowflake connection "model.olist_transform.fct_order_delivery_performance"
[0m21:29:43.848907 [debug] [Thread-5 (]: On model.olist_transform.fct_order_delivery_performance: create or replace   view OLIST_PROJECT.PUBLIC.fct_order_delivery_performance
  
  
  
  
  as (
    select 
    *,
    (timediff('hour', purchase_date, estimated_delivery_date)/24.0)::float as actual_delivery_time
from OLIST_PROJECT.PUBLIC.stg_orders
  )
/* {"app": "dbt", "dbt_version": "1.11.11", "profile_name": "olist_transform", "target_name": "dev", "node_id": "model.olist_transform.fct_order_delivery_performance"} */;
[0m21:29:43.852178 [debug] [Thread-5 (]: Opening a new connection, currently in state init
[0m21:29:45.378082 [debug] [Thread-5 (]: SQL status: SUCCESS 1 in 1.527 seconds
[0m21:29:45.378082 [debug] [Thread-5 (]: Sending event: {'category': 'dbt', 'action': 'run_model', 'label': 'f330c094-81b4-4476-b0fc-6463f3d66394', 'context': [<snowplow_tracker.self_describing_json.SelfDescribingJson object at 0x000002E314D0AFF0>]}
[0m21:29:45.383675 [info ] [Thread-5 (]: 3 of 3 OK created sql view model PUBLIC.fct_order_delivery_performance ......... [[32mSUCCESS 1[0m in 1.54s]
[0m21:29:45.383675 [debug] [Thread-5 (]: Finished running node model.olist_transform.fct_order_delivery_performance
[0m21:29:45.383675 [debug] [MainThread]: Connection 'master' was properly closed.
[0m21:29:45.387585 [debug] [MainThread]: Connection 'list_OLIST_PROJECT' was left open.
[0m21:29:45.387585 [debug] [MainThread]: On list_OLIST_PROJECT: Close
[0m21:29:45.713270 [debug] [MainThread]: Connection 'list_OLIST_PROJECT_PUBLIC' was left open.
[0m21:29:45.713270 [debug] [MainThread]: On list_OLIST_PROJECT_PUBLIC: Close
[0m21:29:46.056518 [debug] [MainThread]: Connection 'model.olist_transform.stg_customers' was left open.
[0m21:29:46.056518 [debug] [MainThread]: On model.olist_transform.stg_customers: Close
[0m21:29:46.383637 [debug] [MainThread]: Connection 'model.olist_transform.stg_orders' was left open.
[0m21:29:46.385757 [debug] [MainThread]: On model.olist_transform.stg_orders: Close
[0m21:29:46.743684 [debug] [MainThread]: Connection 'model.olist_transform.fct_order_delivery_performance' was left open.
[0m21:29:46.745513 [debug] [MainThread]: On model.olist_transform.fct_order_delivery_performance: Close
[0m21:29:47.105802 [info ] [MainThread]: 
[0m21:29:47.107777 [info ] [MainThread]: Finished running 3 view models in 0 hours 0 minutes and 7.39 seconds (7.39s).
[0m21:29:47.113600 [debug] [MainThread]: Command end result
[0m21:29:47.172452 [debug] [MainThread]: Wrote artifact WritableManifest to C:\Users\SURF\snowflake_pilot\olist_transform\target\manifest.json
[0m21:29:47.175639 [debug] [MainThread]: Wrote artifact SemanticManifest to C:\Users\SURF\snowflake_pilot\olist_transform\target\semantic_manifest.json
[0m21:29:47.181668 [debug] [MainThread]: Wrote artifact RunExecutionResult to C:\Users\SURF\snowflake_pilot\olist_transform\target\run_results.json
[0m21:29:47.183179 [info ] [MainThread]: 
[0m21:29:47.183798 [info ] [MainThread]: [32mCompleted successfully[0m
[0m21:29:47.183798 [info ] [MainThread]: 
[0m21:29:47.183798 [info ] [MainThread]: Done. PASS=3 WARN=0 ERROR=0 SKIP=0 NO-OP=0 TOTAL=3
[0m21:29:47.185824 [debug] [MainThread]: Command `dbt run` succeeded at 21:29:47.185824 after 8.81 seconds
[0m21:29:47.185824 [debug] [MainThread]: Sending event: {'category': 'dbt', 'action': 'invocation', 'label': 'end', 'context': [<snowplow_tracker.self_describing_json.SelfDescribingJson object at 0x000002E31117AF30>, <snowplow_tracker.self_describing_json.SelfDescribingJson object at 0x000002E30EB13770>, <snowplow_tracker.self_describing_json.SelfDescribingJson object at 0x000002E31308D6A0>]}
[0m21:29:47.185824 [debug] [MainThread]: Flushing usage events
[0m21:29:48.817283 [debug] [MainThread]: An error was encountered while trying to flush usage events
[0m21:34:53.478346 [debug] [MainThread]: Sending event: {'category': 'dbt', 'action': 'invocation', 'label': 'start', 'context': [<snowplow_tracker.self_describing_json.SelfDescribingJson object at 0x000001607D6AD310>, <snowplow_tracker.self_describing_json.SelfDescribingJson object at 0x000001607D4B36E0>, <snowplow_tracker.self_describing_json.SelfDescribingJson object at 0x000001607D4B1A60>]}


============================== 21:34:53.481468 | 2c7bf350-5bcc-4ea5-bd25-f11f43ed0a3e ==============================
[0m21:34:53.481468 [info ] [MainThread]: Running with dbt=1.11.11
[0m21:34:53.483010 [debug] [MainThread]: running dbt with arguments {'version_check': 'True', 'no_print': 'None', 'static_parser': 'True', 'target_path': 'None', 'warn_error_options': 'WarnErrorOptionsV2(error=[], warn=[], silence=[])', 'printer_width': '80', 'write_json': 'True', 'introspect': 'True', 'log_cache_events': 'False', 'empty': 'False', 'cache_selected_only': 'False', 'log_format': 'default', 'debug': 'False', 'fail_fast': 'False', 'partial_parse': 'True', 'send_anonymous_usage_stats': 'True', 'quiet': 'False', 'warn_error': 'None', 'profiles_dir': 'C:\\Users\\SURF\\.dbt', 'invocation_command': 'dbt run', 'indirect_selection': 'eager', 'use_colors': 'True', 'use_experimental_parser': 'False', 'log_path': 'C:\\Users\\SURF\\snowflake_pilot\\olist_transform\\logs'}
[0m21:34:53.836171 [debug] [MainThread]: Snowflake adapter: Setting snowflake.connector to ERROR (file logging only)
[0m21:34:53.836171 [debug] [MainThread]: Snowflake adapter: Setting botocore to ERROR (file logging only)
[0m21:34:53.836171 [debug] [MainThread]: Snowflake adapter: Setting boto3 to ERROR (file logging only)
[0m21:34:54.122888 [debug] [MainThread]: Sending event: {'category': 'dbt', 'action': 'project_id', 'label': '2c7bf350-5bcc-4ea5-bd25-f11f43ed0a3e', 'context': [<snowplow_tracker.self_describing_json.SelfDescribingJson object at 0x000001607B453830>]}
[0m21:34:54.193261 [debug] [MainThread]: Sending event: {'category': 'dbt', 'action': 'adapter_info', 'label': '2c7bf350-5bcc-4ea5-bd25-f11f43ed0a3e', 'context': [<snowplow_tracker.self_describing_json.SelfDescribingJson object at 0x000001607F98B0B0>]}
[0m21:34:54.194660 [info ] [MainThread]: Registered adapter: snowflake=1.11.5
[0m21:34:54.486299 [debug] [MainThread]: checksum: 30a8cc8fdcbf66701b0944d4ccce3fa46dd04b61e5df68b9f16d57b2e0e3f0be, vars: {}, profile: , target: , version: 1.11.11
[0m21:34:54.616114 [debug] [MainThread]: Partial parsing enabled: 0 files deleted, 0 files added, 0 files changed.
[0m21:34:54.616114 [debug] [MainThread]: Nothing changed, skipping partial parsing.
[0m21:34:54.616114 [debug] [MainThread]: Partial parsing enabled, no changes found, skipping parsing
[0m21:34:54.622822 [warn ] [MainThread]: [[33mWARNING[0m]: Configuration paths exist in your dbt_project.yml file which do not apply to any resources.
There are 1 unused configuration paths:
- models.olist_transform.example
[0m21:34:54.657991 [debug] [MainThread]: Sending event: {'category': 'dbt', 'action': 'load_project', 'label': '2c7bf350-5bcc-4ea5-bd25-f11f43ed0a3e', 'context': [<snowplow_tracker.self_describing_json.SelfDescribingJson object at 0x0000016000B07C80>]}
[0m21:34:54.738054 [debug] [MainThread]: Wrote artifact WritableManifest to C:\Users\SURF\snowflake_pilot\olist_transform\target\manifest.json
[0m21:34:54.743161 [debug] [MainThread]: Wrote artifact SemanticManifest to C:\Users\SURF\snowflake_pilot\olist_transform\target\semantic_manifest.json
[0m21:34:54.752934 [debug] [MainThread]: Sending event: {'category': 'dbt', 'action': 'resource_counts', 'label': '2c7bf350-5bcc-4ea5-bd25-f11f43ed0a3e', 'context': [<snowplow_tracker.self_describing_json.SelfDescribingJson object at 0x0000016000CFDA90>]}
[0m21:34:54.752934 [info ] [MainThread]: Found 3 models, 2 sources, 536 macros
[0m21:34:54.752934 [debug] [MainThread]: Sending event: {'category': 'dbt', 'action': 'runnable_timing', 'label': '2c7bf350-5bcc-4ea5-bd25-f11f43ed0a3e', 'context': [<snowplow_tracker.self_describing_json.SelfDescribingJson object at 0x0000016000F0DF40>]}
[0m21:34:54.755878 [info ] [MainThread]: 
[0m21:34:54.755878 [info ] [MainThread]: Concurrency: 4 threads (target='dev')
[0m21:34:54.755878 [info ] [MainThread]: 
[0m21:34:54.758391 [debug] [MainThread]: Acquiring new snowflake connection 'master'
[0m21:34:54.762912 [debug] [ThreadPool]: Acquiring new snowflake connection 'list_OLIST_PROJECT'
[0m21:34:54.839620 [debug] [ThreadPool]: Using snowflake connection "list_OLIST_PROJECT"
[0m21:34:54.839620 [debug] [ThreadPool]: On list_OLIST_PROJECT: show terse schemas in database OLIST_PROJECT
    limit 10000
/* {"app": "dbt", "dbt_version": "1.11.11", "profile_name": "olist_transform", "target_name": "dev", "connection_name": "list_OLIST_PROJECT"} */
[0m21:34:54.839620 [debug] [ThreadPool]: Opening a new connection, currently in state init
[0m21:34:57.313516 [debug] [ThreadPool]: SQL status: SUCCESS 4 in 2.473 seconds
[0m21:34:57.318727 [debug] [ThreadPool]: Acquiring new snowflake connection 'list_OLIST_PROJECT_PUBLIC'
[0m21:34:57.345025 [debug] [ThreadPool]: Using snowflake connection "list_OLIST_PROJECT_PUBLIC"
[0m21:34:57.345025 [debug] [ThreadPool]: On list_OLIST_PROJECT_PUBLIC: show objects in OLIST_PROJECT.PUBLIC
    limit 10000
    

/* {"app": "dbt", "dbt_version": "1.11.11", "profile_name": "olist_transform", "target_name": "dev", "connection_name": "list_OLIST_PROJECT_PUBLIC"} */;
[0m21:34:57.347484 [debug] [ThreadPool]: Opening a new connection, currently in state init
[0m21:34:58.455633 [debug] [ThreadPool]: SQL status: SUCCESS 9 in 1.109 seconds
[0m21:34:58.472988 [debug] [MainThread]: Sending event: {'category': 'dbt', 'action': 'runnable_timing', 'label': '2c7bf350-5bcc-4ea5-bd25-f11f43ed0a3e', 'context': [<snowplow_tracker.self_describing_json.SelfDescribingJson object at 0x000001607B5330E0>]}
[0m21:34:58.483167 [debug] [Thread-2 (]: Began running node model.olist_transform.stg_customers
[0m21:34:58.483167 [debug] [Thread-3 (]: Began running node model.olist_transform.stg_orders
[0m21:34:58.485240 [info ] [Thread-2 (]: 1 of 3 START sql view model PUBLIC.stg_customers ............................... [RUN]
[0m21:34:58.487543 [debug] [Thread-2 (]: Acquiring new snowflake connection 'model.olist_transform.stg_customers'
[0m21:34:58.485240 [info ] [Thread-3 (]: 2 of 3 START sql view model PUBLIC.stg_orders .................................. [RUN]
[0m21:34:58.487543 [debug] [Thread-2 (]: Began compiling node model.olist_transform.stg_customers
[0m21:34:58.487543 [debug] [Thread-3 (]: Acquiring new snowflake connection 'model.olist_transform.stg_orders'
[0m21:34:58.501367 [debug] [Thread-2 (]: Writing injected SQL for node "model.olist_transform.stg_customers"
[0m21:34:58.503379 [debug] [Thread-3 (]: Began compiling node model.olist_transform.stg_orders
[0m21:34:58.507867 [debug] [Thread-3 (]: Writing injected SQL for node "model.olist_transform.stg_orders"
[0m21:34:58.510343 [debug] [Thread-2 (]: Began executing node model.olist_transform.stg_customers
[0m21:34:58.511392 [debug] [Thread-3 (]: Began executing node model.olist_transform.stg_orders
[0m21:34:58.569825 [debug] [Thread-2 (]: Writing runtime sql for node "model.olist_transform.stg_customers"
[0m21:34:58.573340 [debug] [Thread-3 (]: Writing runtime sql for node "model.olist_transform.stg_orders"
[0m21:34:58.577260 [debug] [Thread-3 (]: Using snowflake connection "model.olist_transform.stg_orders"
[0m21:34:58.577793 [debug] [Thread-2 (]: Using snowflake connection "model.olist_transform.stg_customers"
[0m21:34:58.579210 [debug] [Thread-3 (]: On model.olist_transform.stg_orders: create or replace   view OLIST_PROJECT.PUBLIC.stg_orders
  
  
  
  
  as (
    select 
    order_id,
    customer_id,
    order_status,
    to_timestamp_ntz(order_purchase_timestamp/1000000000) as purchase_date,
    to_timestamp_ntz(order_approved_at/1000000000) as approval_date,
    to_timestamp_ntz(order_delivered_carrier_date/1000000000) as carrier_delivered_date,
    to_timestamp_ntz(order_delivered_customer_date/1000000000) as customer_delivered_date,
    to_timestamp_ntz(order_estimated_delivery_date/1000000000) as estimated_delivery_date
from OLIST_PROJECT.PUBLIC.RAW_ORDERS
  )
/* {"app": "dbt", "dbt_version": "1.11.11", "profile_name": "olist_transform", "target_name": "dev", "node_id": "model.olist_transform.stg_orders"} */;
[0m21:34:58.579210 [debug] [Thread-2 (]: On model.olist_transform.stg_customers: create or replace   view OLIST_PROJECT.PUBLIC.stg_customers
  
  
  
  
  as (
    select 
    customer_id,
    customer_city,
    customer_state
from OLIST_PROJECT.PUBLIC.RAW_CUSTOMERS
  )
/* {"app": "dbt", "dbt_version": "1.11.11", "profile_name": "olist_transform", "target_name": "dev", "node_id": "model.olist_transform.stg_customers"} */;
[0m21:34:58.579210 [debug] [Thread-3 (]: Opening a new connection, currently in state init
[0m21:34:58.580822 [debug] [Thread-2 (]: Opening a new connection, currently in state init
[0m21:34:59.577899 [debug] [Thread-2 (]: SQL status: SUCCESS 1 in 0.999 seconds
[0m21:34:59.625531 [debug] [Thread-2 (]: Sending event: {'category': 'dbt', 'action': 'run_model', 'label': '2c7bf350-5bcc-4ea5-bd25-f11f43ed0a3e', 'context': [<snowplow_tracker.self_describing_json.SelfDescribingJson object at 0x000001607DACD970>]}
[0m21:34:59.625531 [info ] [Thread-2 (]: 1 of 3 OK created sql view model PUBLIC.stg_customers .......................... [[32mSUCCESS 1[0m in 1.14s]
[0m21:34:59.630176 [debug] [Thread-2 (]: Finished running node model.olist_transform.stg_customers
[0m21:34:59.774811 [debug] [Thread-3 (]: SQL status: SUCCESS 1 in 1.195 seconds
[0m21:34:59.776395 [debug] [Thread-3 (]: Sending event: {'category': 'dbt', 'action': 'run_model', 'label': '2c7bf350-5bcc-4ea5-bd25-f11f43ed0a3e', 'context': [<snowplow_tracker.self_describing_json.SelfDescribingJson object at 0x00000160011DC1A0>]}
[0m21:34:59.776395 [info ] [Thread-3 (]: 2 of 3 OK created sql view model PUBLIC.stg_orders ............................. [[32mSUCCESS 1[0m in 1.29s]
[0m21:34:59.778950 [debug] [Thread-3 (]: Finished running node model.olist_transform.stg_orders
[0m21:34:59.778950 [debug] [Thread-5 (]: Began running node model.olist_transform.fct_order_delivery_performance
[0m21:34:59.778950 [info ] [Thread-5 (]: 3 of 3 START sql view model PUBLIC.fct_order_delivery_performance .............. [RUN]
[0m21:34:59.781549 [debug] [Thread-5 (]: Acquiring new snowflake connection 'model.olist_transform.fct_order_delivery_performance'
[0m21:34:59.781549 [debug] [Thread-5 (]: Began compiling node model.olist_transform.fct_order_delivery_performance
[0m21:34:59.784103 [debug] [Thread-5 (]: Writing injected SQL for node "model.olist_transform.fct_order_delivery_performance"
[0m21:34:59.784103 [debug] [Thread-5 (]: Began executing node model.olist_transform.fct_order_delivery_performance
[0m21:34:59.789589 [debug] [Thread-5 (]: Writing runtime sql for node "model.olist_transform.fct_order_delivery_performance"
[0m21:34:59.793144 [debug] [Thread-5 (]: Using snowflake connection "model.olist_transform.fct_order_delivery_performance"
[0m21:34:59.793144 [debug] [Thread-5 (]: On model.olist_transform.fct_order_delivery_performance: create or replace   view OLIST_PROJECT.PUBLIC.fct_order_delivery_performance
  
  
  
  
  as (
    select 
    *,
    (timediff('hour', purchase_date, estimated_delivery_date)/24.0)::float as estimated_delivery_time,
    (timediff('hour', purchase_date, customer_delivered_date)/24.0)::float as actual_delivery_time
from OLIST_PROJECT.PUBLIC.stg_orders
  )
/* {"app": "dbt", "dbt_version": "1.11.11", "profile_name": "olist_transform", "target_name": "dev", "node_id": "model.olist_transform.fct_order_delivery_performance"} */;
[0m21:34:59.794355 [debug] [Thread-5 (]: Opening a new connection, currently in state init
[0m21:35:00.786160 [debug] [Thread-5 (]: SQL status: SUCCESS 1 in 0.994 seconds
[0m21:35:00.796474 [debug] [Thread-5 (]: Sending event: {'category': 'dbt', 'action': 'run_model', 'label': '2c7bf350-5bcc-4ea5-bd25-f11f43ed0a3e', 'context': [<snowplow_tracker.self_describing_json.SelfDescribingJson object at 0x00000160028087A0>]}
[0m21:35:00.796474 [info ] [Thread-5 (]: 3 of 3 OK created sql view model PUBLIC.fct_order_delivery_performance ......... [[32mSUCCESS 1[0m in 1.01s]
[0m21:35:00.796474 [debug] [Thread-5 (]: Finished running node model.olist_transform.fct_order_delivery_performance
[0m21:35:00.803188 [debug] [MainThread]: Connection 'master' was properly closed.
[0m21:35:00.803188 [debug] [MainThread]: Connection 'list_OLIST_PROJECT' was left open.
[0m21:35:00.803188 [debug] [MainThread]: On list_OLIST_PROJECT: Close
[0m21:35:01.145888 [debug] [MainThread]: Connection 'list_OLIST_PROJECT_PUBLIC' was left open.
[0m21:35:01.147016 [debug] [MainThread]: On list_OLIST_PROJECT_PUBLIC: Close
[0m21:35:01.503103 [debug] [MainThread]: Connection 'model.olist_transform.stg_customers' was left open.
[0m21:35:01.505337 [debug] [MainThread]: On model.olist_transform.stg_customers: Close
[0m21:35:01.882153 [debug] [MainThread]: Connection 'model.olist_transform.stg_orders' was left open.
[0m21:35:01.883167 [debug] [MainThread]: On model.olist_transform.stg_orders: Close
[0m21:35:02.234546 [debug] [MainThread]: Connection 'model.olist_transform.fct_order_delivery_performance' was left open.
[0m21:35:02.234546 [debug] [MainThread]: On model.olist_transform.fct_order_delivery_performance: Close
[0m21:35:02.589800 [info ] [MainThread]: 
[0m21:35:02.593108 [info ] [MainThread]: Finished running 3 view models in 0 hours 0 minutes and 7.83 seconds (7.83s).
[0m21:35:02.598076 [debug] [MainThread]: Command end result
[0m21:35:02.651418 [debug] [MainThread]: Wrote artifact WritableManifest to C:\Users\SURF\snowflake_pilot\olist_transform\target\manifest.json
[0m21:35:02.652926 [debug] [MainThread]: Wrote artifact SemanticManifest to C:\Users\SURF\snowflake_pilot\olist_transform\target\semantic_manifest.json
[0m21:35:02.662983 [debug] [MainThread]: Wrote artifact RunExecutionResult to C:\Users\SURF\snowflake_pilot\olist_transform\target\run_results.json
[0m21:35:02.662983 [info ] [MainThread]: 
[0m21:35:02.662983 [info ] [MainThread]: [32mCompleted successfully[0m
[0m21:35:02.662983 [info ] [MainThread]: 
[0m21:35:02.662983 [info ] [MainThread]: Done. PASS=3 WARN=0 ERROR=0 SKIP=0 NO-OP=0 TOTAL=3
[0m21:35:02.666179 [debug] [MainThread]: Command `dbt run` succeeded at 21:35:02.666179 after 9.32 seconds
[0m21:35:02.666179 [debug] [MainThread]: Sending event: {'category': 'dbt', 'action': 'invocation', 'label': 'end', 'context': [<snowplow_tracker.self_describing_json.SelfDescribingJson object at 0x000001607DC85D00>, <snowplow_tracker.self_describing_json.SelfDescribingJson object at 0x000001607D5C55B0>, <snowplow_tracker.self_describing_json.SelfDescribingJson object at 0x000001607D5C6AE0>]}
[0m21:35:02.666179 [debug] [MainThread]: Flushing usage events
[0m21:35:04.432964 [debug] [MainThread]: An error was encountered while trying to flush usage events
[0m21:35:57.517781 [debug] [MainThread]: Sending event: {'category': 'dbt', 'action': 'invocation', 'label': 'start', 'context': [<snowplow_tracker.self_describing_json.SelfDescribingJson object at 0x0000018923B6E870>, <snowplow_tracker.self_describing_json.SelfDescribingJson object at 0x000001891F51A5D0>, <snowplow_tracker.self_describing_json.SelfDescribingJson object at 0x0000018922391BB0>]}


============================== 21:35:57.521327 | 43d8c252-6ccc-4b24-b6b5-5e22f3d28075 ==============================
[0m21:35:57.521327 [info ] [MainThread]: Running with dbt=1.11.11
[0m21:35:57.522330 [debug] [MainThread]: running dbt with arguments {'static_parser': 'True', 'no_print': 'None', 'version_check': 'True', 'target_path': 'None', 'warn_error_options': 'WarnErrorOptionsV2(error=[], warn=[], silence=[])', 'printer_width': '80', 'write_json': 'True', 'empty': 'None', 'log_cache_events': 'False', 'introspect': 'True', 'cache_selected_only': 'False', 'fail_fast': 'False', 'debug': 'False', 'log_format': 'default', 'partial_parse': 'True', 'send_anonymous_usage_stats': 'True', 'quiet': 'False', 'warn_error': 'None', 'profiles_dir': 'C:\\Users\\SURF\\.dbt', 'indirect_selection': 'eager', 'use_colors': 'True', 'invocation_command': 'dbt docs generate', 'use_experimental_parser': 'False', 'log_path': 'C:\\Users\\SURF\\snowflake_pilot\\olist_transform\\logs'}
[0m21:35:57.831659 [debug] [MainThread]: Snowflake adapter: Setting snowflake.connector to ERROR (file logging only)
[0m21:35:57.832830 [debug] [MainThread]: Snowflake adapter: Setting botocore to ERROR (file logging only)
[0m21:35:57.832830 [debug] [MainThread]: Snowflake adapter: Setting boto3 to ERROR (file logging only)
[0m21:35:58.115576 [debug] [MainThread]: Sending event: {'category': 'dbt', 'action': 'project_id', 'label': '43d8c252-6ccc-4b24-b6b5-5e22f3d28075', 'context': [<snowplow_tracker.self_describing_json.SelfDescribingJson object at 0x0000018923BAB710>]}
[0m21:35:58.180653 [debug] [MainThread]: Sending event: {'category': 'dbt', 'action': 'adapter_info', 'label': '43d8c252-6ccc-4b24-b6b5-5e22f3d28075', 'context': [<snowplow_tracker.self_describing_json.SelfDescribingJson object at 0x0000018924844860>]}
[0m21:35:58.185704 [info ] [MainThread]: Registered adapter: snowflake=1.11.5
[0m21:35:58.647858 [debug] [MainThread]: checksum: 30a8cc8fdcbf66701b0944d4ccce3fa46dd04b61e5df68b9f16d57b2e0e3f0be, vars: {}, profile: , target: , version: 1.11.11
[0m21:35:58.900730 [debug] [MainThread]: Partial parsing enabled: 0 files deleted, 0 files added, 0 files changed.
[0m21:35:58.900730 [debug] [MainThread]: Nothing changed, skipping partial parsing.
[0m21:35:58.901722 [debug] [MainThread]: Partial parsing enabled, no changes found, skipping parsing
[0m21:35:58.907313 [warn ] [MainThread]: [[33mWARNING[0m]: Configuration paths exist in your dbt_project.yml file which do not apply to any resources.
There are 1 unused configuration paths:
- models.olist_transform.example
[0m21:35:58.947269 [debug] [MainThread]: Sending event: {'category': 'dbt', 'action': 'load_project', 'label': '43d8c252-6ccc-4b24-b6b5-5e22f3d28075', 'context': [<snowplow_tracker.self_describing_json.SelfDescribingJson object at 0x0000018924D6C920>]}
[0m21:35:58.963388 [debug] [MainThread]: Sending event: {'category': 'dbt', 'action': 'resource_counts', 'label': '43d8c252-6ccc-4b24-b6b5-5e22f3d28075', 'context': [<snowplow_tracker.self_describing_json.SelfDescribingJson object at 0x0000018924EAEF90>]}
[0m21:35:58.965898 [info ] [MainThread]: Found 3 models, 2 sources, 536 macros
[0m21:35:58.965898 [debug] [MainThread]: Sending event: {'category': 'dbt', 'action': 'runnable_timing', 'label': '43d8c252-6ccc-4b24-b6b5-5e22f3d28075', 'context': [<snowplow_tracker.self_describing_json.SelfDescribingJson object at 0x0000018923BD14F0>]}
[0m21:35:58.968244 [info ] [MainThread]: 
[0m21:35:58.968244 [info ] [MainThread]: Concurrency: 4 threads (target='dev')
[0m21:35:58.968244 [info ] [MainThread]: 
[0m21:35:58.971296 [debug] [MainThread]: Acquiring new snowflake connection 'master'
[0m21:35:58.978654 [debug] [ThreadPool]: Acquiring new snowflake connection 'list_OLIST_PROJECT_PUBLIC'
[0m21:35:59.089445 [debug] [ThreadPool]: Using snowflake connection "list_OLIST_PROJECT_PUBLIC"
[0m21:35:59.089445 [debug] [ThreadPool]: On list_OLIST_PROJECT_PUBLIC: show objects in OLIST_PROJECT.PUBLIC
    limit 10000
    

/* {"app": "dbt", "dbt_version": "1.11.11", "profile_name": "olist_transform", "target_name": "dev", "connection_name": "list_OLIST_PROJECT_PUBLIC"} */;
[0m21:35:59.090442 [debug] [ThreadPool]: Opening a new connection, currently in state init
[0m21:36:00.606097 [debug] [ThreadPool]: SQL status: SUCCESS 9 in 1.516 seconds
[0m21:36:00.613129 [debug] [MainThread]: Sending event: {'category': 'dbt', 'action': 'runnable_timing', 'label': '43d8c252-6ccc-4b24-b6b5-5e22f3d28075', 'context': [<snowplow_tracker.self_describing_json.SelfDescribingJson object at 0x00000189249ED3D0>]}
[0m21:36:00.619481 [debug] [Thread-2 (]: Began running node model.olist_transform.stg_customers
[0m21:36:00.619481 [debug] [Thread-3 (]: Began running node model.olist_transform.stg_orders
[0m21:36:00.619481 [debug] [Thread-2 (]: Acquiring new snowflake connection 'model.olist_transform.stg_customers'
[0m21:36:00.623332 [debug] [Thread-3 (]: Acquiring new snowflake connection 'model.olist_transform.stg_orders'
[0m21:36:00.623332 [debug] [Thread-2 (]: Began compiling node model.olist_transform.stg_customers
[0m21:36:00.624734 [debug] [Thread-3 (]: Began compiling node model.olist_transform.stg_orders
[0m21:36:00.636042 [debug] [Thread-2 (]: Writing injected SQL for node "model.olist_transform.stg_customers"
[0m21:36:00.637830 [debug] [Thread-3 (]: Writing injected SQL for node "model.olist_transform.stg_orders"
[0m21:36:00.643433 [debug] [Thread-2 (]: Began executing node model.olist_transform.stg_customers
[0m21:36:00.644433 [debug] [Thread-3 (]: Began executing node model.olist_transform.stg_orders
[0m21:36:00.645891 [debug] [Thread-2 (]: Finished running node model.olist_transform.stg_customers
[0m21:36:00.648989 [debug] [Thread-3 (]: Finished running node model.olist_transform.stg_orders
[0m21:36:00.650621 [debug] [Thread-5 (]: Began running node model.olist_transform.fct_order_delivery_performance
[0m21:36:00.650621 [debug] [Thread-5 (]: Acquiring new snowflake connection 'model.olist_transform.fct_order_delivery_performance'
[0m21:36:00.650621 [debug] [Thread-5 (]: Began compiling node model.olist_transform.fct_order_delivery_performance
[0m21:36:00.655739 [debug] [Thread-5 (]: Writing injected SQL for node "model.olist_transform.fct_order_delivery_performance"
[0m21:36:00.655739 [debug] [Thread-5 (]: Began executing node model.olist_transform.fct_order_delivery_performance
[0m21:36:00.655739 [debug] [Thread-5 (]: Finished running node model.olist_transform.fct_order_delivery_performance
[0m21:36:00.660361 [debug] [MainThread]: Connection 'master' was properly closed.
[0m21:36:00.661632 [debug] [MainThread]: Connection 'list_OLIST_PROJECT_PUBLIC' was left open.
[0m21:36:00.661632 [debug] [MainThread]: On list_OLIST_PROJECT_PUBLIC: Close
[0m21:36:01.003122 [debug] [MainThread]: Connection 'model.olist_transform.stg_customers' was properly closed.
[0m21:36:01.004174 [debug] [MainThread]: Connection 'model.olist_transform.stg_orders' was properly closed.
[0m21:36:01.004174 [debug] [MainThread]: Connection 'model.olist_transform.fct_order_delivery_performance' was properly closed.
[0m21:36:01.005727 [debug] [MainThread]: Command end result
[0m21:36:01.119770 [debug] [MainThread]: Wrote artifact WritableManifest to C:\Users\SURF\snowflake_pilot\olist_transform\target\manifest.json
[0m21:36:01.125830 [debug] [MainThread]: Wrote artifact SemanticManifest to C:\Users\SURF\snowflake_pilot\olist_transform\target\semantic_manifest.json
[0m21:36:01.134374 [debug] [MainThread]: Wrote artifact RunExecutionResult to C:\Users\SURF\snowflake_pilot\olist_transform\target\run_results.json
[0m21:36:01.145808 [debug] [MainThread]: Acquiring new snowflake connection 'generate_catalog'
[0m21:36:01.145808 [info ] [MainThread]: Building catalog
[0m21:36:01.163069 [debug] [ThreadPool]: Acquiring new snowflake connection 'OLIST_PROJECT.information_schema'
[0m21:36:01.183349 [debug] [ThreadPool]: Using snowflake connection "OLIST_PROJECT.information_schema"
[0m21:36:01.184892 [debug] [ThreadPool]: On OLIST_PROJECT.information_schema: with tables as (
            select
        table_catalog as "table_database",
        table_schema as "table_schema",
        table_name as "table_name",
        case
            when is_dynamic = 'YES' and table_type = 'BASE TABLE' THEN 'DYNAMIC TABLE'
            else table_type
        end as "table_type",
        comment as "table_comment",

        -- note: this is the _role_ that owns the table
        table_owner as "table_owner",

        'Clustering Key' as "stats:clustering_key:label",
        clustering_key as "stats:clustering_key:value",
        'The key used to cluster this table' as "stats:clustering_key:description",
        (clustering_key is not null) as "stats:clustering_key:include",

        'Row Count' as "stats:row_count:label",
        row_count as "stats:row_count:value",
        'An approximate count of rows in this table' as "stats:row_count:description",
        (row_count is not null) as "stats:row_count:include",

        'Approximate Size' as "stats:bytes:label",
        bytes as "stats:bytes:value",
        'Approximate size of the table as reported by Snowflake' as "stats:bytes:description",
        (bytes is not null) as "stats:bytes:include",

        'Last Modified' as "stats:last_modified:label",
        to_varchar(convert_timezone('UTC', last_altered), 'yyyy-mm-dd HH24:MI'||'UTC') as "stats:last_modified:value",
        'The timestamp for last update/change' as "stats:last_modified:description",
        (last_altered is not null and table_type='BASE TABLE') as "stats:last_modified:include"
    from OLIST_PROJECT.INFORMATION_SCHEMA.tables
            where (
                (
                    
    "table_schema" ilike 'PUBLIC' and upper("table_schema") = upper('PUBLIC')

                    and 
    "table_name" ilike 'RAW_CUSTOMERS' and upper("table_name") = upper('RAW_CUSTOMERS')

                )
             or 
                (
                    
    "table_schema" ilike 'PUBLIC' and upper("table_schema") = upper('PUBLIC')

                    and 
    "table_name" ilike 'stg_customers' and upper("table_name") = upper('stg_customers')

                )
             or 
                (
                    
    "table_schema" ilike 'PUBLIC' and upper("table_schema") = upper('PUBLIC')

                    and 
    "table_name" ilike 'fct_order_delivery_performance' and upper("table_name") = upper('fct_order_delivery_performance')

                )
             or 
                (
                    
    "table_schema" ilike 'PUBLIC' and upper("table_schema") = upper('PUBLIC')

                    and 
    "table_name" ilike 'RAW_ORDERS' and upper("table_name") = upper('RAW_ORDERS')

                )
             or 
                (
                    
    "table_schema" ilike 'PUBLIC' and upper("table_schema") = upper('PUBLIC')

                    and 
    "table_name" ilike 'stg_orders' and upper("table_name") = upper('stg_orders')

                )
            )
        ),
        columns as (
            select
        table_catalog as "table_database",
        table_schema as "table_schema",
        table_name as "table_name",

        column_name as "column_name",
        ordinal_position as "column_index",
        data_type as "column_type",
        comment as "column_comment"
    from OLIST_PROJECT.INFORMATION_SCHEMA.columns
            where (
                (
                    
    "table_schema" ilike 'PUBLIC' and upper("table_schema") = upper('PUBLIC')

                    and 
    "table_name" ilike 'RAW_CUSTOMERS' and upper("table_name") = upper('RAW_CUSTOMERS')

                )
             or 
                (
                    
    "table_schema" ilike 'PUBLIC' and upper("table_schema") = upper('PUBLIC')

                    and 
    "table_name" ilike 'stg_customers' and upper("table_name") = upper('stg_customers')

                )
             or 
                (
                    
    "table_schema" ilike 'PUBLIC' and upper("table_schema") = upper('PUBLIC')

                    and 
    "table_name" ilike 'fct_order_delivery_performance' and upper("table_name") = upper('fct_order_delivery_performance')

                )
             or 
                (
                    
    "table_schema" ilike 'PUBLIC' and upper("table_schema") = upper('PUBLIC')

                    and 
    "table_name" ilike 'RAW_ORDERS' and upper("table_name") = upper('RAW_ORDERS')

                )
             or 
                (
                    
    "table_schema" ilike 'PUBLIC' and upper("table_schema") = upper('PUBLIC')

                    and 
    "table_name" ilike 'stg_orders' and upper("table_name") = upper('stg_orders')

                )
            )
        )
        select *
    from tables
    join columns using ("table_database", "table_schema", "table_name")
    order by "column_index"
/* {"app": "dbt", "dbt_version": "1.11.11", "profile_name": "olist_transform", "target_name": "dev", "connection_name": "OLIST_PROJECT.information_schema"} */
[0m21:36:01.185902 [debug] [ThreadPool]: Opening a new connection, currently in state init
[0m21:36:05.125696 [debug] [ThreadPool]: SQL status: SUCCESS 34 in 3.940 seconds
[0m21:36:05.175829 [debug] [MainThread]: Wrote artifact CatalogArtifact to C:\Users\SURF\snowflake_pilot\olist_transform\target\catalog.json
[0m21:36:05.232842 [debug] [MainThread]: Wrote artifact WritableManifest to C:\Users\SURF\snowflake_pilot\olist_transform\target\manifest.json
[0m21:36:05.237645 [debug] [MainThread]: Wrote artifact SemanticManifest to C:\Users\SURF\snowflake_pilot\olist_transform\target\semantic_manifest.json
[0m21:36:05.237645 [info ] [MainThread]: Catalog written to C:\Users\SURF\snowflake_pilot\olist_transform\target\catalog.json
[0m21:36:05.239961 [debug] [MainThread]: Command `dbt docs generate` succeeded at 21:36:05.238907 after 7.85 seconds
[0m21:36:05.239961 [debug] [MainThread]: Connection 'generate_catalog' was properly closed.
[0m21:36:05.239961 [debug] [MainThread]: Connection 'OLIST_PROJECT.information_schema' was left open.
[0m21:36:05.240957 [debug] [MainThread]: On OLIST_PROJECT.information_schema: Close
[0m21:36:05.701181 [debug] [MainThread]: Sending event: {'category': 'dbt', 'action': 'invocation', 'label': 'end', 'context': [<snowplow_tracker.self_describing_json.SelfDescribingJson object at 0x000001891F51A5D0>, <snowplow_tracker.self_describing_json.SelfDescribingJson object at 0x0000018924979100>, <snowplow_tracker.self_describing_json.SelfDescribingJson object at 0x000001892234EED0>]}
[0m21:36:05.701181 [debug] [MainThread]: Flushing usage events
[0m21:36:07.385979 [debug] [MainThread]: An error was encountered while trying to flush usage events
[0m21:36:09.965776 [debug] [MainThread]: Sending event: {'category': 'dbt', 'action': 'invocation', 'label': 'start', 'context': [<snowplow_tracker.self_describing_json.SelfDescribingJson object at 0x0000017277A7D340>, <snowplow_tracker.self_describing_json.SelfDescribingJson object at 0x0000017274809D90>, <snowplow_tracker.self_describing_json.SelfDescribingJson object at 0x0000017275AC6C60>]}


============================== 21:36:09.972109 | 811d4372-156c-42b1-94f3-c4c0b2a75c7a ==============================
[0m21:36:09.972109 [info ] [MainThread]: Running with dbt=1.11.11
[0m21:36:09.972109 [debug] [MainThread]: running dbt with arguments {'version_check': 'True', 'no_print': 'None', 'static_parser': 'True', 'target_path': 'None', 'warn_error_options': 'WarnErrorOptionsV2(error=[], warn=[], silence=[])', 'printer_width': '80', 'write_json': 'True', 'introspect': 'True', 'log_cache_events': 'False', 'empty': 'None', 'cache_selected_only': 'False', 'fail_fast': 'False', 'debug': 'False', 'log_format': 'default', 'profiles_dir': 'C:\\Users\\SURF\\.dbt', 'send_anonymous_usage_stats': 'True', 'quiet': 'False', 'warn_error': 'None', 'partial_parse': 'True', 'invocation_command': 'dbt docs serve', 'use_colors': 'True', 'indirect_selection': 'eager', 'use_experimental_parser': 'False', 'log_path': 'C:\\Users\\SURF\\snowflake_pilot\\olist_transform\\logs'}
[0m21:36:10.309487 [debug] [MainThread]: Snowflake adapter: Setting snowflake.connector to ERROR (file logging only)
[0m21:36:10.309487 [debug] [MainThread]: Snowflake adapter: Setting botocore to ERROR (file logging only)
[0m21:36:10.311316 [debug] [MainThread]: Snowflake adapter: Setting boto3 to ERROR (file logging only)
[0m21:36:10.608381 [debug] [MainThread]: Sending event: {'category': 'dbt', 'action': 'project_id', 'label': '811d4372-156c-42b1-94f3-c4c0b2a75c7a', 'context': [<snowplow_tracker.self_describing_json.SelfDescribingJson object at 0x0000017275843740>]}
[0m21:36:10.686958 [debug] [MainThread]: Sending event: {'category': 'dbt', 'action': 'adapter_info', 'label': '811d4372-156c-42b1-94f3-c4c0b2a75c7a', 'context': [<snowplow_tracker.self_describing_json.SelfDescribingJson object at 0x000001727A611B20>]}
[0m21:50:38.198301 [error] [MainThread]: Encountered an error:

[0m21:50:38.245313 [error] [MainThread]: Traceback (most recent call last):
  File "C:\Users\SURF\snowflake_pilot\env\Lib\site-packages\dbt\cli\requires.py", line 182, in wrapper
    result, success = func(*args, **kwargs)
                      ^^^^^^^^^^^^^^^^^^^^^
  File "C:\Users\SURF\snowflake_pilot\env\Lib\site-packages\dbt\cli\requires.py", line 128, in wrapper
    return func(*args, **kwargs)
           ^^^^^^^^^^^^^^^^^^^^^
  File "C:\Users\SURF\snowflake_pilot\env\Lib\site-packages\dbt\cli\requires.py", line 276, in wrapper
    return func(*args, **kwargs)
           ^^^^^^^^^^^^^^^^^^^^^
  File "C:\Users\SURF\snowflake_pilot\env\Lib\site-packages\dbt\cli\requires.py", line 321, in wrapper
    return func(*args, **kwargs)
           ^^^^^^^^^^^^^^^^^^^^^
  File "C:\Users\SURF\snowflake_pilot\env\Lib\site-packages\dbt\cli\requires.py", line 368, in wrapper
    return func(*args, **kwargs)
           ^^^^^^^^^^^^^^^^^^^^^
  File "C:\Users\SURF\snowflake_pilot\env\Lib\site-packages\dbt\cli\main.py", line 309, in docs_serve
    results = task.run()
              ^^^^^^^^^^
  File "C:\Users\SURF\snowflake_pilot\env\Lib\site-packages\dbt\task\docs\serve.py", line 29, in run
    httpd.serve_forever()
  File "C:\Users\SURF\AppData\Local\Programs\Python\Python312\Lib\socketserver.py", line 235, in serve_forever
    ready = selector.select(poll_interval)
            ^^^^^^^^^^^^^^^^^^^^^^^^^^^^^^
  File "C:\Users\SURF\AppData\Local\Programs\Python\Python312\Lib\selectors.py", line 323, in select
    r, w, _ = self._select(self._readers, self._writers, [], timeout)
              ^^^^^^^^^^^^^^^^^^^^^^^^^^^^^^^^^^^^^^^^^^^^^^^^^^^^^^^
  File "C:\Users\SURF\AppData\Local\Programs\Python\Python312\Lib\selectors.py", line 314, in _select
    r, w, x = select.select(r, w, w, timeout)
              ^^^^^^^^^^^^^^^^^^^^^^^^^^^^^^^
KeyboardInterrupt

[0m21:50:38.265372 [debug] [MainThread]: Command `dbt docs serve` failed at 21:50:38.265372 after 868.46 seconds
[0m21:50:38.270416 [debug] [MainThread]: Sending event: {'category': 'dbt', 'action': 'invocation', 'label': 'end', 'context': [<snowplow_tracker.self_describing_json.SelfDescribingJson object at 0x00000172785D8F80>, <snowplow_tracker.self_describing_json.SelfDescribingJson object at 0x0000017277F66720>, <snowplow_tracker.self_describing_json.SelfDescribingJson object at 0x000001727AD267B0>]}
[0m21:50:38.273412 [debug] [MainThread]: Flushing usage events
[0m21:50:40.999475 [debug] [MainThread]: An error was encountered while trying to flush usage events
[0m21:50:50.470485 [debug] [MainThread]: Sending event: {'category': 'dbt', 'action': 'invocation', 'label': 'start', 'context': [<snowplow_tracker.self_describing_json.SelfDescribingJson object at 0x000001ABFBCCA780>, <snowplow_tracker.self_describing_json.SelfDescribingJson object at 0x000001ABFEAD3EC0>, <snowplow_tracker.self_describing_json.SelfDescribingJson object at 0x000001ABFEAD2EA0>]}


============================== 21:50:50.475510 | 77056c24-4ab7-4b18-88cc-eccb671889db ==============================
[0m21:50:50.475510 [info ] [MainThread]: Running with dbt=1.11.11
[0m21:50:50.475510 [debug] [MainThread]: running dbt with arguments {'version_check': 'True', 'no_print': 'None', 'static_parser': 'True', 'target_path': 'None', 'warn_error_options': 'WarnErrorOptionsV2(error=[], warn=[], silence=[])', 'printer_width': '80', 'write_json': 'True', 'introspect': 'True', 'log_cache_events': 'False', 'empty': 'False', 'cache_selected_only': 'False', 'fail_fast': 'False', 'debug': 'False', 'log_format': 'default', 'partial_parse': 'True', 'send_anonymous_usage_stats': 'True', 'quiet': 'False', 'warn_error': 'None', 'profiles_dir': 'C:\\Users\\SURF\\.dbt', 'use_colors': 'True', 'indirect_selection': 'eager', 'invocation_command': 'dbt run', 'use_experimental_parser': 'False', 'log_path': 'C:\\Users\\SURF\\snowflake_pilot\\olist_transform\\logs'}
[0m21:50:51.016556 [debug] [MainThread]: Snowflake adapter: Setting snowflake.connector to ERROR (file logging only)
[0m21:50:51.019546 [debug] [MainThread]: Snowflake adapter: Setting botocore to ERROR (file logging only)
[0m21:50:51.019546 [debug] [MainThread]: Snowflake adapter: Setting boto3 to ERROR (file logging only)
[0m21:50:51.665497 [debug] [MainThread]: Sending event: {'category': 'dbt', 'action': 'project_id', 'label': '77056c24-4ab7-4b18-88cc-eccb671889db', 'context': [<snowplow_tracker.self_describing_json.SelfDescribingJson object at 0x000001ABFF9C0AA0>]}
[0m21:50:51.835675 [debug] [MainThread]: Sending event: {'category': 'dbt', 'action': 'adapter_info', 'label': '77056c24-4ab7-4b18-88cc-eccb671889db', 'context': [<snowplow_tracker.self_describing_json.SelfDescribingJson object at 0x000001ABFFD67F80>]}
[0m21:50:51.841055 [info ] [MainThread]: Registered adapter: snowflake=1.11.5
[0m21:50:52.415607 [debug] [MainThread]: checksum: 30a8cc8fdcbf66701b0944d4ccce3fa46dd04b61e5df68b9f16d57b2e0e3f0be, vars: {}, profile: , target: , version: 1.11.11
[0m21:50:52.615371 [debug] [MainThread]: Partial parsing enabled: 0 files deleted, 0 files added, 0 files changed.
[0m21:50:52.615371 [debug] [MainThread]: Nothing changed, skipping partial parsing.
[0m21:50:52.615371 [debug] [MainThread]: Partial parsing enabled, no changes found, skipping parsing
[0m21:50:52.625488 [warn ] [MainThread]: [[33mWARNING[0m]: Configuration paths exist in your dbt_project.yml file which do not apply to any resources.
There are 1 unused configuration paths:
- models.olist_transform.example
[0m21:50:52.680567 [debug] [MainThread]: Sending event: {'category': 'dbt', 'action': 'load_project', 'label': '77056c24-4ab7-4b18-88cc-eccb671889db', 'context': [<snowplow_tracker.self_describing_json.SelfDescribingJson object at 0x000001AB813CEE70>]}
[0m21:50:52.820335 [debug] [MainThread]: Wrote artifact WritableManifest to C:\Users\SURF\snowflake_pilot\olist_transform\target\manifest.json
[0m21:50:52.825626 [debug] [MainThread]: Wrote artifact SemanticManifest to C:\Users\SURF\snowflake_pilot\olist_transform\target\semantic_manifest.json
[0m21:50:52.841104 [debug] [MainThread]: Sending event: {'category': 'dbt', 'action': 'resource_counts', 'label': '77056c24-4ab7-4b18-88cc-eccb671889db', 'context': [<snowplow_tracker.self_describing_json.SelfDescribingJson object at 0x000001AB815B9F70>]}
[0m21:50:52.841104 [info ] [MainThread]: Found 3 models, 2 sources, 536 macros
[0m21:50:52.841104 [debug] [MainThread]: Sending event: {'category': 'dbt', 'action': 'runnable_timing', 'label': '77056c24-4ab7-4b18-88cc-eccb671889db', 'context': [<snowplow_tracker.self_describing_json.SelfDescribingJson object at 0x000001AB817DDAC0>]}
[0m21:50:52.845720 [info ] [MainThread]: 
[0m21:50:52.848340 [info ] [MainThread]: Concurrency: 4 threads (target='dev')
[0m21:50:52.848340 [info ] [MainThread]: 
[0m21:50:52.848340 [debug] [MainThread]: Acquiring new snowflake connection 'master'
[0m21:50:52.857662 [debug] [ThreadPool]: Acquiring new snowflake connection 'list_OLIST_PROJECT'
[0m21:50:52.981377 [debug] [ThreadPool]: Using snowflake connection "list_OLIST_PROJECT"
[0m21:50:52.985433 [debug] [ThreadPool]: On list_OLIST_PROJECT: show terse schemas in database OLIST_PROJECT
    limit 10000
/* {"app": "dbt", "dbt_version": "1.11.11", "profile_name": "olist_transform", "target_name": "dev", "connection_name": "list_OLIST_PROJECT"} */
[0m21:50:52.985433 [debug] [ThreadPool]: Opening a new connection, currently in state init
[0m21:50:56.153105 [debug] [ThreadPool]: SQL status: SUCCESS 4 in 3.167 seconds
[0m21:50:56.156736 [debug] [ThreadPool]: Acquiring new snowflake connection 'list_OLIST_PROJECT_PUBLIC'
[0m21:50:56.178117 [debug] [ThreadPool]: Using snowflake connection "list_OLIST_PROJECT_PUBLIC"
[0m21:50:56.183336 [debug] [ThreadPool]: On list_OLIST_PROJECT_PUBLIC: show objects in OLIST_PROJECT.PUBLIC
    limit 10000
    

/* {"app": "dbt", "dbt_version": "1.11.11", "profile_name": "olist_transform", "target_name": "dev", "connection_name": "list_OLIST_PROJECT_PUBLIC"} */;
[0m21:50:56.183336 [debug] [ThreadPool]: Opening a new connection, currently in state init
[0m21:50:57.565717 [debug] [ThreadPool]: SQL status: SUCCESS 9 in 1.382 seconds
[0m21:50:57.570974 [debug] [MainThread]: Sending event: {'category': 'dbt', 'action': 'runnable_timing', 'label': '77056c24-4ab7-4b18-88cc-eccb671889db', 'context': [<snowplow_tracker.self_describing_json.SelfDescribingJson object at 0x000001ABFBE97620>]}
[0m21:50:57.586446 [debug] [Thread-2 (]: Began running node model.olist_transform.stg_customers
[0m21:50:57.586446 [debug] [Thread-3 (]: Began running node model.olist_transform.stg_orders
[0m21:50:57.586446 [info ] [Thread-2 (]: 1 of 3 START sql view model PUBLIC.stg_customers ............................... [RUN]
[0m21:50:57.586446 [debug] [Thread-2 (]: Acquiring new snowflake connection 'model.olist_transform.stg_customers'
[0m21:50:57.586446 [info ] [Thread-3 (]: 2 of 3 START sql view model PUBLIC.stg_orders .................................. [RUN]
[0m21:50:57.586446 [debug] [Thread-2 (]: Began compiling node model.olist_transform.stg_customers
[0m21:50:57.594295 [debug] [Thread-3 (]: Acquiring new snowflake connection 'model.olist_transform.stg_orders'
[0m21:50:57.614076 [debug] [Thread-2 (]: Writing injected SQL for node "model.olist_transform.stg_customers"
[0m21:50:57.615597 [debug] [Thread-3 (]: Began compiling node model.olist_transform.stg_orders
[0m21:50:57.626929 [debug] [Thread-3 (]: Writing injected SQL for node "model.olist_transform.stg_orders"
[0m21:50:57.627441 [debug] [Thread-2 (]: Began executing node model.olist_transform.stg_customers
[0m21:50:57.660469 [debug] [Thread-3 (]: Began executing node model.olist_transform.stg_orders
[0m21:50:57.695549 [debug] [Thread-2 (]: Writing runtime sql for node "model.olist_transform.stg_customers"
[0m21:50:57.707334 [debug] [Thread-3 (]: Writing runtime sql for node "model.olist_transform.stg_orders"
[0m21:50:57.707334 [debug] [Thread-2 (]: Using snowflake connection "model.olist_transform.stg_customers"
[0m21:50:57.712692 [debug] [Thread-3 (]: Using snowflake connection "model.olist_transform.stg_orders"
[0m21:50:57.714705 [debug] [Thread-2 (]: On model.olist_transform.stg_customers: create or replace   view OLIST_PROJECT.PUBLIC.stg_customers
  
  
  
  
  as (
    select 
    customer_id,
    customer_city,
    customer_state
from OLIST_PROJECT.PUBLIC.RAW_CUSTOMERS
  )
/* {"app": "dbt", "dbt_version": "1.11.11", "profile_name": "olist_transform", "target_name": "dev", "node_id": "model.olist_transform.stg_customers"} */;
[0m21:50:57.715748 [debug] [Thread-3 (]: On model.olist_transform.stg_orders: create or replace   view OLIST_PROJECT.PUBLIC.stg_orders
  
  
  
  
  as (
    select 
    order_id,
    customer_id,
    order_status,
    to_timestamp_ntz(order_purchase_timestamp/1000000000) as purchase_date,
    to_timestamp_ntz(order_approved_at/1000000000) as approval_date,
    to_timestamp_ntz(order_delivered_carrier_date/1000000000) as carrier_delivered_date,
    to_timestamp_ntz(order_delivered_customer_date/1000000000) as customer_delivered_date,
    to_timestamp_ntz(order_estimated_delivery_date/1000000000) as estimated_delivery_date
from OLIST_PROJECT.PUBLIC.RAW_ORDERS
  )
/* {"app": "dbt", "dbt_version": "1.11.11", "profile_name": "olist_transform", "target_name": "dev", "node_id": "model.olist_transform.stg_orders"} */;
[0m21:50:57.717713 [debug] [Thread-2 (]: Opening a new connection, currently in state init
[0m21:50:57.718726 [debug] [Thread-3 (]: Opening a new connection, currently in state init
[0m21:50:59.128623 [debug] [Thread-2 (]: SQL status: SUCCESS 1 in 1.411 seconds
[0m21:50:59.150904 [debug] [Thread-3 (]: SQL status: SUCCESS 1 in 1.433 seconds
[0m21:50:59.271011 [debug] [Thread-3 (]: Sending event: {'category': 'dbt', 'action': 'run_model', 'label': '77056c24-4ab7-4b18-88cc-eccb671889db', 'context': [<snowplow_tracker.self_describing_json.SelfDescribingJson object at 0x000001AB817E7B90>]}
[0m21:50:59.273028 [debug] [Thread-2 (]: Sending event: {'category': 'dbt', 'action': 'run_model', 'label': '77056c24-4ab7-4b18-88cc-eccb671889db', 'context': [<snowplow_tracker.self_describing_json.SelfDescribingJson object at 0x000001ABFF401E20>]}
[0m21:50:59.273028 [info ] [Thread-3 (]: 2 of 3 OK created sql view model PUBLIC.stg_orders ............................. [[32mSUCCESS 1[0m in 1.68s]
[0m21:50:59.277759 [debug] [Thread-3 (]: Finished running node model.olist_transform.stg_orders
[0m21:50:59.275578 [info ] [Thread-2 (]: 1 of 3 OK created sql view model PUBLIC.stg_customers .......................... [[32mSUCCESS 1[0m in 1.68s]
[0m21:50:59.277759 [debug] [Thread-2 (]: Finished running node model.olist_transform.stg_customers
[0m21:50:59.280923 [debug] [Thread-5 (]: Began running node model.olist_transform.fct_order_delivery_performance
[0m21:50:59.280923 [info ] [Thread-5 (]: 3 of 3 START sql view model PUBLIC.fct_order_delivery_performance .............. [RUN]
[0m21:50:59.280923 [debug] [Thread-5 (]: Acquiring new snowflake connection 'model.olist_transform.fct_order_delivery_performance'
[0m21:50:59.285472 [debug] [Thread-5 (]: Began compiling node model.olist_transform.fct_order_delivery_performance
[0m21:50:59.290287 [debug] [Thread-5 (]: Writing injected SQL for node "model.olist_transform.fct_order_delivery_performance"
[0m21:50:59.290287 [debug] [Thread-5 (]: Began executing node model.olist_transform.fct_order_delivery_performance
[0m21:50:59.295358 [debug] [Thread-5 (]: Writing runtime sql for node "model.olist_transform.fct_order_delivery_performance"
[0m21:50:59.303128 [debug] [Thread-5 (]: Using snowflake connection "model.olist_transform.fct_order_delivery_performance"
[0m21:50:59.304190 [debug] [Thread-5 (]: On model.olist_transform.fct_order_delivery_performance: create or replace   view OLIST_PROJECT.PUBLIC.fct_order_delivery_performance
  
  
  
  
  as (
    select 
    *,
    round((timediff('hour', purchase_date, estimated_delivery_date)/24.0)::float, 2) as estimated_delivery_time,
    round((timediff('hour', purchase_date, customer_delivered_date)/24.0)::float, 2) as actual_delivery_time,
    --(estimated_delivery_time - actual_delivery_time)
from OLIST_PROJECT.PUBLIC.stg_orders
  )
/* {"app": "dbt", "dbt_version": "1.11.11", "profile_name": "olist_transform", "target_name": "dev", "node_id": "model.olist_transform.fct_order_delivery_performance"} */;
[0m21:50:59.305740 [debug] [Thread-5 (]: Opening a new connection, currently in state init
[0m21:51:01.193046 [debug] [Thread-5 (]: SQL status: SUCCESS 1 in 1.888 seconds
[0m21:51:01.198403 [debug] [Thread-5 (]: Sending event: {'category': 'dbt', 'action': 'run_model', 'label': '77056c24-4ab7-4b18-88cc-eccb671889db', 'context': [<snowplow_tracker.self_describing_json.SelfDescribingJson object at 0x000001AB830F65D0>]}
[0m21:51:01.198403 [info ] [Thread-5 (]: 3 of 3 OK created sql view model PUBLIC.fct_order_delivery_performance ......... [[32mSUCCESS 1[0m in 1.92s]
[0m21:51:01.204432 [debug] [Thread-5 (]: Finished running node model.olist_transform.fct_order_delivery_performance
[0m21:51:01.207002 [debug] [MainThread]: Connection 'master' was properly closed.
[0m21:51:01.207002 [debug] [MainThread]: Connection 'list_OLIST_PROJECT' was left open.
[0m21:51:01.207002 [debug] [MainThread]: On list_OLIST_PROJECT: Close
[0m21:51:01.585636 [debug] [MainThread]: Connection 'list_OLIST_PROJECT_PUBLIC' was left open.
[0m21:51:01.587601 [debug] [MainThread]: On list_OLIST_PROJECT_PUBLIC: Close
[0m21:51:02.038454 [debug] [MainThread]: Connection 'model.olist_transform.stg_customers' was left open.
[0m21:51:02.040505 [debug] [MainThread]: On model.olist_transform.stg_customers: Close
[0m21:51:02.452125 [debug] [MainThread]: Connection 'model.olist_transform.stg_orders' was left open.
[0m21:51:02.454044 [debug] [MainThread]: On model.olist_transform.stg_orders: Close
[0m21:51:03.019886 [debug] [MainThread]: Connection 'model.olist_transform.fct_order_delivery_performance' was left open.
[0m21:51:03.022938 [debug] [MainThread]: On model.olist_transform.fct_order_delivery_performance: Close
[0m21:51:03.477310 [info ] [MainThread]: 
[0m21:51:03.482262 [info ] [MainThread]: Finished running 3 view models in 0 hours 0 minutes and 10.63 seconds (10.63s).
[0m21:51:03.485928 [debug] [MainThread]: Command end result
[0m21:51:03.534599 [debug] [MainThread]: Wrote artifact WritableManifest to C:\Users\SURF\snowflake_pilot\olist_transform\target\manifest.json
[0m21:51:03.537800 [debug] [MainThread]: Wrote artifact SemanticManifest to C:\Users\SURF\snowflake_pilot\olist_transform\target\semantic_manifest.json
[0m21:51:03.544766 [debug] [MainThread]: Wrote artifact RunExecutionResult to C:\Users\SURF\snowflake_pilot\olist_transform\target\run_results.json
[0m21:51:03.544766 [info ] [MainThread]: 
[0m21:51:03.545766 [info ] [MainThread]: [32mCompleted successfully[0m
[0m21:51:03.546524 [info ] [MainThread]: 
[0m21:51:03.547585 [info ] [MainThread]: Done. PASS=3 WARN=0 ERROR=0 SKIP=0 NO-OP=0 TOTAL=3
[0m21:51:03.548583 [debug] [MainThread]: Command `dbt run` succeeded at 21:51:03.548583 after 13.25 seconds
[0m21:51:03.548583 [debug] [MainThread]: Sending event: {'category': 'dbt', 'action': 'invocation', 'label': 'end', 'context': [<snowplow_tracker.self_describing_json.SelfDescribingJson object at 0x000001ABFE4E8E30>, <snowplow_tracker.self_describing_json.SelfDescribingJson object at 0x000001ABFEFE2EA0>, <snowplow_tracker.self_describing_json.SelfDescribingJson object at 0x000001ABFD8F3D10>]}
[0m21:51:03.549610 [debug] [MainThread]: Flushing usage events
[0m21:51:05.475781 [debug] [MainThread]: An error was encountered while trying to flush usage events
[0m21:56:58.717082 [debug] [MainThread]: Sending event: {'category': 'dbt', 'action': 'invocation', 'label': 'start', 'context': [<snowplow_tracker.self_describing_json.SelfDescribingJson object at 0x00000149824C7650>, <snowplow_tracker.self_describing_json.SelfDescribingJson object at 0x00000149856193A0>, <snowplow_tracker.self_describing_json.SelfDescribingJson object at 0x000001498561A4B0>]}


============================== 21:56:58.724443 | 871debc7-d311-4b36-9ebe-5c39966123d7 ==============================
[0m21:56:58.724443 [info ] [MainThread]: Running with dbt=1.11.11
[0m21:56:58.724443 [debug] [MainThread]: running dbt with arguments {'static_parser': 'True', 'no_print': 'None', 'version_check': 'True', 'target_path': 'None', 'warn_error_options': 'WarnErrorOptionsV2(error=[], warn=[], silence=[])', 'printer_width': '80', 'write_json': 'True', 'empty': 'False', 'log_cache_events': 'False', 'introspect': 'True', 'cache_selected_only': 'False', 'log_format': 'default', 'debug': 'False', 'fail_fast': 'False', 'partial_parse': 'True', 'send_anonymous_usage_stats': 'True', 'quiet': 'False', 'warn_error': 'None', 'profiles_dir': 'C:\\Users\\SURF\\.dbt', 'invocation_command': 'dbt run', 'use_colors': 'True', 'indirect_selection': 'eager', 'use_experimental_parser': 'False', 'log_path': 'C:\\Users\\SURF\\snowflake_pilot\\olist_transform\\logs'}
[0m21:56:59.415972 [debug] [MainThread]: Snowflake adapter: Setting snowflake.connector to ERROR (file logging only)
[0m21:56:59.415972 [debug] [MainThread]: Snowflake adapter: Setting botocore to ERROR (file logging only)
[0m21:56:59.415972 [debug] [MainThread]: Snowflake adapter: Setting boto3 to ERROR (file logging only)
[0m21:56:59.736761 [debug] [MainThread]: Sending event: {'category': 'dbt', 'action': 'project_id', 'label': '871debc7-d311-4b36-9ebe-5c39966123d7', 'context': [<snowplow_tracker.self_describing_json.SelfDescribingJson object at 0x0000014982F638C0>]}
[0m21:56:59.812330 [debug] [MainThread]: Sending event: {'category': 'dbt', 'action': 'adapter_info', 'label': '871debc7-d311-4b36-9ebe-5c39966123d7', 'context': [<snowplow_tracker.self_describing_json.SelfDescribingJson object at 0x000001498755EFF0>]}
[0m21:56:59.812330 [info ] [MainThread]: Registered adapter: snowflake=1.11.5
[0m21:57:00.174251 [debug] [MainThread]: checksum: 30a8cc8fdcbf66701b0944d4ccce3fa46dd04b61e5df68b9f16d57b2e0e3f0be, vars: {}, profile: , target: , version: 1.11.11
[0m21:57:00.317215 [debug] [MainThread]: Partial parsing enabled: 0 files deleted, 0 files added, 0 files changed.
[0m21:57:00.317215 [debug] [MainThread]: Nothing changed, skipping partial parsing.
[0m21:57:00.317215 [debug] [MainThread]: Partial parsing enabled, no changes found, skipping parsing
[0m21:57:00.321949 [warn ] [MainThread]: [[33mWARNING[0m]: Configuration paths exist in your dbt_project.yml file which do not apply to any resources.
There are 1 unused configuration paths:
- models.olist_transform.example
[0m21:57:00.362286 [debug] [MainThread]: Sending event: {'category': 'dbt', 'action': 'load_project', 'label': '871debc7-d311-4b36-9ebe-5c39966123d7', 'context': [<snowplow_tracker.self_describing_json.SelfDescribingJson object at 0x000001498755DF10>]}
[0m21:57:00.458101 [debug] [MainThread]: Wrote artifact WritableManifest to C:\Users\SURF\snowflake_pilot\olist_transform\target\manifest.json
[0m21:57:00.462031 [debug] [MainThread]: Wrote artifact SemanticManifest to C:\Users\SURF\snowflake_pilot\olist_transform\target\semantic_manifest.json
[0m21:57:00.474620 [debug] [MainThread]: Sending event: {'category': 'dbt', 'action': 'resource_counts', 'label': '871debc7-d311-4b36-9ebe-5c39966123d7', 'context': [<snowplow_tracker.self_describing_json.SelfDescribingJson object at 0x000001498874D910>]}
[0m21:57:00.474620 [info ] [MainThread]: Found 3 models, 2 sources, 536 macros
[0m21:57:00.474620 [debug] [MainThread]: Sending event: {'category': 'dbt', 'action': 'runnable_timing', 'label': '871debc7-d311-4b36-9ebe-5c39966123d7', 'context': [<snowplow_tracker.self_describing_json.SelfDescribingJson object at 0x000001498895D430>]}
[0m21:57:00.479767 [info ] [MainThread]: 
[0m21:57:00.481546 [info ] [MainThread]: Concurrency: 4 threads (target='dev')
[0m21:57:00.482121 [info ] [MainThread]: 
[0m21:57:00.482121 [debug] [MainThread]: Acquiring new snowflake connection 'master'
[0m21:57:00.486976 [debug] [ThreadPool]: Acquiring new snowflake connection 'list_OLIST_PROJECT'
[0m21:57:00.574365 [debug] [ThreadPool]: Using snowflake connection "list_OLIST_PROJECT"
[0m21:57:00.574365 [debug] [ThreadPool]: On list_OLIST_PROJECT: show terse schemas in database OLIST_PROJECT
    limit 10000
/* {"app": "dbt", "dbt_version": "1.11.11", "profile_name": "olist_transform", "target_name": "dev", "connection_name": "list_OLIST_PROJECT"} */
[0m21:57:00.574365 [debug] [ThreadPool]: Opening a new connection, currently in state init
[0m21:57:03.255125 [debug] [ThreadPool]: SQL status: SUCCESS 4 in 2.680 seconds
[0m21:57:03.258713 [debug] [ThreadPool]: Acquiring new snowflake connection 'list_OLIST_PROJECT_PUBLIC'
[0m21:57:03.272230 [debug] [ThreadPool]: Using snowflake connection "list_OLIST_PROJECT_PUBLIC"
[0m21:57:03.274745 [debug] [ThreadPool]: On list_OLIST_PROJECT_PUBLIC: show objects in OLIST_PROJECT.PUBLIC
    limit 10000
    

/* {"app": "dbt", "dbt_version": "1.11.11", "profile_name": "olist_transform", "target_name": "dev", "connection_name": "list_OLIST_PROJECT_PUBLIC"} */;
[0m21:57:03.274745 [debug] [ThreadPool]: Opening a new connection, currently in state init
[0m21:57:04.553282 [debug] [ThreadPool]: SQL status: SUCCESS 9 in 1.284 seconds
[0m21:57:04.562853 [debug] [MainThread]: Sending event: {'category': 'dbt', 'action': 'runnable_timing', 'label': '871debc7-d311-4b36-9ebe-5c39966123d7', 'context': [<snowplow_tracker.self_describing_json.SelfDescribingJson object at 0x00000149883C1460>]}
[0m21:57:04.574356 [debug] [Thread-2 (]: Began running node model.olist_transform.stg_customers
[0m21:57:04.577544 [debug] [Thread-3 (]: Began running node model.olist_transform.stg_orders
[0m21:57:04.577544 [info ] [Thread-2 (]: 1 of 3 START sql view model PUBLIC.stg_customers ............................... [RUN]
[0m21:57:04.577544 [debug] [Thread-2 (]: Acquiring new snowflake connection 'model.olist_transform.stg_customers'
[0m21:57:04.577544 [debug] [Thread-2 (]: Began compiling node model.olist_transform.stg_customers
[0m21:57:04.587318 [debug] [Thread-2 (]: Writing injected SQL for node "model.olist_transform.stg_customers"
[0m21:57:04.577544 [info ] [Thread-3 (]: 2 of 3 START sql view model PUBLIC.stg_orders .................................. [RUN]
[0m21:57:04.587318 [debug] [Thread-3 (]: Acquiring new snowflake connection 'model.olist_transform.stg_orders'
[0m21:57:04.587318 [debug] [Thread-3 (]: Began compiling node model.olist_transform.stg_orders
[0m21:57:04.595469 [debug] [Thread-3 (]: Writing injected SQL for node "model.olist_transform.stg_orders"
[0m21:57:04.595469 [debug] [Thread-2 (]: Began executing node model.olist_transform.stg_customers
[0m21:57:04.630732 [debug] [Thread-2 (]: Writing runtime sql for node "model.olist_transform.stg_customers"
[0m21:57:04.632653 [debug] [Thread-3 (]: Began executing node model.olist_transform.stg_orders
[0m21:57:04.635745 [debug] [Thread-3 (]: Writing runtime sql for node "model.olist_transform.stg_orders"
[0m21:57:04.637714 [debug] [Thread-2 (]: Using snowflake connection "model.olist_transform.stg_customers"
[0m21:57:04.638710 [debug] [Thread-3 (]: Using snowflake connection "model.olist_transform.stg_orders"
[0m21:57:04.639709 [debug] [Thread-2 (]: On model.olist_transform.stg_customers: create or replace   view OLIST_PROJECT.PUBLIC.stg_customers
  
  
  
  
  as (
    select 
    customer_id,
    customer_city,
    customer_state
from OLIST_PROJECT.PUBLIC.RAW_CUSTOMERS
  )
/* {"app": "dbt", "dbt_version": "1.11.11", "profile_name": "olist_transform", "target_name": "dev", "node_id": "model.olist_transform.stg_customers"} */;
[0m21:57:04.639709 [debug] [Thread-3 (]: On model.olist_transform.stg_orders: create or replace   view OLIST_PROJECT.PUBLIC.stg_orders
  
  
  
  
  as (
    select 
    order_id,
    customer_id,
    order_status,
    to_timestamp_ntz(order_purchase_timestamp/1000000000) as purchase_date,
    to_timestamp_ntz(order_approved_at/1000000000) as approval_date,
    to_timestamp_ntz(order_delivered_carrier_date/1000000000) as carrier_delivered_date,
    to_timestamp_ntz(order_delivered_customer_date/1000000000) as customer_delivered_date,
    to_timestamp_ntz(order_estimated_delivery_date/1000000000) as estimated_delivery_date
from OLIST_PROJECT.PUBLIC.RAW_ORDERS
  )
/* {"app": "dbt", "dbt_version": "1.11.11", "profile_name": "olist_transform", "target_name": "dev", "node_id": "model.olist_transform.stg_orders"} */;
[0m21:57:04.640713 [debug] [Thread-2 (]: Opening a new connection, currently in state init
[0m21:57:04.640713 [debug] [Thread-3 (]: Opening a new connection, currently in state init
[0m21:57:06.004442 [debug] [Thread-3 (]: SQL status: SUCCESS 1 in 1.366 seconds
[0m21:57:06.062397 [debug] [Thread-3 (]: Sending event: {'category': 'dbt', 'action': 'run_model', 'label': '871debc7-d311-4b36-9ebe-5c39966123d7', 'context': [<snowplow_tracker.self_describing_json.SelfDescribingJson object at 0x0000014987591F40>]}
[0m21:57:06.062397 [info ] [Thread-3 (]: 2 of 3 OK created sql view model PUBLIC.stg_orders ............................. [[32mSUCCESS 1[0m in 1.48s]
[0m21:57:06.062397 [debug] [Thread-3 (]: Finished running node model.olist_transform.stg_orders
[0m21:57:06.067566 [debug] [Thread-5 (]: Began running node model.olist_transform.fct_order_delivery_performance
[0m21:57:06.067566 [info ] [Thread-5 (]: 3 of 3 START sql view model PUBLIC.fct_order_delivery_performance .............. [RUN]
[0m21:57:06.069208 [debug] [Thread-5 (]: Acquiring new snowflake connection 'model.olist_transform.fct_order_delivery_performance'
[0m21:57:06.069208 [debug] [Thread-5 (]: Began compiling node model.olist_transform.fct_order_delivery_performance
[0m21:57:06.073633 [debug] [Thread-5 (]: Writing injected SQL for node "model.olist_transform.fct_order_delivery_performance"
[0m21:57:06.074427 [debug] [Thread-5 (]: Began executing node model.olist_transform.fct_order_delivery_performance
[0m21:57:06.079113 [debug] [Thread-5 (]: Writing runtime sql for node "model.olist_transform.fct_order_delivery_performance"
[0m21:57:06.082089 [debug] [Thread-5 (]: Using snowflake connection "model.olist_transform.fct_order_delivery_performance"
[0m21:57:06.082089 [debug] [Thread-5 (]: On model.olist_transform.fct_order_delivery_performance: create or replace   view OLIST_PROJECT.PUBLIC.fct_order_delivery_performance
  
  
  
  
  as (
    select 
    *,
    round((timediff('hour', purchase_date, estimated_delivery_date)/24.0)::float, 2) as estimated_delivery_time,
    round((timediff('hour', purchase_date, customer_delivered_date)/24.0)::float, 2) as actual_delivery_time,
    (estimated_delivery_time - actual_delivery_time) as estimated_vs_actual,
    case
        when estimated_vs_actual > 0 then 'early'
        when estimated_vs_actual < 0 then 'late'
    end as punctuality_performance
from OLIST_PROJECT.PUBLIC.stg_orders
  )
/* {"app": "dbt", "dbt_version": "1.11.11", "profile_name": "olist_transform", "target_name": "dev", "node_id": "model.olist_transform.fct_order_delivery_performance"} */;
[0m21:57:06.082089 [debug] [Thread-5 (]: Opening a new connection, currently in state init
[0m21:57:06.254987 [debug] [Thread-2 (]: SQL status: SUCCESS 1 in 1.614 seconds
[0m21:57:06.265699 [debug] [Thread-2 (]: Sending event: {'category': 'dbt', 'action': 'run_model', 'label': '871debc7-d311-4b36-9ebe-5c39966123d7', 'context': [<snowplow_tracker.self_describing_json.SelfDescribingJson object at 0x0000014987FCE8D0>]}
[0m21:57:06.265699 [info ] [Thread-2 (]: 1 of 3 OK created sql view model PUBLIC.stg_customers .......................... [[32mSUCCESS 1[0m in 1.69s]
[0m21:57:06.272365 [debug] [Thread-2 (]: Finished running node model.olist_transform.stg_customers
[0m21:57:07.376288 [debug] [Thread-5 (]: SQL status: SUCCESS 1 in 1.293 seconds
[0m21:57:07.383346 [debug] [Thread-5 (]: Sending event: {'category': 'dbt', 'action': 'run_model', 'label': '871debc7-d311-4b36-9ebe-5c39966123d7', 'context': [<snowplow_tracker.self_describing_json.SelfDescribingJson object at 0x0000014989203E60>]}
[0m21:57:07.387664 [info ] [Thread-5 (]: 3 of 3 OK created sql view model PUBLIC.fct_order_delivery_performance ......... [[32mSUCCESS 1[0m in 1.31s]
[0m21:57:07.392265 [debug] [Thread-5 (]: Finished running node model.olist_transform.fct_order_delivery_performance
[0m21:57:07.396778 [debug] [MainThread]: Connection 'master' was properly closed.
[0m21:57:07.396778 [debug] [MainThread]: Connection 'list_OLIST_PROJECT' was left open.
[0m21:57:07.398499 [debug] [MainThread]: On list_OLIST_PROJECT: Close
[0m21:57:07.946266 [debug] [MainThread]: Connection 'list_OLIST_PROJECT_PUBLIC' was left open.
[0m21:57:07.946266 [debug] [MainThread]: On list_OLIST_PROJECT_PUBLIC: Close
[0m21:57:08.373168 [debug] [MainThread]: Connection 'model.olist_transform.stg_customers' was left open.
[0m21:57:08.373168 [debug] [MainThread]: On model.olist_transform.stg_customers: Close
[0m21:57:08.826595 [debug] [MainThread]: Connection 'model.olist_transform.stg_orders' was left open.
[0m21:57:08.832312 [debug] [MainThread]: On model.olist_transform.stg_orders: Close
[0m21:57:09.278402 [debug] [MainThread]: Connection 'model.olist_transform.fct_order_delivery_performance' was left open.
[0m21:57:09.280176 [debug] [MainThread]: On model.olist_transform.fct_order_delivery_performance: Close
[0m21:57:09.709725 [info ] [MainThread]: 
[0m21:57:09.711994 [info ] [MainThread]: Finished running 3 view models in 0 hours 0 minutes and 9.23 seconds (9.23s).
[0m21:57:09.714167 [debug] [MainThread]: Command end result
[0m21:57:09.775225 [debug] [MainThread]: Wrote artifact WritableManifest to C:\Users\SURF\snowflake_pilot\olist_transform\target\manifest.json
[0m21:57:09.779290 [debug] [MainThread]: Wrote artifact SemanticManifest to C:\Users\SURF\snowflake_pilot\olist_transform\target\semantic_manifest.json
[0m21:57:09.788177 [debug] [MainThread]: Wrote artifact RunExecutionResult to C:\Users\SURF\snowflake_pilot\olist_transform\target\run_results.json
[0m21:57:09.788177 [info ] [MainThread]: 
[0m21:57:09.788177 [info ] [MainThread]: [32mCompleted successfully[0m
[0m21:57:09.788177 [info ] [MainThread]: 
[0m21:57:09.788177 [info ] [MainThread]: Done. PASS=3 WARN=0 ERROR=0 SKIP=0 NO-OP=0 TOTAL=3
[0m21:57:09.792150 [debug] [MainThread]: Command `dbt run` succeeded at 21:57:09.792150 after 11.23 seconds
[0m21:57:09.792150 [debug] [MainThread]: Sending event: {'category': 'dbt', 'action': 'invocation', 'label': 'end', 'context': [<snowplow_tracker.self_describing_json.SelfDescribingJson object at 0x0000014985E3C4A0>, <snowplow_tracker.self_describing_json.SelfDescribingJson object at 0x00000149874DD490>, <snowplow_tracker.self_describing_json.SelfDescribingJson object at 0x00000149849FF9E0>]}
[0m21:57:09.793715 [debug] [MainThread]: Flushing usage events
[0m21:57:12.034524 [debug] [MainThread]: An error was encountered while trying to flush usage events
[0m22:05:37.272083 [debug] [MainThread]: Sending event: {'category': 'dbt', 'action': 'invocation', 'label': 'start', 'context': [<snowplow_tracker.self_describing_json.SelfDescribingJson object at 0x00000214D4CAA6F0>, <snowplow_tracker.self_describing_json.SelfDescribingJson object at 0x00000214D7ACEA80>, <snowplow_tracker.self_describing_json.SelfDescribingJson object at 0x00000214D7ACF920>]}


============================== 22:05:37.273241 | 19c9ccde-fa4b-44d0-8112-42583a057c9b ==============================
[0m22:05:37.273241 [info ] [MainThread]: Running with dbt=1.11.11
[0m22:05:37.273241 [debug] [MainThread]: running dbt with arguments {'version_check': 'True', 'no_print': 'None', 'static_parser': 'True', 'warn_error_options': 'WarnErrorOptionsV2(error=[], warn=[], silence=[])', 'target_path': 'None', 'printer_width': '80', 'write_json': 'True', 'introspect': 'True', 'log_cache_events': 'False', 'empty': 'False', 'cache_selected_only': 'False', 'log_format': 'default', 'debug': 'False', 'fail_fast': 'False', 'profiles_dir': 'C:\\Users\\SURF\\.dbt', 'send_anonymous_usage_stats': 'True', 'quiet': 'False', 'warn_error': 'None', 'partial_parse': 'True', 'use_colors': 'True', 'indirect_selection': 'eager', 'invocation_command': 'dbt run', 'use_experimental_parser': 'False', 'log_path': 'C:\\Users\\SURF\\snowflake_pilot\\olist_transform\\logs'}
[0m22:05:37.603204 [debug] [MainThread]: Snowflake adapter: Setting snowflake.connector to ERROR (file logging only)
[0m22:05:37.603204 [debug] [MainThread]: Snowflake adapter: Setting botocore to ERROR (file logging only)
[0m22:05:37.603204 [debug] [MainThread]: Snowflake adapter: Setting boto3 to ERROR (file logging only)
[0m22:05:37.910030 [debug] [MainThread]: Sending event: {'category': 'dbt', 'action': 'project_id', 'label': '19c9ccde-fa4b-44d0-8112-42583a057c9b', 'context': [<snowplow_tracker.self_describing_json.SelfDescribingJson object at 0x00000214D9377050>]}
[0m22:05:37.973134 [debug] [MainThread]: Sending event: {'category': 'dbt', 'action': 'adapter_info', 'label': '19c9ccde-fa4b-44d0-8112-42583a057c9b', 'context': [<snowplow_tracker.self_describing_json.SelfDescribingJson object at 0x00000214D7C5E030>]}
[0m22:05:37.973134 [info ] [MainThread]: Registered adapter: snowflake=1.11.5
[0m22:05:38.276116 [debug] [MainThread]: checksum: 30a8cc8fdcbf66701b0944d4ccce3fa46dd04b61e5df68b9f16d57b2e0e3f0be, vars: {}, profile: , target: , version: 1.11.11
[0m22:05:38.455312 [debug] [MainThread]: Partial parsing enabled: 0 files deleted, 0 files added, 0 files changed.
[0m22:05:38.457322 [debug] [MainThread]: Nothing changed, skipping partial parsing.
[0m22:05:38.457322 [debug] [MainThread]: Partial parsing enabled, no changes found, skipping parsing
[0m22:05:38.463362 [warn ] [MainThread]: [[33mWARNING[0m]: Configuration paths exist in your dbt_project.yml file which do not apply to any resources.
There are 1 unused configuration paths:
- models.olist_transform.example
[0m22:05:38.498984 [debug] [MainThread]: Sending event: {'category': 'dbt', 'action': 'load_project', 'label': '19c9ccde-fa4b-44d0-8112-42583a057c9b', 'context': [<snowplow_tracker.self_describing_json.SelfDescribingJson object at 0x00000214DA3F6120>]}
[0m22:05:38.588569 [debug] [MainThread]: Wrote artifact WritableManifest to C:\Users\SURF\snowflake_pilot\olist_transform\target\manifest.json
[0m22:05:38.592760 [debug] [MainThread]: Wrote artifact SemanticManifest to C:\Users\SURF\snowflake_pilot\olist_transform\target\semantic_manifest.json
[0m22:05:38.602960 [debug] [MainThread]: Sending event: {'category': 'dbt', 'action': 'resource_counts', 'label': '19c9ccde-fa4b-44d0-8112-42583a057c9b', 'context': [<snowplow_tracker.self_describing_json.SelfDescribingJson object at 0x00000214DA5ED8B0>]}
[0m22:05:38.602960 [info ] [MainThread]: Found 3 models, 2 sources, 536 macros
[0m22:05:38.602960 [debug] [MainThread]: Sending event: {'category': 'dbt', 'action': 'runnable_timing', 'label': '19c9ccde-fa4b-44d0-8112-42583a057c9b', 'context': [<snowplow_tracker.self_describing_json.SelfDescribingJson object at 0x00000214DA7FDDF0>]}
[0m22:05:38.605145 [info ] [MainThread]: 
[0m22:05:38.605145 [info ] [MainThread]: Concurrency: 4 threads (target='dev')
[0m22:05:38.605145 [info ] [MainThread]: 
[0m22:05:38.608156 [debug] [MainThread]: Acquiring new snowflake connection 'master'
[0m22:05:38.608156 [debug] [ThreadPool]: Acquiring new snowflake connection 'list_OLIST_PROJECT'
[0m22:05:38.685463 [debug] [ThreadPool]: Using snowflake connection "list_OLIST_PROJECT"
[0m22:05:38.685463 [debug] [ThreadPool]: On list_OLIST_PROJECT: show terse schemas in database OLIST_PROJECT
    limit 10000
/* {"app": "dbt", "dbt_version": "1.11.11", "profile_name": "olist_transform", "target_name": "dev", "connection_name": "list_OLIST_PROJECT"} */
[0m22:05:38.685463 [debug] [ThreadPool]: Opening a new connection, currently in state init
[0m22:05:41.040048 [debug] [ThreadPool]: SQL status: SUCCESS 4 in 2.352 seconds
[0m22:05:41.050660 [debug] [ThreadPool]: Acquiring new snowflake connection 'list_OLIST_PROJECT_PUBLIC'
[0m22:05:41.083217 [debug] [ThreadPool]: Using snowflake connection "list_OLIST_PROJECT_PUBLIC"
[0m22:05:41.086973 [debug] [ThreadPool]: On list_OLIST_PROJECT_PUBLIC: show objects in OLIST_PROJECT.PUBLIC
    limit 10000
    

/* {"app": "dbt", "dbt_version": "1.11.11", "profile_name": "olist_transform", "target_name": "dev", "connection_name": "list_OLIST_PROJECT_PUBLIC"} */;
[0m22:05:41.086973 [debug] [ThreadPool]: Opening a new connection, currently in state init
[0m22:05:42.203606 [debug] [ThreadPool]: SQL status: SUCCESS 9 in 1.118 seconds
[0m22:05:42.213563 [debug] [MainThread]: Sending event: {'category': 'dbt', 'action': 'runnable_timing', 'label': '19c9ccde-fa4b-44d0-8112-42583a057c9b', 'context': [<snowplow_tracker.self_describing_json.SelfDescribingJson object at 0x00000214DA336E40>]}
[0m22:05:42.227462 [debug] [Thread-2 (]: Began running node model.olist_transform.stg_customers
[0m22:05:42.228502 [debug] [Thread-3 (]: Began running node model.olist_transform.stg_orders
[0m22:05:42.229561 [info ] [Thread-2 (]: 1 of 3 START sql view model PUBLIC.stg_customers ............................... [RUN]
[0m22:05:42.231568 [debug] [Thread-2 (]: Acquiring new snowflake connection 'model.olist_transform.stg_customers'
[0m22:05:42.230531 [info ] [Thread-3 (]: 2 of 3 START sql view model PUBLIC.stg_orders .................................. [RUN]
[0m22:05:42.232531 [debug] [Thread-2 (]: Began compiling node model.olist_transform.stg_customers
[0m22:05:42.233570 [debug] [Thread-3 (]: Acquiring new snowflake connection 'model.olist_transform.stg_orders'
[0m22:05:42.243478 [debug] [Thread-2 (]: Writing injected SQL for node "model.olist_transform.stg_customers"
[0m22:05:42.243478 [debug] [Thread-3 (]: Began compiling node model.olist_transform.stg_orders
[0m22:05:42.249866 [debug] [Thread-3 (]: Writing injected SQL for node "model.olist_transform.stg_orders"
[0m22:05:42.251887 [debug] [Thread-2 (]: Began executing node model.olist_transform.stg_customers
[0m22:05:42.273556 [debug] [Thread-3 (]: Began executing node model.olist_transform.stg_orders
[0m22:05:42.293522 [debug] [Thread-3 (]: Writing runtime sql for node "model.olist_transform.stg_orders"
[0m22:05:42.299532 [debug] [Thread-2 (]: Writing runtime sql for node "model.olist_transform.stg_customers"
[0m22:05:42.301874 [debug] [Thread-2 (]: Using snowflake connection "model.olist_transform.stg_customers"
[0m22:05:42.301874 [debug] [Thread-3 (]: Using snowflake connection "model.olist_transform.stg_orders"
[0m22:05:42.303381 [debug] [Thread-2 (]: On model.olist_transform.stg_customers: create or replace   view OLIST_PROJECT.PUBLIC.stg_customers
  
  
  
  
  as (
    select 
    customer_id,
    customer_city,
    customer_state
from OLIST_PROJECT.PUBLIC.RAW_CUSTOMERS
  )
/* {"app": "dbt", "dbt_version": "1.11.11", "profile_name": "olist_transform", "target_name": "dev", "node_id": "model.olist_transform.stg_customers"} */;
[0m22:05:42.303381 [debug] [Thread-3 (]: On model.olist_transform.stg_orders: create or replace   view OLIST_PROJECT.PUBLIC.stg_orders
  
  
  
  
  as (
    select 
    order_id,
    customer_id,
    order_status,
    to_timestamp_ntz(order_purchase_timestamp/1000000000) as purchase_date,
    to_timestamp_ntz(order_approved_at/1000000000) as approval_date,
    to_timestamp_ntz(order_delivered_carrier_date/1000000000) as carrier_delivered_date,
    to_timestamp_ntz(order_delivered_customer_date/1000000000) as customer_delivered_date,
    to_timestamp_ntz(order_estimated_delivery_date/1000000000) as estimated_delivery_date
from OLIST_PROJECT.PUBLIC.RAW_ORDERS
  )
/* {"app": "dbt", "dbt_version": "1.11.11", "profile_name": "olist_transform", "target_name": "dev", "node_id": "model.olist_transform.stg_orders"} */;
[0m22:05:42.304406 [debug] [Thread-2 (]: Opening a new connection, currently in state init
[0m22:05:42.304715 [debug] [Thread-3 (]: Opening a new connection, currently in state init
[0m22:05:43.548832 [debug] [Thread-3 (]: SQL status: SUCCESS 1 in 1.245 seconds
[0m22:05:43.572294 [debug] [Thread-2 (]: SQL status: SUCCESS 1 in 1.269 seconds
[0m22:05:43.618739 [debug] [Thread-3 (]: Sending event: {'category': 'dbt', 'action': 'run_model', 'label': '19c9ccde-fa4b-44d0-8112-42583a057c9b', 'context': [<snowplow_tracker.self_describing_json.SelfDescribingJson object at 0x00000214DB01F350>]}
[0m22:05:43.619239 [debug] [Thread-2 (]: Sending event: {'category': 'dbt', 'action': 'run_model', 'label': '19c9ccde-fa4b-44d0-8112-42583a057c9b', 'context': [<snowplow_tracker.self_describing_json.SelfDescribingJson object at 0x00000214DAFCCA10>]}
[0m22:05:43.620527 [info ] [Thread-3 (]: 2 of 3 OK created sql view model PUBLIC.stg_orders ............................. [[32mSUCCESS 1[0m in 1.37s]
[0m22:05:43.623242 [debug] [Thread-3 (]: Finished running node model.olist_transform.stg_orders
[0m22:05:43.623912 [debug] [Thread-5 (]: Began running node model.olist_transform.fct_order_delivery_performance
[0m22:05:43.620527 [info ] [Thread-2 (]: 1 of 3 OK created sql view model PUBLIC.stg_customers .......................... [[32mSUCCESS 1[0m in 1.38s]
[0m22:05:43.624881 [debug] [Thread-2 (]: Finished running node model.olist_transform.stg_customers
[0m22:05:43.623912 [info ] [Thread-5 (]: 3 of 3 START sql view model PUBLIC.fct_order_delivery_performance .............. [RUN]
[0m22:05:43.624881 [debug] [Thread-5 (]: Acquiring new snowflake connection 'model.olist_transform.fct_order_delivery_performance'
[0m22:05:43.624881 [debug] [Thread-5 (]: Began compiling node model.olist_transform.fct_order_delivery_performance
[0m22:05:43.629552 [debug] [Thread-5 (]: Writing injected SQL for node "model.olist_transform.fct_order_delivery_performance"
[0m22:05:43.630549 [debug] [Thread-5 (]: Began executing node model.olist_transform.fct_order_delivery_performance
[0m22:05:43.633200 [debug] [Thread-5 (]: Writing runtime sql for node "model.olist_transform.fct_order_delivery_performance"
[0m22:05:43.636474 [debug] [Thread-5 (]: Using snowflake connection "model.olist_transform.fct_order_delivery_performance"
[0m22:05:43.637526 [debug] [Thread-5 (]: On model.olist_transform.fct_order_delivery_performance: create or replace   view OLIST_PROJECT.PUBLIC.fct_order_delivery_performance
  
  
  
  
  as (
    select 
    *,
    round((timediff('hour', purchase_date, estimated_delivery_date)/24.0)::float, 2) as estimated_delivery_time,
    round((timediff('hour', purchase_date, customer_delivered_date)/24.0)::float, 2) as actual_delivery_time,
    (estimated_delivery_time - actual_delivery_time) as estimated_vs_actual,
    case
        when estimated_vs_actual > 0 then 'early'
        when estimated_vs_actual < 0 then 'late'
    end as punctuality_performance,
    datediff('day', carrier_delivered_date, customer_delivered_date) as days_in_carrier_transit
from OLIST_PROJECT.PUBLIC.stg_orders
  )
/* {"app": "dbt", "dbt_version": "1.11.11", "profile_name": "olist_transform", "target_name": "dev", "node_id": "model.olist_transform.fct_order_delivery_performance"} */;
[0m22:05:43.638036 [debug] [Thread-5 (]: Opening a new connection, currently in state init
[0m22:05:44.977274 [debug] [Thread-5 (]: SQL status: SUCCESS 1 in 1.343 seconds
[0m22:05:44.983565 [debug] [Thread-5 (]: Sending event: {'category': 'dbt', 'action': 'run_model', 'label': '19c9ccde-fa4b-44d0-8112-42583a057c9b', 'context': [<snowplow_tracker.self_describing_json.SelfDescribingJson object at 0x00000214D4E6EF60>]}
[0m22:05:44.985188 [info ] [Thread-5 (]: 3 of 3 OK created sql view model PUBLIC.fct_order_delivery_performance ......... [[32mSUCCESS 1[0m in 1.36s]
[0m22:05:44.986411 [debug] [Thread-5 (]: Finished running node model.olist_transform.fct_order_delivery_performance
[0m22:05:44.988839 [debug] [MainThread]: Connection 'master' was properly closed.
[0m22:05:44.989858 [debug] [MainThread]: Connection 'list_OLIST_PROJECT' was left open.
[0m22:05:44.989858 [debug] [MainThread]: On list_OLIST_PROJECT: Close
[0m22:05:45.346513 [debug] [MainThread]: Connection 'list_OLIST_PROJECT_PUBLIC' was left open.
[0m22:05:45.346513 [debug] [MainThread]: On list_OLIST_PROJECT_PUBLIC: Close
[0m22:05:45.725306 [debug] [MainThread]: Connection 'model.olist_transform.stg_customers' was left open.
[0m22:05:45.725306 [debug] [MainThread]: On model.olist_transform.stg_customers: Close
[0m22:05:46.075176 [debug] [MainThread]: Connection 'model.olist_transform.stg_orders' was left open.
[0m22:05:46.075176 [debug] [MainThread]: On model.olist_transform.stg_orders: Close
[0m22:05:46.447309 [debug] [MainThread]: Connection 'model.olist_transform.fct_order_delivery_performance' was left open.
[0m22:05:46.447309 [debug] [MainThread]: On model.olist_transform.fct_order_delivery_performance: Close
[0m22:05:46.804181 [info ] [MainThread]: 
[0m22:05:46.804181 [info ] [MainThread]: Finished running 3 view models in 0 hours 0 minutes and 8.20 seconds (8.20s).
[0m22:05:46.805977 [debug] [MainThread]: Command end result
[0m22:05:46.847656 [debug] [MainThread]: Wrote artifact WritableManifest to C:\Users\SURF\snowflake_pilot\olist_transform\target\manifest.json
[0m22:05:46.851578 [debug] [MainThread]: Wrote artifact SemanticManifest to C:\Users\SURF\snowflake_pilot\olist_transform\target\semantic_manifest.json
[0m22:05:46.860003 [debug] [MainThread]: Wrote artifact RunExecutionResult to C:\Users\SURF\snowflake_pilot\olist_transform\target\run_results.json
[0m22:05:46.860003 [info ] [MainThread]: 
[0m22:05:46.860973 [info ] [MainThread]: [32mCompleted successfully[0m
[0m22:05:46.861972 [info ] [MainThread]: 
[0m22:05:46.861972 [info ] [MainThread]: Done. PASS=3 WARN=0 ERROR=0 SKIP=0 NO-OP=0 TOTAL=3
[0m22:05:46.863481 [debug] [MainThread]: Command `dbt run` succeeded at 22:05:46.863481 after 9.72 seconds
[0m22:05:46.863481 [debug] [MainThread]: Sending event: {'category': 'dbt', 'action': 'invocation', 'label': 'end', 'context': [<snowplow_tracker.self_describing_json.SelfDescribingJson object at 0x00000214D934E1B0>, <snowplow_tracker.self_describing_json.SelfDescribingJson object at 0x00000214D9377E00>, <snowplow_tracker.self_describing_json.SelfDescribingJson object at 0x00000214D92CAFF0>]}
[0m22:05:46.864505 [debug] [MainThread]: Flushing usage events
[0m22:05:48.683321 [debug] [MainThread]: An error was encountered while trying to flush usage events
[0m22:08:32.546065 [debug] [MainThread]: Sending event: {'category': 'dbt', 'action': 'invocation', 'label': 'start', 'context': [<snowplow_tracker.self_describing_json.SelfDescribingJson object at 0x00000271D749A600>, <snowplow_tracker.self_describing_json.SelfDescribingJson object at 0x00000271D7DCD3D0>, <snowplow_tracker.self_describing_json.SelfDescribingJson object at 0x00000271DA4D7FB0>]}


============================== 22:08:32.550295 | 93f7e2bb-8a02-4faa-b5fa-4118710bf940 ==============================
[0m22:08:32.550295 [info ] [MainThread]: Running with dbt=1.11.11
[0m22:08:32.550686 [debug] [MainThread]: running dbt with arguments {'static_parser': 'True', 'no_print': 'None', 'version_check': 'True', 'warn_error_options': 'WarnErrorOptionsV2(error=[], warn=[], silence=[])', 'target_path': 'None', 'printer_width': '80', 'write_json': 'True', 'introspect': 'True', 'log_cache_events': 'False', 'empty': 'False', 'cache_selected_only': 'False', 'log_format': 'default', 'debug': 'False', 'fail_fast': 'False', 'profiles_dir': 'C:\\Users\\SURF\\.dbt', 'send_anonymous_usage_stats': 'True', 'quiet': 'False', 'warn_error': 'None', 'partial_parse': 'True', 'indirect_selection': 'eager', 'use_colors': 'True', 'invocation_command': 'dbt run', 'use_experimental_parser': 'False', 'log_path': 'C:\\Users\\SURF\\snowflake_pilot\\olist_transform\\logs'}
[0m22:08:32.901725 [debug] [MainThread]: Snowflake adapter: Setting snowflake.connector to ERROR (file logging only)
[0m22:08:32.902726 [debug] [MainThread]: Snowflake adapter: Setting botocore to ERROR (file logging only)
[0m22:08:32.902726 [debug] [MainThread]: Snowflake adapter: Setting boto3 to ERROR (file logging only)
[0m22:08:33.192402 [debug] [MainThread]: Sending event: {'category': 'dbt', 'action': 'project_id', 'label': '93f7e2bb-8a02-4faa-b5fa-4118710bf940', 'context': [<snowplow_tracker.self_describing_json.SelfDescribingJson object at 0x00000271D75839E0>]}
[0m22:08:33.263891 [debug] [MainThread]: Sending event: {'category': 'dbt', 'action': 'adapter_info', 'label': '93f7e2bb-8a02-4faa-b5fa-4118710bf940', 'context': [<snowplow_tracker.self_describing_json.SelfDescribingJson object at 0x00000271DC09F140>]}
[0m22:08:33.265890 [info ] [MainThread]: Registered adapter: snowflake=1.11.5
[0m22:08:33.668078 [debug] [MainThread]: checksum: 30a8cc8fdcbf66701b0944d4ccce3fa46dd04b61e5df68b9f16d57b2e0e3f0be, vars: {}, profile: , target: , version: 1.11.11
[0m22:08:33.792426 [debug] [MainThread]: Partial parsing enabled: 0 files deleted, 0 files added, 0 files changed.
[0m22:08:33.792426 [debug] [MainThread]: Nothing changed, skipping partial parsing.
[0m22:08:33.792426 [debug] [MainThread]: Partial parsing enabled, no changes found, skipping parsing
[0m22:08:33.797644 [warn ] [MainThread]: [[33mWARNING[0m]: Configuration paths exist in your dbt_project.yml file which do not apply to any resources.
There are 1 unused configuration paths:
- models.olist_transform.example
[0m22:08:33.837200 [debug] [MainThread]: Sending event: {'category': 'dbt', 'action': 'load_project', 'label': '93f7e2bb-8a02-4faa-b5fa-4118710bf940', 'context': [<snowplow_tracker.self_describing_json.SelfDescribingJson object at 0x00000271DBF7DE20>]}
[0m22:08:33.922607 [debug] [MainThread]: Wrote artifact WritableManifest to C:\Users\SURF\snowflake_pilot\olist_transform\target\manifest.json
[0m22:08:33.927653 [debug] [MainThread]: Wrote artifact SemanticManifest to C:\Users\SURF\snowflake_pilot\olist_transform\target\semantic_manifest.json
[0m22:08:33.937436 [debug] [MainThread]: Sending event: {'category': 'dbt', 'action': 'resource_counts', 'label': '93f7e2bb-8a02-4faa-b5fa-4118710bf940', 'context': [<snowplow_tracker.self_describing_json.SelfDescribingJson object at 0x00000271DCDAE030>]}
[0m22:08:33.939036 [info ] [MainThread]: Found 3 models, 2 sources, 536 macros
[0m22:08:33.939036 [debug] [MainThread]: Sending event: {'category': 'dbt', 'action': 'runnable_timing', 'label': '93f7e2bb-8a02-4faa-b5fa-4118710bf940', 'context': [<snowplow_tracker.self_describing_json.SelfDescribingJson object at 0x00000271DCFBDAF0>]}
[0m22:08:33.941682 [info ] [MainThread]: 
[0m22:08:33.942292 [info ] [MainThread]: Concurrency: 4 threads (target='dev')
[0m22:08:33.942292 [info ] [MainThread]: 
[0m22:08:33.943496 [debug] [MainThread]: Acquiring new snowflake connection 'master'
[0m22:08:33.948263 [debug] [ThreadPool]: Acquiring new snowflake connection 'list_OLIST_PROJECT'
[0m22:08:34.024015 [debug] [ThreadPool]: Using snowflake connection "list_OLIST_PROJECT"
[0m22:08:34.024015 [debug] [ThreadPool]: On list_OLIST_PROJECT: show terse schemas in database OLIST_PROJECT
    limit 10000
/* {"app": "dbt", "dbt_version": "1.11.11", "profile_name": "olist_transform", "target_name": "dev", "connection_name": "list_OLIST_PROJECT"} */
[0m22:08:34.024015 [debug] [ThreadPool]: Opening a new connection, currently in state init
[0m22:08:35.802566 [debug] [ThreadPool]: SQL status: SUCCESS 4 in 1.777 seconds
[0m22:08:35.806648 [debug] [ThreadPool]: Acquiring new snowflake connection 'list_OLIST_PROJECT_PUBLIC'
[0m22:08:35.818958 [debug] [ThreadPool]: Using snowflake connection "list_OLIST_PROJECT_PUBLIC"
[0m22:08:35.820769 [debug] [ThreadPool]: On list_OLIST_PROJECT_PUBLIC: show objects in OLIST_PROJECT.PUBLIC
    limit 10000
    

/* {"app": "dbt", "dbt_version": "1.11.11", "profile_name": "olist_transform", "target_name": "dev", "connection_name": "list_OLIST_PROJECT_PUBLIC"} */;
[0m22:08:35.820769 [debug] [ThreadPool]: Opening a new connection, currently in state init
[0m22:08:36.765575 [debug] [ThreadPool]: SQL status: SUCCESS 9 in 0.944 seconds
[0m22:08:36.781512 [debug] [MainThread]: Sending event: {'category': 'dbt', 'action': 'runnable_timing', 'label': '93f7e2bb-8a02-4faa-b5fa-4118710bf940', 'context': [<snowplow_tracker.self_describing_json.SelfDescribingJson object at 0x00000271DC7E9730>]}
[0m22:08:36.795703 [debug] [Thread-2 (]: Began running node model.olist_transform.stg_customers
[0m22:08:36.795703 [debug] [Thread-3 (]: Began running node model.olist_transform.stg_orders
[0m22:08:36.800767 [info ] [Thread-2 (]: 1 of 3 START sql view model PUBLIC.stg_customers ............................... [RUN]
[0m22:08:36.802946 [debug] [Thread-2 (]: Acquiring new snowflake connection 'model.olist_transform.stg_customers'
[0m22:08:36.804115 [debug] [Thread-2 (]: Began compiling node model.olist_transform.stg_customers
[0m22:08:36.818289 [debug] [Thread-2 (]: Writing injected SQL for node "model.olist_transform.stg_customers"
[0m22:08:36.801347 [info ] [Thread-3 (]: 2 of 3 START sql view model PUBLIC.stg_orders .................................. [RUN]
[0m22:08:36.819227 [debug] [Thread-3 (]: Acquiring new snowflake connection 'model.olist_transform.stg_orders'
[0m22:08:36.820434 [debug] [Thread-3 (]: Began compiling node model.olist_transform.stg_orders
[0m22:08:36.824375 [debug] [Thread-3 (]: Writing injected SQL for node "model.olist_transform.stg_orders"
[0m22:08:36.825636 [debug] [Thread-2 (]: Began executing node model.olist_transform.stg_customers
[0m22:08:36.862791 [debug] [Thread-3 (]: Began executing node model.olist_transform.stg_orders
[0m22:08:36.872576 [debug] [Thread-2 (]: Writing runtime sql for node "model.olist_transform.stg_customers"
[0m22:08:36.877317 [debug] [Thread-3 (]: Writing runtime sql for node "model.olist_transform.stg_orders"
[0m22:08:36.881877 [debug] [Thread-3 (]: Using snowflake connection "model.olist_transform.stg_orders"
[0m22:08:36.882884 [debug] [Thread-2 (]: Using snowflake connection "model.olist_transform.stg_customers"
[0m22:08:36.882884 [debug] [Thread-3 (]: On model.olist_transform.stg_orders: create or replace   view OLIST_PROJECT.PUBLIC.stg_orders
  
  
  
  
  as (
    select 
    order_id,
    customer_id,
    order_status,
    to_timestamp_ntz(order_purchase_timestamp/1000000000) as purchase_date,
    to_timestamp_ntz(order_approved_at/1000000000) as approval_date,
    to_timestamp_ntz(order_delivered_carrier_date/1000000000) as carrier_delivered_date,
    to_timestamp_ntz(order_delivered_customer_date/1000000000) as customer_delivered_date,
    to_timestamp_ntz(order_estimated_delivery_date/1000000000) as estimated_delivery_date
from OLIST_PROJECT.PUBLIC.RAW_ORDERS
  )
/* {"app": "dbt", "dbt_version": "1.11.11", "profile_name": "olist_transform", "target_name": "dev", "node_id": "model.olist_transform.stg_orders"} */;
[0m22:08:36.884690 [debug] [Thread-2 (]: On model.olist_transform.stg_customers: create or replace   view OLIST_PROJECT.PUBLIC.stg_customers
  
  
  
  
  as (
    select 
    customer_id,
    customer_city,
    customer_state
from OLIST_PROJECT.PUBLIC.RAW_CUSTOMERS
  )
/* {"app": "dbt", "dbt_version": "1.11.11", "profile_name": "olist_transform", "target_name": "dev", "node_id": "model.olist_transform.stg_customers"} */;
[0m22:08:36.884690 [debug] [Thread-3 (]: Opening a new connection, currently in state init
[0m22:08:36.884690 [debug] [Thread-2 (]: Opening a new connection, currently in state init
[0m22:08:38.126833 [debug] [Thread-2 (]: SQL status: SUCCESS 1 in 1.242 seconds
[0m22:08:38.152461 [debug] [Thread-3 (]: SQL status: SUCCESS 1 in 1.268 seconds
[0m22:08:38.159205 [debug] [Thread-2 (]: Sending event: {'category': 'dbt', 'action': 'run_model', 'label': '93f7e2bb-8a02-4faa-b5fa-4118710bf940', 'context': [<snowplow_tracker.self_describing_json.SelfDescribingJson object at 0x00000271DBBB1EE0>]}
[0m22:08:38.159667 [debug] [Thread-3 (]: Sending event: {'category': 'dbt', 'action': 'run_model', 'label': '93f7e2bb-8a02-4faa-b5fa-4118710bf940', 'context': [<snowplow_tracker.self_describing_json.SelfDescribingJson object at 0x00000271DD787E60>]}
[0m22:08:38.159667 [info ] [Thread-2 (]: 1 of 3 OK created sql view model PUBLIC.stg_customers .......................... [[32mSUCCESS 1[0m in 1.35s]
[0m22:08:38.162285 [debug] [Thread-2 (]: Finished running node model.olist_transform.stg_customers
[0m22:08:38.161152 [info ] [Thread-3 (]: 2 of 3 OK created sql view model PUBLIC.stg_orders ............................. [[32mSUCCESS 1[0m in 1.34s]
[0m22:08:38.162792 [debug] [Thread-3 (]: Finished running node model.olist_transform.stg_orders
[0m22:08:38.164000 [debug] [Thread-5 (]: Began running node model.olist_transform.fct_order_delivery_performance
[0m22:08:38.165404 [info ] [Thread-5 (]: 3 of 3 START sql view model PUBLIC.fct_order_delivery_performance .............. [RUN]
[0m22:08:38.165404 [debug] [Thread-5 (]: Acquiring new snowflake connection 'model.olist_transform.fct_order_delivery_performance'
[0m22:08:38.165404 [debug] [Thread-5 (]: Began compiling node model.olist_transform.fct_order_delivery_performance
[0m22:08:38.168934 [debug] [Thread-5 (]: Writing injected SQL for node "model.olist_transform.fct_order_delivery_performance"
[0m22:08:38.170895 [debug] [Thread-5 (]: Began executing node model.olist_transform.fct_order_delivery_performance
[0m22:08:38.174501 [debug] [Thread-5 (]: Writing runtime sql for node "model.olist_transform.fct_order_delivery_performance"
[0m22:08:38.177848 [debug] [Thread-5 (]: Using snowflake connection "model.olist_transform.fct_order_delivery_performance"
[0m22:08:38.178848 [debug] [Thread-5 (]: On model.olist_transform.fct_order_delivery_performance: create or replace   view OLIST_PROJECT.PUBLIC.fct_order_delivery_performance
  
  
  
  
  as (
    select 
    *,
    datediff('day', purchase_date, estimated_delivery_date) as estimated_delivery_time,
    datediff('day', purchase_date, customer_delivered_date) as actual_delivery_time,
    estimated_delivery_time - actual_delivery_time as estimated_vs_actual,
    case
        when estimated_vs_actual > 0 then 'early'
        when estimated_vs_actual < 0 then 'late'
    end as punctuality_performance,
    datediff('day', carrier_delivered_date, customer_delivered_date) as days_in_carrier_transit
from OLIST_PROJECT.PUBLIC.stg_orders
  )
/* {"app": "dbt", "dbt_version": "1.11.11", "profile_name": "olist_transform", "target_name": "dev", "node_id": "model.olist_transform.fct_order_delivery_performance"} */;
[0m22:08:38.178848 [debug] [Thread-5 (]: Opening a new connection, currently in state init
[0m22:08:39.284920 [debug] [Thread-5 (]: SQL status: SUCCESS 1 in 1.107 seconds
[0m22:08:39.286964 [debug] [Thread-5 (]: Sending event: {'category': 'dbt', 'action': 'run_model', 'label': '93f7e2bb-8a02-4faa-b5fa-4118710bf940', 'context': [<snowplow_tracker.self_describing_json.SelfDescribingJson object at 0x00000271DE8364E0>]}
[0m22:08:39.288971 [info ] [Thread-5 (]: 3 of 3 OK created sql view model PUBLIC.fct_order_delivery_performance ......... [[32mSUCCESS 1[0m in 1.12s]
[0m22:08:39.289980 [debug] [Thread-5 (]: Finished running node model.olist_transform.fct_order_delivery_performance
[0m22:08:39.291989 [debug] [MainThread]: Connection 'master' was properly closed.
[0m22:08:39.292504 [debug] [MainThread]: Connection 'list_OLIST_PROJECT' was left open.
[0m22:08:39.292504 [debug] [MainThread]: On list_OLIST_PROJECT: Close
[0m22:08:39.665185 [debug] [MainThread]: Connection 'list_OLIST_PROJECT_PUBLIC' was left open.
[0m22:08:39.667197 [debug] [MainThread]: On list_OLIST_PROJECT_PUBLIC: Close
[0m22:08:40.034749 [debug] [MainThread]: Connection 'model.olist_transform.stg_customers' was left open.
[0m22:08:40.034749 [debug] [MainThread]: On model.olist_transform.stg_customers: Close
[0m22:08:40.406081 [debug] [MainThread]: Connection 'model.olist_transform.stg_orders' was left open.
[0m22:08:40.407461 [debug] [MainThread]: On model.olist_transform.stg_orders: Close
[0m22:08:40.740622 [debug] [MainThread]: Connection 'model.olist_transform.fct_order_delivery_performance' was left open.
[0m22:08:40.742762 [debug] [MainThread]: On model.olist_transform.fct_order_delivery_performance: Close
[0m22:08:41.112062 [info ] [MainThread]: 
[0m22:08:41.112576 [info ] [MainThread]: Finished running 3 view models in 0 hours 0 minutes and 7.17 seconds (7.17s).
[0m22:08:41.113862 [debug] [MainThread]: Command end result
[0m22:08:41.174326 [debug] [MainThread]: Wrote artifact WritableManifest to C:\Users\SURF\snowflake_pilot\olist_transform\target\manifest.json
[0m22:08:41.179174 [debug] [MainThread]: Wrote artifact SemanticManifest to C:\Users\SURF\snowflake_pilot\olist_transform\target\semantic_manifest.json
[0m22:08:41.188360 [debug] [MainThread]: Wrote artifact RunExecutionResult to C:\Users\SURF\snowflake_pilot\olist_transform\target\run_results.json
[0m22:08:41.188876 [info ] [MainThread]: 
[0m22:08:41.192527 [info ] [MainThread]: [32mCompleted successfully[0m
[0m22:08:41.194847 [info ] [MainThread]: 
[0m22:08:41.196451 [info ] [MainThread]: Done. PASS=3 WARN=0 ERROR=0 SKIP=0 NO-OP=0 TOTAL=3
[0m22:08:41.197977 [debug] [MainThread]: Command `dbt run` succeeded at 22:08:41.197977 after 8.78 seconds
[0m22:08:41.200014 [debug] [MainThread]: Sending event: {'category': 'dbt', 'action': 'invocation', 'label': 'end', 'context': [<snowplow_tracker.self_describing_json.SelfDescribingJson object at 0x00000271DA637050>, <snowplow_tracker.self_describing_json.SelfDescribingJson object at 0x00000271DA307F80>, <snowplow_tracker.self_describing_json.SelfDescribingJson object at 0x00000271DA306090>]}
[0m22:08:41.200014 [debug] [MainThread]: Flushing usage events
[0m22:08:43.223413 [debug] [MainThread]: An error was encountered while trying to flush usage events
[0m22:10:30.744664 [debug] [MainThread]: Sending event: {'category': 'dbt', 'action': 'invocation', 'label': 'start', 'context': [<snowplow_tracker.self_describing_json.SelfDescribingJson object at 0x000001EFCF3F0BC0>, <snowplow_tracker.self_describing_json.SelfDescribingJson object at 0x000001EFCF41E9F0>, <snowplow_tracker.self_describing_json.SelfDescribingJson object at 0x000001EFCCF6DB20>]}


============================== 22:10:30.747677 | e2eca71f-8b1c-4eb1-8851-efe26f505746 ==============================
[0m22:10:30.747677 [info ] [MainThread]: Running with dbt=1.11.11
[0m22:10:30.747677 [debug] [MainThread]: running dbt with arguments {'static_parser': 'True', 'no_print': 'None', 'version_check': 'True', 'target_path': 'None', 'warn_error_options': 'WarnErrorOptionsV2(error=[], warn=[], silence=[])', 'printer_width': '80', 'write_json': 'True', 'introspect': 'True', 'log_cache_events': 'False', 'empty': 'False', 'cache_selected_only': 'False', 'log_format': 'default', 'debug': 'False', 'fail_fast': 'False', 'profiles_dir': 'C:\\Users\\SURF\\.dbt', 'send_anonymous_usage_stats': 'True', 'quiet': 'False', 'warn_error': 'None', 'partial_parse': 'True', 'invocation_command': 'dbt run', 'use_colors': 'True', 'indirect_selection': 'eager', 'use_experimental_parser': 'False', 'log_path': 'C:\\Users\\SURF\\snowflake_pilot\\olist_transform\\logs'}
[0m22:10:31.068815 [debug] [MainThread]: Snowflake adapter: Setting snowflake.connector to ERROR (file logging only)
[0m22:10:31.068815 [debug] [MainThread]: Snowflake adapter: Setting botocore to ERROR (file logging only)
[0m22:10:31.068815 [debug] [MainThread]: Snowflake adapter: Setting boto3 to ERROR (file logging only)
[0m22:10:31.441993 [debug] [MainThread]: Sending event: {'category': 'dbt', 'action': 'project_id', 'label': 'e2eca71f-8b1c-4eb1-8851-efe26f505746', 'context': [<snowplow_tracker.self_describing_json.SelfDescribingJson object at 0x000001EFD1A27F50>]}
[0m22:10:31.516128 [debug] [MainThread]: Sending event: {'category': 'dbt', 'action': 'adapter_info', 'label': 'e2eca71f-8b1c-4eb1-8851-efe26f505746', 'context': [<snowplow_tracker.self_describing_json.SelfDescribingJson object at 0x000001EFD1629A30>]}
[0m22:10:31.516128 [info ] [MainThread]: Registered adapter: snowflake=1.11.5
[0m22:10:31.854187 [debug] [MainThread]: checksum: 30a8cc8fdcbf66701b0944d4ccce3fa46dd04b61e5df68b9f16d57b2e0e3f0be, vars: {}, profile: , target: , version: 1.11.11
[0m22:10:32.004827 [debug] [MainThread]: Partial parsing enabled: 0 files deleted, 0 files added, 0 files changed.
[0m22:10:32.004827 [debug] [MainThread]: Nothing changed, skipping partial parsing.
[0m22:10:32.004827 [debug] [MainThread]: Partial parsing enabled, no changes found, skipping parsing
[0m22:10:32.009851 [warn ] [MainThread]: [[33mWARNING[0m]: Configuration paths exist in your dbt_project.yml file which do not apply to any resources.
There are 1 unused configuration paths:
- models.olist_transform.example
[0m22:10:32.043219 [debug] [MainThread]: Sending event: {'category': 'dbt', 'action': 'load_project', 'label': 'e2eca71f-8b1c-4eb1-8851-efe26f505746', 'context': [<snowplow_tracker.self_describing_json.SelfDescribingJson object at 0x000001EFD1C864E0>]}
[0m22:10:32.137268 [debug] [MainThread]: Wrote artifact WritableManifest to C:\Users\SURF\snowflake_pilot\olist_transform\target\manifest.json
[0m22:10:32.143365 [debug] [MainThread]: Wrote artifact SemanticManifest to C:\Users\SURF\snowflake_pilot\olist_transform\target\semantic_manifest.json
[0m22:10:32.153913 [debug] [MainThread]: Sending event: {'category': 'dbt', 'action': 'resource_counts', 'label': 'e2eca71f-8b1c-4eb1-8851-efe26f505746', 'context': [<snowplow_tracker.self_describing_json.SelfDescribingJson object at 0x000001EFD1E7D970>]}
[0m22:10:32.153913 [info ] [MainThread]: Found 3 models, 2 sources, 536 macros
[0m22:10:32.153913 [debug] [MainThread]: Sending event: {'category': 'dbt', 'action': 'runnable_timing', 'label': 'e2eca71f-8b1c-4eb1-8851-efe26f505746', 'context': [<snowplow_tracker.self_describing_json.SelfDescribingJson object at 0x000001EFD208DF40>]}
[0m22:10:32.153913 [info ] [MainThread]: 
[0m22:10:32.159208 [info ] [MainThread]: Concurrency: 4 threads (target='dev')
[0m22:10:32.159208 [info ] [MainThread]: 
[0m22:10:32.159208 [debug] [MainThread]: Acquiring new snowflake connection 'master'
[0m22:10:32.165974 [debug] [ThreadPool]: Acquiring new snowflake connection 'list_OLIST_PROJECT'
[0m22:10:32.250262 [debug] [ThreadPool]: Using snowflake connection "list_OLIST_PROJECT"
[0m22:10:32.250262 [debug] [ThreadPool]: On list_OLIST_PROJECT: show terse schemas in database OLIST_PROJECT
    limit 10000
/* {"app": "dbt", "dbt_version": "1.11.11", "profile_name": "olist_transform", "target_name": "dev", "connection_name": "list_OLIST_PROJECT"} */
[0m22:10:32.250262 [debug] [ThreadPool]: Opening a new connection, currently in state init
[0m22:10:33.978221 [debug] [ThreadPool]: SQL status: SUCCESS 4 in 1.727 seconds
[0m22:10:33.989566 [debug] [ThreadPool]: Acquiring new snowflake connection 'list_OLIST_PROJECT_PUBLIC'
[0m22:10:34.045986 [debug] [ThreadPool]: Using snowflake connection "list_OLIST_PROJECT_PUBLIC"
[0m22:10:34.045986 [debug] [ThreadPool]: On list_OLIST_PROJECT_PUBLIC: show objects in OLIST_PROJECT.PUBLIC
    limit 10000
    

/* {"app": "dbt", "dbt_version": "1.11.11", "profile_name": "olist_transform", "target_name": "dev", "connection_name": "list_OLIST_PROJECT_PUBLIC"} */;
[0m22:10:34.045986 [debug] [ThreadPool]: Opening a new connection, currently in state init
[0m22:10:35.300702 [debug] [ThreadPool]: SQL status: SUCCESS 9 in 1.251 seconds
[0m22:10:35.307545 [debug] [MainThread]: Sending event: {'category': 'dbt', 'action': 'runnable_timing', 'label': 'e2eca71f-8b1c-4eb1-8851-efe26f505746', 'context': [<snowplow_tracker.self_describing_json.SelfDescribingJson object at 0x000001EFCC7BF1D0>]}
[0m22:10:35.312153 [debug] [Thread-2 (]: Began running node model.olist_transform.stg_customers
[0m22:10:35.312153 [debug] [Thread-3 (]: Began running node model.olist_transform.stg_orders
[0m22:10:35.314745 [info ] [Thread-2 (]: 1 of 3 START sql view model PUBLIC.stg_customers ............................... [RUN]
[0m22:10:35.314745 [debug] [Thread-2 (]: Acquiring new snowflake connection 'model.olist_transform.stg_customers'
[0m22:10:35.314745 [info ] [Thread-3 (]: 2 of 3 START sql view model PUBLIC.stg_orders .................................. [RUN]
[0m22:10:35.314745 [debug] [Thread-2 (]: Began compiling node model.olist_transform.stg_customers
[0m22:10:35.314745 [debug] [Thread-3 (]: Acquiring new snowflake connection 'model.olist_transform.stg_orders'
[0m22:10:35.325147 [debug] [Thread-2 (]: Writing injected SQL for node "model.olist_transform.stg_customers"
[0m22:10:35.325147 [debug] [Thread-3 (]: Began compiling node model.olist_transform.stg_orders
[0m22:10:35.330610 [debug] [Thread-3 (]: Writing injected SQL for node "model.olist_transform.stg_orders"
[0m22:10:35.332183 [debug] [Thread-2 (]: Began executing node model.olist_transform.stg_customers
[0m22:10:35.333475 [debug] [Thread-3 (]: Began executing node model.olist_transform.stg_orders
[0m22:10:35.412366 [debug] [Thread-2 (]: Writing runtime sql for node "model.olist_transform.stg_customers"
[0m22:10:35.419410 [debug] [Thread-3 (]: Writing runtime sql for node "model.olist_transform.stg_orders"
[0m22:10:35.422281 [debug] [Thread-2 (]: Using snowflake connection "model.olist_transform.stg_customers"
[0m22:10:35.422281 [debug] [Thread-3 (]: Using snowflake connection "model.olist_transform.stg_orders"
[0m22:10:35.422281 [debug] [Thread-2 (]: On model.olist_transform.stg_customers: create or replace   view OLIST_PROJECT.PUBLIC.stg_customers
  
  
  
  
  as (
    select 
    customer_id,
    customer_city,
    customer_state
from OLIST_PROJECT.PUBLIC.RAW_CUSTOMERS
  )
/* {"app": "dbt", "dbt_version": "1.11.11", "profile_name": "olist_transform", "target_name": "dev", "node_id": "model.olist_transform.stg_customers"} */;
[0m22:10:35.427740 [debug] [Thread-3 (]: On model.olist_transform.stg_orders: create or replace   view OLIST_PROJECT.PUBLIC.stg_orders
  
  
  
  
  as (
    select 
    order_id,
    customer_id,
    order_status,
    to_timestamp_ntz(order_purchase_timestamp/1000000000) as purchase_date,
    to_timestamp_ntz(order_approved_at/1000000000) as approval_date,
    to_timestamp_ntz(order_delivered_carrier_date/1000000000) as carrier_delivered_date,
    to_timestamp_ntz(order_estimated_delivery_date/1000000000) as estimated_delivery_date,
    to_timestamp_ntz(order_delivered_customer_date/1000000000) as customer_delivered_date,
from OLIST_PROJECT.PUBLIC.RAW_ORDERS
  )
/* {"app": "dbt", "dbt_version": "1.11.11", "profile_name": "olist_transform", "target_name": "dev", "node_id": "model.olist_transform.stg_orders"} */;
[0m22:10:35.427740 [debug] [Thread-2 (]: Opening a new connection, currently in state init
[0m22:10:35.427740 [debug] [Thread-3 (]: Opening a new connection, currently in state init
[0m22:10:36.838412 [debug] [Thread-3 (]: SQL status: SUCCESS 1 in 1.411 seconds
[0m22:10:36.899878 [debug] [Thread-3 (]: Sending event: {'category': 'dbt', 'action': 'run_model', 'label': 'e2eca71f-8b1c-4eb1-8851-efe26f505746', 'context': [<snowplow_tracker.self_describing_json.SelfDescribingJson object at 0x000001EFCED5DBE0>]}
[0m22:10:36.899878 [info ] [Thread-3 (]: 2 of 3 OK created sql view model PUBLIC.stg_orders ............................. [[32mSUCCESS 1[0m in 1.58s]
[0m22:10:36.901384 [debug] [Thread-3 (]: Finished running node model.olist_transform.stg_orders
[0m22:10:36.902392 [debug] [Thread-5 (]: Began running node model.olist_transform.fct_order_delivery_performance
[0m22:10:36.902392 [info ] [Thread-5 (]: 3 of 3 START sql view model PUBLIC.fct_order_delivery_performance .............. [RUN]
[0m22:10:36.902392 [debug] [Thread-5 (]: Acquiring new snowflake connection 'model.olist_transform.fct_order_delivery_performance'
[0m22:10:36.902392 [debug] [Thread-5 (]: Began compiling node model.olist_transform.fct_order_delivery_performance
[0m22:10:36.906733 [debug] [Thread-5 (]: Writing injected SQL for node "model.olist_transform.fct_order_delivery_performance"
[0m22:10:36.906733 [debug] [Thread-5 (]: Began executing node model.olist_transform.fct_order_delivery_performance
[0m22:10:36.914388 [debug] [Thread-5 (]: Writing runtime sql for node "model.olist_transform.fct_order_delivery_performance"
[0m22:10:36.914388 [debug] [Thread-5 (]: Using snowflake connection "model.olist_transform.fct_order_delivery_performance"
[0m22:10:36.917674 [debug] [Thread-5 (]: On model.olist_transform.fct_order_delivery_performance: create or replace   view OLIST_PROJECT.PUBLIC.fct_order_delivery_performance
  
  
  
  
  as (
    select 
    *,
    datediff('day', purchase_date, estimated_delivery_date) as estimated_delivery_time,
    datediff('day', purchase_date, customer_delivered_date) as actual_delivery_time,
    estimated_delivery_time - actual_delivery_time as estimated_vs_actual,
    case
        when estimated_vs_actual > 0 then 'early'
        when estimated_vs_actual < 0 then 'late'
    end as punctuality_performance,
    datediff('day', carrier_delivered_date, customer_delivered_date) as days_in_carrier_transit
from OLIST_PROJECT.PUBLIC.stg_orders
  )
/* {"app": "dbt", "dbt_version": "1.11.11", "profile_name": "olist_transform", "target_name": "dev", "node_id": "model.olist_transform.fct_order_delivery_performance"} */;
[0m22:10:36.917674 [debug] [Thread-5 (]: Opening a new connection, currently in state init
[0m22:10:36.917674 [debug] [Thread-2 (]: SQL status: SUCCESS 1 in 1.493 seconds
[0m22:10:36.924259 [debug] [Thread-2 (]: Sending event: {'category': 'dbt', 'action': 'run_model', 'label': 'e2eca71f-8b1c-4eb1-8851-efe26f505746', 'context': [<snowplow_tracker.self_describing_json.SelfDescribingJson object at 0x000001EFD28CDEE0>]}
[0m22:10:36.924259 [info ] [Thread-2 (]: 1 of 3 OK created sql view model PUBLIC.stg_customers .......................... [[32mSUCCESS 1[0m in 1.61s]
[0m22:10:36.927776 [debug] [Thread-2 (]: Finished running node model.olist_transform.stg_customers
[0m22:10:38.305804 [debug] [Thread-5 (]: SQL status: SUCCESS 1 in 1.387 seconds
[0m22:10:38.310980 [debug] [Thread-5 (]: Sending event: {'category': 'dbt', 'action': 'run_model', 'label': 'e2eca71f-8b1c-4eb1-8851-efe26f505746', 'context': [<snowplow_tracker.self_describing_json.SelfDescribingJson object at 0x000001EFD28A6EA0>]}
[0m22:10:38.312533 [info ] [Thread-5 (]: 3 of 3 OK created sql view model PUBLIC.fct_order_delivery_performance ......... [[32mSUCCESS 1[0m in 1.41s]
[0m22:10:38.314214 [debug] [Thread-5 (]: Finished running node model.olist_transform.fct_order_delivery_performance
[0m22:10:38.315458 [debug] [MainThread]: Connection 'master' was properly closed.
[0m22:10:38.315458 [debug] [MainThread]: Connection 'list_OLIST_PROJECT' was left open.
[0m22:10:38.315458 [debug] [MainThread]: On list_OLIST_PROJECT: Close
[0m22:10:38.664166 [debug] [MainThread]: Connection 'list_OLIST_PROJECT_PUBLIC' was left open.
[0m22:10:38.665740 [debug] [MainThread]: On list_OLIST_PROJECT_PUBLIC: Close
[0m22:10:39.038678 [debug] [MainThread]: Connection 'model.olist_transform.stg_customers' was left open.
[0m22:10:39.038678 [debug] [MainThread]: On model.olist_transform.stg_customers: Close
[0m22:10:39.412027 [debug] [MainThread]: Connection 'model.olist_transform.stg_orders' was left open.
[0m22:10:39.413116 [debug] [MainThread]: On model.olist_transform.stg_orders: Close
[0m22:10:39.744583 [debug] [MainThread]: Connection 'model.olist_transform.fct_order_delivery_performance' was left open.
[0m22:10:39.744583 [debug] [MainThread]: On model.olist_transform.fct_order_delivery_performance: Close
[0m22:10:40.083126 [info ] [MainThread]: 
[0m22:10:40.085171 [info ] [MainThread]: Finished running 3 view models in 0 hours 0 minutes and 7.92 seconds (7.92s).
[0m22:10:40.088506 [debug] [MainThread]: Command end result
[0m22:10:40.152089 [debug] [MainThread]: Wrote artifact WritableManifest to C:\Users\SURF\snowflake_pilot\olist_transform\target\manifest.json
[0m22:10:40.152089 [debug] [MainThread]: Wrote artifact SemanticManifest to C:\Users\SURF\snowflake_pilot\olist_transform\target\semantic_manifest.json
[0m22:10:40.172310 [debug] [MainThread]: Wrote artifact RunExecutionResult to C:\Users\SURF\snowflake_pilot\olist_transform\target\run_results.json
[0m22:10:40.173859 [info ] [MainThread]: 
[0m22:10:40.175637 [info ] [MainThread]: [32mCompleted successfully[0m
[0m22:10:40.175637 [info ] [MainThread]: 
[0m22:10:40.175637 [info ] [MainThread]: Done. PASS=3 WARN=0 ERROR=0 SKIP=0 NO-OP=0 TOTAL=3
[0m22:10:40.179722 [debug] [MainThread]: Command `dbt run` succeeded at 22:10:40.179722 after 9.57 seconds
[0m22:10:40.180733 [debug] [MainThread]: Sending event: {'category': 'dbt', 'action': 'invocation', 'label': 'end', 'context': [<snowplow_tracker.self_describing_json.SelfDescribingJson object at 0x000001EFCF7AC5F0>, <snowplow_tracker.self_describing_json.SelfDescribingJson object at 0x000001EFCE6C3E00>, <snowplow_tracker.self_describing_json.SelfDescribingJson object at 0x000001EFCE6C3020>]}
[0m22:10:40.180733 [debug] [MainThread]: Flushing usage events
[0m22:10:41.887126 [debug] [MainThread]: An error was encountered while trying to flush usage events
[0m22:25:40.947862 [debug] [MainThread]: Sending event: {'category': 'dbt', 'action': 'invocation', 'label': 'start', 'context': [<snowplow_tracker.self_describing_json.SelfDescribingJson object at 0x000001B7E73DA960>, <snowplow_tracker.self_describing_json.SelfDescribingJson object at 0x000001B7EA37E330>, <snowplow_tracker.self_describing_json.SelfDescribingJson object at 0x000001B7E9558E00>]}


============================== 22:25:40.954469 | 1c4ded0c-74b1-4a1b-b276-328a955b9e54 ==============================
[0m22:25:40.954469 [info ] [MainThread]: Running with dbt=1.11.11
[0m22:25:40.954469 [debug] [MainThread]: running dbt with arguments {'version_check': 'True', 'no_print': 'None', 'static_parser': 'True', 'warn_error_options': 'WarnErrorOptionsV2(error=[], warn=[], silence=[])', 'target_path': 'None', 'printer_width': '80', 'write_json': 'True', 'empty': 'None', 'log_cache_events': 'False', 'introspect': 'True', 'cache_selected_only': 'False', 'log_format': 'default', 'debug': 'False', 'fail_fast': 'False', 'partial_parse': 'True', 'send_anonymous_usage_stats': 'True', 'quiet': 'False', 'warn_error': 'None', 'profiles_dir': 'C:\\Users\\SURF\\.dbt', 'invocation_command': 'dbt test', 'indirect_selection': 'eager', 'use_colors': 'True', 'use_experimental_parser': 'False', 'log_path': 'C:\\Users\\SURF\\snowflake_pilot\\olist_transform\\logs'}
[0m22:25:41.640217 [debug] [MainThread]: Snowflake adapter: Setting snowflake.connector to ERROR (file logging only)
[0m22:25:41.643166 [debug] [MainThread]: Snowflake adapter: Setting botocore to ERROR (file logging only)
[0m22:25:41.643166 [debug] [MainThread]: Snowflake adapter: Setting boto3 to ERROR (file logging only)
[0m22:25:41.924886 [debug] [MainThread]: Sending event: {'category': 'dbt', 'action': 'project_id', 'label': '1c4ded0c-74b1-4a1b-b276-328a955b9e54', 'context': [<snowplow_tracker.self_describing_json.SelfDescribingJson object at 0x000001B7E9BD9520>]}
[0m22:25:41.989014 [debug] [MainThread]: Sending event: {'category': 'dbt', 'action': 'adapter_info', 'label': '1c4ded0c-74b1-4a1b-b276-328a955b9e54', 'context': [<snowplow_tracker.self_describing_json.SelfDescribingJson object at 0x000001B7EBA6F440>]}
[0m22:25:41.989014 [info ] [MainThread]: Registered adapter: snowflake=1.11.5
[0m22:25:42.295874 [debug] [MainThread]: checksum: 30a8cc8fdcbf66701b0944d4ccce3fa46dd04b61e5df68b9f16d57b2e0e3f0be, vars: {}, profile: , target: , version: 1.11.11
[0m22:25:42.461289 [debug] [MainThread]: Partial parsing enabled: 0 files deleted, 1 files added, 0 files changed.
[0m22:25:42.462290 [debug] [MainThread]: Partial parsing: added file: olist_transform://tests\mart_tests.yml
[0m22:25:42.748716 [warn ] [MainThread]: [[33mWARNING[0m]: Configuration paths exist in your dbt_project.yml file which do not apply to any resources.
There are 1 unused configuration paths:
- models.olist_transform.example
[0m22:25:42.764538 [debug] [MainThread]: Sending event: {'category': 'dbt', 'action': 'load_project', 'label': '1c4ded0c-74b1-4a1b-b276-328a955b9e54', 'context': [<snowplow_tracker.self_describing_json.SelfDescribingJson object at 0x000001B7ED095280>]}
[0m22:25:42.862999 [debug] [MainThread]: Wrote artifact WritableManifest to C:\Users\SURF\snowflake_pilot\olist_transform\target\manifest.json
[0m22:25:42.868951 [debug] [MainThread]: Wrote artifact SemanticManifest to C:\Users\SURF\snowflake_pilot\olist_transform\target\semantic_manifest.json
[0m22:25:42.898597 [debug] [MainThread]: Sending event: {'category': 'dbt', 'action': 'resource_counts', 'label': '1c4ded0c-74b1-4a1b-b276-328a955b9e54', 'context': [<snowplow_tracker.self_describing_json.SelfDescribingJson object at 0x000001B7ED1AE0F0>]}
[0m22:25:42.898597 [info ] [MainThread]: Found 3 models, 4 data tests, 2 sources, 536 macros
[0m22:25:42.898597 [debug] [MainThread]: Sending event: {'category': 'dbt', 'action': 'runnable_timing', 'label': '1c4ded0c-74b1-4a1b-b276-328a955b9e54', 'context': [<snowplow_tracker.self_describing_json.SelfDescribingJson object at 0x000001B7ED124950>]}
[0m22:25:42.903773 [info ] [MainThread]: 
[0m22:25:42.904961 [info ] [MainThread]: Concurrency: 4 threads (target='dev')
[0m22:25:42.904961 [info ] [MainThread]: 
[0m22:25:42.904961 [debug] [MainThread]: Acquiring new snowflake connection 'master'
[0m22:25:42.910893 [debug] [ThreadPool]: Acquiring new snowflake connection 'list_OLIST_PROJECT_PUBLIC'
[0m22:25:43.000950 [debug] [ThreadPool]: Using snowflake connection "list_OLIST_PROJECT_PUBLIC"
[0m22:25:43.000950 [debug] [ThreadPool]: On list_OLIST_PROJECT_PUBLIC: show objects in OLIST_PROJECT.PUBLIC
    limit 10000
    

/* {"app": "dbt", "dbt_version": "1.11.11", "profile_name": "olist_transform", "target_name": "dev", "connection_name": "list_OLIST_PROJECT_PUBLIC"} */;
[0m22:25:43.000950 [debug] [ThreadPool]: Opening a new connection, currently in state init
[0m22:25:45.444364 [debug] [ThreadPool]: SQL status: SUCCESS 9 in 2.440 seconds
[0m22:25:45.448917 [debug] [MainThread]: Sending event: {'category': 'dbt', 'action': 'runnable_timing', 'label': '1c4ded0c-74b1-4a1b-b276-328a955b9e54', 'context': [<snowplow_tracker.self_describing_json.SelfDescribingJson object at 0x000001B7ECA99460>]}
[0m22:25:45.457330 [debug] [Thread-2 (]: Began running node test.olist_transform.not_fct_order_delivery_performance_customer_id.9ea6e52492
[0m22:25:45.457330 [debug] [Thread-3 (]: Began running node test.olist_transform.not_fct_order_delivery_performance_order_id.38910ca9f2
[0m22:25:45.458839 [debug] [Thread-4 (]: Began running node test.olist_transform.unique_fct_order_delivery_performance_customer_id.ffa5f76b2b
[0m22:25:45.458839 [debug] [Thread-5 (]: Began running node test.olist_transform.unique_fct_order_delivery_performance_order_id.efa1c93f46
[0m22:25:45.458839 [info ] [Thread-2 (]: 1 of 4 START test not_fct_order_delivery_performance_customer_id ............... [RUN]
[0m22:25:45.458839 [info ] [Thread-3 (]: 2 of 4 START test not_fct_order_delivery_performance_order_id .................. [RUN]
[0m22:25:45.462514 [debug] [Thread-2 (]: Acquiring new snowflake connection 'test.olist_transform.not_fct_order_delivery_performance_customer_id.9ea6e52492'
[0m22:25:45.462514 [debug] [Thread-3 (]: Acquiring new snowflake connection 'test.olist_transform.not_fct_order_delivery_performance_order_id.38910ca9f2'
[0m22:25:45.458839 [info ] [Thread-4 (]: 3 of 4 START test unique_fct_order_delivery_performance_customer_id ............ [RUN]
[0m22:25:45.462514 [debug] [Thread-2 (]: Began compiling node test.olist_transform.not_fct_order_delivery_performance_customer_id.9ea6e52492
[0m22:25:45.458839 [info ] [Thread-5 (]: 4 of 4 START test unique_fct_order_delivery_performance_order_id ............... [RUN]
[0m22:25:45.464267 [debug] [Thread-3 (]: Began compiling node test.olist_transform.not_fct_order_delivery_performance_order_id.38910ca9f2
[0m22:25:45.464267 [debug] [Thread-4 (]: Acquiring new snowflake connection 'test.olist_transform.unique_fct_order_delivery_performance_customer_id.ffa5f76b2b'
[0m22:25:45.475394 [debug] [Thread-5 (]: Acquiring new snowflake connection 'test.olist_transform.unique_fct_order_delivery_performance_order_id.efa1c93f46'
[0m22:25:45.481364 [debug] [Thread-4 (]: Began compiling node test.olist_transform.unique_fct_order_delivery_performance_customer_id.ffa5f76b2b
[0m22:25:45.481364 [debug] [Thread-5 (]: Began compiling node test.olist_transform.unique_fct_order_delivery_performance_order_id.efa1c93f46
[0m22:25:45.489279 [debug] [Thread-4 (]: Writing injected SQL for node "test.olist_transform.unique_fct_order_delivery_performance_customer_id.ffa5f76b2b"
[0m22:25:45.495667 [debug] [Thread-5 (]: Writing injected SQL for node "test.olist_transform.unique_fct_order_delivery_performance_order_id.efa1c93f46"
[0m22:25:45.500003 [debug] [Thread-5 (]: Began executing node test.olist_transform.unique_fct_order_delivery_performance_order_id.efa1c93f46
[0m22:25:45.511463 [debug] [Thread-4 (]: Began executing node test.olist_transform.unique_fct_order_delivery_performance_customer_id.ffa5f76b2b
[0m22:25:45.529014 [debug] [Thread-5 (]: Writing runtime sql for node "test.olist_transform.unique_fct_order_delivery_performance_order_id.efa1c93f46"
[0m22:25:45.534187 [debug] [Thread-4 (]: Writing runtime sql for node "test.olist_transform.unique_fct_order_delivery_performance_customer_id.ffa5f76b2b"
[0m22:25:45.540785 [debug] [Thread-4 (]: Using snowflake connection "test.olist_transform.unique_fct_order_delivery_performance_customer_id.ffa5f76b2b"
[0m22:25:45.540785 [debug] [Thread-4 (]: On test.olist_transform.unique_fct_order_delivery_performance_customer_id.ffa5f76b2b: select
      count(*) as failures,
      count(*) != 0 as should_warn,
      count(*) != 0 as should_error
    from (
      
    
  
    
    

select
    customer_id as unique_field,
    count(*) as n_records

from OLIST_PROJECT.PUBLIC.fct_order_delivery_performance
where customer_id is not null
group by customer_id
having count(*) > 1



  
  
      
    ) dbt_internal_test
/* {"app": "dbt", "dbt_version": "1.11.11", "profile_name": "olist_transform", "target_name": "dev", "node_id": "test.olist_transform.unique_fct_order_delivery_performance_customer_id.ffa5f76b2b"} */
[0m22:25:45.540785 [debug] [Thread-4 (]: Opening a new connection, currently in state init
[0m22:25:45.540785 [debug] [Thread-5 (]: Using snowflake connection "test.olist_transform.unique_fct_order_delivery_performance_order_id.efa1c93f46"
[0m22:25:45.540785 [debug] [Thread-5 (]: On test.olist_transform.unique_fct_order_delivery_performance_order_id.efa1c93f46: select
      count(*) as failures,
      count(*) != 0 as should_warn,
      count(*) != 0 as should_error
    from (
      
    
  
    
    

select
    order_id as unique_field,
    count(*) as n_records

from OLIST_PROJECT.PUBLIC.fct_order_delivery_performance
where order_id is not null
group by order_id
having count(*) > 1



  
  
      
    ) dbt_internal_test
/* {"app": "dbt", "dbt_version": "1.11.11", "profile_name": "olist_transform", "target_name": "dev", "node_id": "test.olist_transform.unique_fct_order_delivery_performance_order_id.efa1c93f46"} */
[0m22:25:45.544184 [debug] [Thread-5 (]: Opening a new connection, currently in state init
[0m22:25:45.601491 [debug] [Thread-3 (]: Compilation Error in test not_fct_order_delivery_performance_order_id (tests\mart_tests.yml)
  'test_not' is undefined. This can happen when calling a macro that does not exist. Check for typos and/or install package dependencies with "dbt deps".
[0m22:25:45.601491 [debug] [Thread-2 (]: Compilation Error in test not_fct_order_delivery_performance_customer_id (tests\mart_tests.yml)
  'test_not' is undefined. This can happen when calling a macro that does not exist. Check for typos and/or install package dependencies with "dbt deps".
[0m22:25:45.601491 [error] [Thread-3 (]: 2 of 4 ERROR not_fct_order_delivery_performance_order_id ....................... [[31mERROR[0m in 0.14s]
[0m22:25:45.604032 [debug] [Thread-3 (]: Finished running node test.olist_transform.not_fct_order_delivery_performance_order_id.38910ca9f2
[0m22:25:45.604032 [error] [Thread-2 (]: 1 of 4 ERROR not_fct_order_delivery_performance_customer_id .................... [[31mERROR[0m in 0.15s]
[0m22:25:45.606142 [debug] [Thread-2 (]: Finished running node test.olist_transform.not_fct_order_delivery_performance_customer_id.9ea6e52492
[0m22:25:45.606142 [debug] [Thread-8 (]: Marking all children of 'test.olist_transform.not_fct_order_delivery_performance_order_id.38910ca9f2' to be skipped because of status 'error'.  Reason: Compilation Error in test not_fct_order_delivery_performance_order_id (tests\mart_tests.yml)
  'test_not' is undefined. This can happen when calling a macro that does not exist. Check for typos and/or install package dependencies with "dbt deps"..
[0m22:25:45.608661 [debug] [Thread-8 (]: Marking all children of 'test.olist_transform.not_fct_order_delivery_performance_customer_id.9ea6e52492' to be skipped because of status 'error'.  Reason: Compilation Error in test not_fct_order_delivery_performance_customer_id (tests\mart_tests.yml)
  'test_not' is undefined. This can happen when calling a macro that does not exist. Check for typos and/or install package dependencies with "dbt deps"..
[0m22:25:47.292787 [debug] [Thread-5 (]: SQL status: SUCCESS 1 in 1.748 seconds
[0m22:25:47.292787 [debug] [Thread-4 (]: SQL status: SUCCESS 1 in 1.754 seconds
[0m22:25:47.328819 [info ] [Thread-4 (]: 3 of 4 PASS unique_fct_order_delivery_performance_customer_id .................. [[32mPASS[0m in 1.86s]
[0m22:25:47.333977 [debug] [Thread-4 (]: Finished running node test.olist_transform.unique_fct_order_delivery_performance_customer_id.ffa5f76b2b
[0m22:25:47.328819 [info ] [Thread-5 (]: 4 of 4 PASS unique_fct_order_delivery_performance_order_id ..................... [[32mPASS[0m in 1.85s]
[0m22:25:47.333977 [debug] [Thread-5 (]: Finished running node test.olist_transform.unique_fct_order_delivery_performance_order_id.efa1c93f46
[0m22:25:47.337375 [debug] [MainThread]: Connection 'master' was properly closed.
[0m22:25:47.337375 [debug] [MainThread]: Connection 'list_OLIST_PROJECT_PUBLIC' was left open.
[0m22:25:47.338928 [debug] [MainThread]: On list_OLIST_PROJECT_PUBLIC: Close
[0m22:25:47.724224 [debug] [MainThread]: Connection 'test.olist_transform.not_fct_order_delivery_performance_customer_id.9ea6e52492' was properly closed.
[0m22:25:47.724224 [debug] [MainThread]: Connection 'test.olist_transform.not_fct_order_delivery_performance_order_id.38910ca9f2' was properly closed.
[0m22:25:47.724224 [debug] [MainThread]: Connection 'test.olist_transform.unique_fct_order_delivery_performance_customer_id.ffa5f76b2b' was left open.
[0m22:25:47.729066 [debug] [MainThread]: On test.olist_transform.unique_fct_order_delivery_performance_customer_id.ffa5f76b2b: Close
[0m22:25:48.091305 [debug] [MainThread]: Connection 'test.olist_transform.unique_fct_order_delivery_performance_order_id.efa1c93f46' was left open.
[0m22:25:48.091305 [debug] [MainThread]: On test.olist_transform.unique_fct_order_delivery_performance_order_id.efa1c93f46: Close
[0m22:25:48.479233 [info ] [MainThread]: 
[0m22:25:48.481073 [info ] [MainThread]: Finished running 4 data tests in 0 hours 0 minutes and 5.57 seconds (5.57s).
[0m22:25:48.486396 [debug] [MainThread]: Command end result
[0m22:25:48.539644 [debug] [MainThread]: Wrote artifact WritableManifest to C:\Users\SURF\snowflake_pilot\olist_transform\target\manifest.json
[0m22:25:48.542326 [debug] [MainThread]: Wrote artifact SemanticManifest to C:\Users\SURF\snowflake_pilot\olist_transform\target\semantic_manifest.json
[0m22:25:48.550132 [debug] [MainThread]: Wrote artifact RunExecutionResult to C:\Users\SURF\snowflake_pilot\olist_transform\target\run_results.json
[0m22:25:48.550132 [info ] [MainThread]: 
[0m22:25:48.551132 [info ] [MainThread]: [31mCompleted with 2 errors, 0 partial successes, and 0 warnings:[0m
[0m22:25:48.552132 [info ] [MainThread]: 
[0m22:25:48.552132 [error] [MainThread]: [31mFailure in test not_fct_order_delivery_performance_order_id (tests\mart_tests.yml)[0m
[0m22:25:48.554130 [error] [MainThread]:   Compilation Error in test not_fct_order_delivery_performance_order_id (tests\mart_tests.yml)
  'test_not' is undefined. This can happen when calling a macro that does not exist. Check for typos and/or install package dependencies with "dbt deps".
[0m22:25:48.554130 [info ] [MainThread]: 
[0m22:25:48.555128 [error] [MainThread]: [31mFailure in test not_fct_order_delivery_performance_customer_id (tests\mart_tests.yml)[0m
[0m22:25:48.555809 [error] [MainThread]:   Compilation Error in test not_fct_order_delivery_performance_customer_id (tests\mart_tests.yml)
  'test_not' is undefined. This can happen when calling a macro that does not exist. Check for typos and/or install package dependencies with "dbt deps".
[0m22:25:48.556312 [info ] [MainThread]: 
[0m22:25:48.557311 [info ] [MainThread]: Done. PASS=2 WARN=0 ERROR=2 SKIP=0 NO-OP=0 TOTAL=4
[0m22:25:48.557311 [debug] [MainThread]: Command `dbt test` failed at 22:25:48.557311 after 7.75 seconds
[0m22:25:48.559018 [debug] [MainThread]: Sending event: {'category': 'dbt', 'action': 'invocation', 'label': 'end', 'context': [<snowplow_tracker.self_describing_json.SelfDescribingJson object at 0x000001B7EA05ECF0>, <snowplow_tracker.self_describing_json.SelfDescribingJson object at 0x000001B7EA28FE30>, <snowplow_tracker.self_describing_json.SelfDescribingJson object at 0x000001B7E6ADEBD0>]}
[0m22:25:48.559796 [debug] [MainThread]: Flushing usage events
[0m22:25:50.537582 [debug] [MainThread]: An error was encountered while trying to flush usage events
[0m22:26:33.097480 [debug] [MainThread]: Sending event: {'category': 'dbt', 'action': 'invocation', 'label': 'start', 'context': [<snowplow_tracker.self_describing_json.SelfDescribingJson object at 0x000001BFE71B5790>, <snowplow_tracker.self_describing_json.SelfDescribingJson object at 0x000001BFE96E03E0>, <snowplow_tracker.self_describing_json.SelfDescribingJson object at 0x000001BFE7ED2A50>]}


============================== 22:26:33.102734 | fd1e0cc1-c2d0-4295-9792-41f812be1a72 ==============================
[0m22:26:33.102734 [info ] [MainThread]: Running with dbt=1.11.11
[0m22:26:33.102734 [debug] [MainThread]: running dbt with arguments {'static_parser': 'True', 'no_print': 'None', 'version_check': 'True', 'target_path': 'None', 'warn_error_options': 'WarnErrorOptionsV2(error=[], warn=[], silence=[])', 'printer_width': '80', 'write_json': 'True', 'empty': 'None', 'log_cache_events': 'False', 'introspect': 'True', 'cache_selected_only': 'False', 'log_format': 'default', 'debug': 'False', 'fail_fast': 'False', 'partial_parse': 'True', 'send_anonymous_usage_stats': 'True', 'quiet': 'False', 'warn_error': 'None', 'profiles_dir': 'C:\\Users\\SURF\\.dbt', 'indirect_selection': 'eager', 'invocation_command': 'dbt test', 'use_colors': 'True', 'use_experimental_parser': 'False', 'log_path': 'C:\\Users\\SURF\\snowflake_pilot\\olist_transform\\logs'}
[0m22:26:33.567128 [debug] [MainThread]: Snowflake adapter: Setting snowflake.connector to ERROR (file logging only)
[0m22:26:33.567128 [debug] [MainThread]: Snowflake adapter: Setting botocore to ERROR (file logging only)
[0m22:26:33.567128 [debug] [MainThread]: Snowflake adapter: Setting boto3 to ERROR (file logging only)
[0m22:26:33.859628 [debug] [MainThread]: Sending event: {'category': 'dbt', 'action': 'project_id', 'label': 'fd1e0cc1-c2d0-4295-9792-41f812be1a72', 'context': [<snowplow_tracker.self_describing_json.SelfDescribingJson object at 0x000001BFEA331F70>]}
[0m22:26:34.036731 [debug] [MainThread]: Sending event: {'category': 'dbt', 'action': 'adapter_info', 'label': 'fd1e0cc1-c2d0-4295-9792-41f812be1a72', 'context': [<snowplow_tracker.self_describing_json.SelfDescribingJson object at 0x000001BFEA575850>]}
[0m22:26:34.039762 [info ] [MainThread]: Registered adapter: snowflake=1.11.5
[0m22:26:34.430693 [debug] [MainThread]: checksum: 30a8cc8fdcbf66701b0944d4ccce3fa46dd04b61e5df68b9f16d57b2e0e3f0be, vars: {}, profile: , target: , version: 1.11.11
[0m22:26:34.605603 [debug] [MainThread]: Partial parsing enabled: 0 files deleted, 0 files added, 1 files changed.
[0m22:26:34.607612 [debug] [MainThread]: Partial parsing: updated file: olist_transform://tests\mart_tests.yml
[0m22:26:35.120298 [warn ] [MainThread]: [[33mWARNING[0m]: Configuration paths exist in your dbt_project.yml file which do not apply to any resources.
There are 1 unused configuration paths:
- models.olist_transform.example
[0m22:26:35.137379 [debug] [MainThread]: Sending event: {'category': 'dbt', 'action': 'load_project', 'label': 'fd1e0cc1-c2d0-4295-9792-41f812be1a72', 'context': [<snowplow_tracker.self_describing_json.SelfDescribingJson object at 0x000001BFEA70E240>]}
[0m22:26:35.248764 [debug] [MainThread]: Wrote artifact WritableManifest to C:\Users\SURF\snowflake_pilot\olist_transform\target\manifest.json
[0m22:26:35.252898 [debug] [MainThread]: Wrote artifact SemanticManifest to C:\Users\SURF\snowflake_pilot\olist_transform\target\semantic_manifest.json
[0m22:26:35.281519 [debug] [MainThread]: Sending event: {'category': 'dbt', 'action': 'resource_counts', 'label': 'fd1e0cc1-c2d0-4295-9792-41f812be1a72', 'context': [<snowplow_tracker.self_describing_json.SelfDescribingJson object at 0x000001BFEBF46B10>]}
[0m22:26:35.282998 [info ] [MainThread]: Found 3 models, 4 data tests, 2 sources, 536 macros
[0m22:26:35.282998 [debug] [MainThread]: Sending event: {'category': 'dbt', 'action': 'runnable_timing', 'label': 'fd1e0cc1-c2d0-4295-9792-41f812be1a72', 'context': [<snowplow_tracker.self_describing_json.SelfDescribingJson object at 0x000001BFEA6E14F0>]}
[0m22:26:35.285199 [info ] [MainThread]: 
[0m22:26:35.286958 [info ] [MainThread]: Concurrency: 4 threads (target='dev')
[0m22:26:35.286958 [info ] [MainThread]: 
[0m22:26:35.288429 [debug] [MainThread]: Acquiring new snowflake connection 'master'
[0m22:26:35.295070 [debug] [ThreadPool]: Acquiring new snowflake connection 'list_OLIST_PROJECT_PUBLIC'
[0m22:26:35.380743 [debug] [ThreadPool]: Using snowflake connection "list_OLIST_PROJECT_PUBLIC"
[0m22:26:35.380743 [debug] [ThreadPool]: On list_OLIST_PROJECT_PUBLIC: show objects in OLIST_PROJECT.PUBLIC
    limit 10000
    

/* {"app": "dbt", "dbt_version": "1.11.11", "profile_name": "olist_transform", "target_name": "dev", "connection_name": "list_OLIST_PROJECT_PUBLIC"} */;
[0m22:26:35.380743 [debug] [ThreadPool]: Opening a new connection, currently in state init
[0m22:26:36.915256 [debug] [ThreadPool]: SQL status: SUCCESS 9 in 1.532 seconds
[0m22:26:36.928925 [debug] [MainThread]: Sending event: {'category': 'dbt', 'action': 'runnable_timing', 'label': 'fd1e0cc1-c2d0-4295-9792-41f812be1a72', 'context': [<snowplow_tracker.self_describing_json.SelfDescribingJson object at 0x000001BFEA51D2B0>]}
[0m22:26:36.941510 [debug] [Thread-2 (]: Began running node test.olist_transform.not_null_fct_order_delivery_performance_customer_id.ec4593b486
[0m22:26:36.941510 [debug] [Thread-3 (]: Began running node test.olist_transform.not_null_fct_order_delivery_performance_order_id.6e9874d8f0
[0m22:26:36.945967 [debug] [Thread-4 (]: Began running node test.olist_transform.unique_fct_order_delivery_performance_customer_id.ffa5f76b2b
[0m22:26:36.941510 [info ] [Thread-2 (]: 1 of 4 START test not_null_fct_order_delivery_performance_customer_id .......... [RUN]
[0m22:26:36.948942 [debug] [Thread-5 (]: Began running node test.olist_transform.unique_fct_order_delivery_performance_order_id.efa1c93f46
[0m22:26:36.947037 [info ] [Thread-3 (]: 2 of 4 START test not_null_fct_order_delivery_performance_order_id ............. [RUN]
[0m22:26:36.952303 [debug] [Thread-2 (]: Acquiring new snowflake connection 'test.olist_transform.not_null_fct_order_delivery_performance_customer_id.ec4593b486'
[0m22:26:36.948942 [info ] [Thread-4 (]: 3 of 4 START test unique_fct_order_delivery_performance_customer_id ............ [RUN]
[0m22:26:36.957388 [debug] [Thread-3 (]: Acquiring new snowflake connection 'test.olist_transform.not_null_fct_order_delivery_performance_order_id.6e9874d8f0'
[0m22:26:36.954916 [info ] [Thread-5 (]: 4 of 4 START test unique_fct_order_delivery_performance_order_id ............... [RUN]
[0m22:26:36.958911 [debug] [Thread-2 (]: Began compiling node test.olist_transform.not_null_fct_order_delivery_performance_customer_id.ec4593b486
[0m22:26:36.958911 [debug] [Thread-4 (]: Acquiring new snowflake connection 'test.olist_transform.unique_fct_order_delivery_performance_customer_id.ffa5f76b2b'
[0m22:26:36.961200 [debug] [Thread-3 (]: Began compiling node test.olist_transform.not_null_fct_order_delivery_performance_order_id.6e9874d8f0
[0m22:26:36.962361 [debug] [Thread-5 (]: Acquiring new snowflake connection 'test.olist_transform.unique_fct_order_delivery_performance_order_id.efa1c93f46'
[0m22:26:36.987199 [debug] [Thread-2 (]: Writing injected SQL for node "test.olist_transform.not_null_fct_order_delivery_performance_customer_id.ec4593b486"
[0m22:26:36.987199 [debug] [Thread-4 (]: Began compiling node test.olist_transform.unique_fct_order_delivery_performance_customer_id.ffa5f76b2b
[0m22:26:36.991878 [debug] [Thread-3 (]: Writing injected SQL for node "test.olist_transform.not_null_fct_order_delivery_performance_order_id.6e9874d8f0"
[0m22:26:36.991878 [debug] [Thread-5 (]: Began compiling node test.olist_transform.unique_fct_order_delivery_performance_order_id.efa1c93f46
[0m22:26:36.998646 [debug] [Thread-4 (]: Writing injected SQL for node "test.olist_transform.unique_fct_order_delivery_performance_customer_id.ffa5f76b2b"
[0m22:26:37.006525 [debug] [Thread-5 (]: Writing injected SQL for node "test.olist_transform.unique_fct_order_delivery_performance_order_id.efa1c93f46"
[0m22:26:37.007531 [debug] [Thread-2 (]: Began executing node test.olist_transform.not_null_fct_order_delivery_performance_customer_id.ec4593b486
[0m22:26:37.033752 [debug] [Thread-2 (]: Writing runtime sql for node "test.olist_transform.not_null_fct_order_delivery_performance_customer_id.ec4593b486"
[0m22:26:37.034753 [debug] [Thread-3 (]: Began executing node test.olist_transform.not_null_fct_order_delivery_performance_order_id.6e9874d8f0
[0m22:26:37.036151 [debug] [Thread-5 (]: Began executing node test.olist_transform.unique_fct_order_delivery_performance_order_id.efa1c93f46
[0m22:26:37.038920 [debug] [Thread-3 (]: Writing runtime sql for node "test.olist_transform.not_null_fct_order_delivery_performance_order_id.6e9874d8f0"
[0m22:26:37.039975 [debug] [Thread-4 (]: Began executing node test.olist_transform.unique_fct_order_delivery_performance_customer_id.ffa5f76b2b
[0m22:26:37.041490 [debug] [Thread-5 (]: Writing runtime sql for node "test.olist_transform.unique_fct_order_delivery_performance_order_id.efa1c93f46"
[0m22:26:37.043354 [debug] [Thread-2 (]: Using snowflake connection "test.olist_transform.not_null_fct_order_delivery_performance_customer_id.ec4593b486"
[0m22:26:37.046859 [debug] [Thread-4 (]: Writing runtime sql for node "test.olist_transform.unique_fct_order_delivery_performance_customer_id.ffa5f76b2b"
[0m22:26:37.046859 [debug] [Thread-2 (]: On test.olist_transform.not_null_fct_order_delivery_performance_customer_id.ec4593b486: select
      count(*) as failures,
      count(*) != 0 as should_warn,
      count(*) != 0 as should_error
    from (
      
    
  
    
    



select customer_id
from OLIST_PROJECT.PUBLIC.fct_order_delivery_performance
where customer_id is null



  
  
      
    ) dbt_internal_test
/* {"app": "dbt", "dbt_version": "1.11.11", "profile_name": "olist_transform", "target_name": "dev", "node_id": "test.olist_transform.not_null_fct_order_delivery_performance_customer_id.ec4593b486"} */
[0m22:26:37.048916 [debug] [Thread-3 (]: Using snowflake connection "test.olist_transform.not_null_fct_order_delivery_performance_order_id.6e9874d8f0"
[0m22:26:37.052157 [debug] [Thread-2 (]: Opening a new connection, currently in state init
[0m22:26:37.052157 [debug] [Thread-3 (]: On test.olist_transform.not_null_fct_order_delivery_performance_order_id.6e9874d8f0: select
      count(*) as failures,
      count(*) != 0 as should_warn,
      count(*) != 0 as should_error
    from (
      
    
  
    
    



select order_id
from OLIST_PROJECT.PUBLIC.fct_order_delivery_performance
where order_id is null



  
  
      
    ) dbt_internal_test
/* {"app": "dbt", "dbt_version": "1.11.11", "profile_name": "olist_transform", "target_name": "dev", "node_id": "test.olist_transform.not_null_fct_order_delivery_performance_order_id.6e9874d8f0"} */
[0m22:26:37.054399 [debug] [Thread-5 (]: Using snowflake connection "test.olist_transform.unique_fct_order_delivery_performance_order_id.efa1c93f46"
[0m22:26:37.054399 [debug] [Thread-3 (]: Opening a new connection, currently in state init
[0m22:26:37.054399 [debug] [Thread-5 (]: On test.olist_transform.unique_fct_order_delivery_performance_order_id.efa1c93f46: select
      count(*) as failures,
      count(*) != 0 as should_warn,
      count(*) != 0 as should_error
    from (
      
    
  
    
    

select
    order_id as unique_field,
    count(*) as n_records

from OLIST_PROJECT.PUBLIC.fct_order_delivery_performance
where order_id is not null
group by order_id
having count(*) > 1



  
  
      
    ) dbt_internal_test
/* {"app": "dbt", "dbt_version": "1.11.11", "profile_name": "olist_transform", "target_name": "dev", "node_id": "test.olist_transform.unique_fct_order_delivery_performance_order_id.efa1c93f46"} */
[0m22:26:37.057741 [debug] [Thread-4 (]: Using snowflake connection "test.olist_transform.unique_fct_order_delivery_performance_customer_id.ffa5f76b2b"
[0m22:26:37.057741 [debug] [Thread-5 (]: Opening a new connection, currently in state init
[0m22:26:37.058754 [debug] [Thread-4 (]: On test.olist_transform.unique_fct_order_delivery_performance_customer_id.ffa5f76b2b: select
      count(*) as failures,
      count(*) != 0 as should_warn,
      count(*) != 0 as should_error
    from (
      
    
  
    
    

select
    customer_id as unique_field,
    count(*) as n_records

from OLIST_PROJECT.PUBLIC.fct_order_delivery_performance
where customer_id is not null
group by customer_id
having count(*) > 1



  
  
      
    ) dbt_internal_test
/* {"app": "dbt", "dbt_version": "1.11.11", "profile_name": "olist_transform", "target_name": "dev", "node_id": "test.olist_transform.unique_fct_order_delivery_performance_customer_id.ffa5f76b2b"} */
[0m22:26:37.062324 [debug] [Thread-4 (]: Opening a new connection, currently in state init
[0m22:26:38.195757 [debug] [Thread-5 (]: SQL status: SUCCESS 1 in 1.138 seconds
[0m22:26:38.228608 [info ] [Thread-5 (]: 4 of 4 PASS unique_fct_order_delivery_performance_order_id ..................... [[32mPASS[0m in 1.27s]
[0m22:26:38.230172 [debug] [Thread-5 (]: Finished running node test.olist_transform.unique_fct_order_delivery_performance_order_id.efa1c93f46
[0m22:26:38.231306 [debug] [Thread-2 (]: SQL status: SUCCESS 1 in 1.180 seconds
[0m22:26:38.234865 [info ] [Thread-2 (]: 1 of 4 PASS not_null_fct_order_delivery_performance_customer_id ................ [[32mPASS[0m in 1.29s]
[0m22:26:38.234865 [debug] [Thread-2 (]: Finished running node test.olist_transform.not_null_fct_order_delivery_performance_customer_id.ec4593b486
[0m22:26:38.291844 [debug] [Thread-4 (]: SQL status: SUCCESS 1 in 1.230 seconds
[0m22:26:38.295833 [info ] [Thread-4 (]: 3 of 4 PASS unique_fct_order_delivery_performance_customer_id .................. [[32mPASS[0m in 1.34s]
[0m22:26:38.296794 [debug] [Thread-4 (]: Finished running node test.olist_transform.unique_fct_order_delivery_performance_customer_id.ffa5f76b2b
[0m22:26:38.331120 [debug] [Thread-3 (]: SQL status: SUCCESS 1 in 1.277 seconds
[0m22:26:38.337227 [info ] [Thread-3 (]: 2 of 4 PASS not_null_fct_order_delivery_performance_order_id ................... [[32mPASS[0m in 1.38s]
[0m22:26:38.338752 [debug] [Thread-3 (]: Finished running node test.olist_transform.not_null_fct_order_delivery_performance_order_id.6e9874d8f0
[0m22:26:38.342264 [debug] [MainThread]: Connection 'master' was properly closed.
[0m22:26:38.343264 [debug] [MainThread]: Connection 'list_OLIST_PROJECT_PUBLIC' was left open.
[0m22:26:38.343264 [debug] [MainThread]: On list_OLIST_PROJECT_PUBLIC: Close
[0m22:26:38.713918 [debug] [MainThread]: Connection 'test.olist_transform.not_null_fct_order_delivery_performance_customer_id.ec4593b486' was left open.
[0m22:26:38.715151 [debug] [MainThread]: On test.olist_transform.not_null_fct_order_delivery_performance_customer_id.ec4593b486: Close
[0m22:26:39.150596 [debug] [MainThread]: Connection 'test.olist_transform.not_null_fct_order_delivery_performance_order_id.6e9874d8f0' was left open.
[0m22:26:39.150596 [debug] [MainThread]: On test.olist_transform.not_null_fct_order_delivery_performance_order_id.6e9874d8f0: Close
[0m22:26:39.525590 [debug] [MainThread]: Connection 'test.olist_transform.unique_fct_order_delivery_performance_customer_id.ffa5f76b2b' was left open.
[0m22:26:39.525590 [debug] [MainThread]: On test.olist_transform.unique_fct_order_delivery_performance_customer_id.ffa5f76b2b: Close
[0m22:26:39.872849 [debug] [MainThread]: Connection 'test.olist_transform.unique_fct_order_delivery_performance_order_id.efa1c93f46' was left open.
[0m22:26:39.873861 [debug] [MainThread]: On test.olist_transform.unique_fct_order_delivery_performance_order_id.efa1c93f46: Close
[0m22:26:40.221734 [info ] [MainThread]: 
[0m22:26:40.226808 [info ] [MainThread]: Finished running 4 data tests in 0 hours 0 minutes and 4.93 seconds (4.93s).
[0m22:26:40.232069 [debug] [MainThread]: Command end result
[0m22:26:40.383662 [debug] [MainThread]: Wrote artifact WritableManifest to C:\Users\SURF\snowflake_pilot\olist_transform\target\manifest.json
[0m22:26:40.388512 [debug] [MainThread]: Wrote artifact SemanticManifest to C:\Users\SURF\snowflake_pilot\olist_transform\target\semantic_manifest.json
[0m22:26:40.396209 [debug] [MainThread]: Wrote artifact RunExecutionResult to C:\Users\SURF\snowflake_pilot\olist_transform\target\run_results.json
[0m22:26:40.396209 [info ] [MainThread]: 
[0m22:26:40.396209 [info ] [MainThread]: [32mCompleted successfully[0m
[0m22:26:40.396209 [info ] [MainThread]: 
[0m22:26:40.398431 [info ] [MainThread]: Done. PASS=4 WARN=0 ERROR=0 SKIP=0 NO-OP=0 TOTAL=4
[0m22:26:40.398431 [debug] [MainThread]: Command `dbt test` succeeded at 22:26:40.398431 after 7.56 seconds
[0m22:26:40.398431 [debug] [MainThread]: Sending event: {'category': 'dbt', 'action': 'invocation', 'label': 'end', 'context': [<snowplow_tracker.self_describing_json.SelfDescribingJson object at 0x000001BFE7C1A030>, <snowplow_tracker.self_describing_json.SelfDescribingJson object at 0x000001BFE9FB8C20>, <snowplow_tracker.self_describing_json.SelfDescribingJson object at 0x000001BFE73AD0D0>]}
[0m22:26:40.398431 [debug] [MainThread]: Flushing usage events
[0m22:26:42.170662 [debug] [MainThread]: An error was encountered while trying to flush usage events
[0m15:38:45.418132 [debug] [MainThread]: Sending event: {'category': 'dbt', 'action': 'invocation', 'label': 'start', 'context': [<snowplow_tracker.self_describing_json.SelfDescribingJson object at 0x00000175E4AC3230>, <snowplow_tracker.self_describing_json.SelfDescribingJson object at 0x00000175E4AC0650>, <snowplow_tracker.self_describing_json.SelfDescribingJson object at 0x00000175E4AC1280>]}


============================== 15:38:45.426853 | 90736cdb-a0dd-4d41-8b59-871856dad53d ==============================
[0m15:38:45.426853 [info ] [MainThread]: Running with dbt=1.11.11
[0m15:38:45.428901 [debug] [MainThread]: running dbt with arguments {'static_parser': 'True', 'no_print': 'None', 'version_check': 'True', 'target_path': 'None', 'warn_error_options': 'WarnErrorOptionsV2(error=[], warn=[], silence=[])', 'printer_width': '80', 'write_json': 'True', 'introspect': 'True', 'log_cache_events': 'False', 'empty': 'None', 'cache_selected_only': 'False', 'log_format': 'default', 'debug': 'False', 'fail_fast': 'False', 'partial_parse': 'True', 'send_anonymous_usage_stats': 'True', 'quiet': 'False', 'warn_error': 'None', 'profiles_dir': 'C:\\Users\\SURF\\.dbt', 'indirect_selection': 'eager', 'use_colors': 'True', 'invocation_command': 'dbt ', 'use_experimental_parser': 'False', 'log_path': 'c:\\Users\\SURF\\snowflake_pilot\\olist_transform\\logs'}
[0m15:38:45.761796 [debug] [MainThread]: Sending event: {'category': 'dbt', 'action': 'project_id', 'label': '90736cdb-a0dd-4d41-8b59-871856dad53d', 'context': [<snowplow_tracker.self_describing_json.SelfDescribingJson object at 0x00000175E640FE00>]}
[0m15:38:45.819675 [info ] [MainThread]: Warning: No packages were found in packages.yml
[0m15:38:45.819675 [info ] [MainThread]: Warning: No packages were found in packages.yml
[0m15:38:45.824614 [debug] [MainThread]: Command `cli deps` succeeded at 15:38:45.823215 after 0.65 seconds
[0m15:38:45.824614 [debug] [MainThread]: Sending event: {'category': 'dbt', 'action': 'invocation', 'label': 'end', 'context': [<snowplow_tracker.self_describing_json.SelfDescribingJson object at 0x00000175E62AC080>, <snowplow_tracker.self_describing_json.SelfDescribingJson object at 0x00000175E493F470>, <snowplow_tracker.self_describing_json.SelfDescribingJson object at 0x00000175E6297A40>]}
[0m15:38:45.824614 [debug] [MainThread]: Flushing usage events
[0m15:38:48.343763 [debug] [MainThread]: An error was encountered while trying to flush usage events
[0m17:02:03.421889 [debug] [MainThread]: Sending event: {'category': 'dbt', 'action': 'invocation', 'label': 'start', 'context': [<snowplow_tracker.self_describing_json.SelfDescribingJson object at 0x00000194DBFB4D40>, <snowplow_tracker.self_describing_json.SelfDescribingJson object at 0x00000194DBBD8560>, <snowplow_tracker.self_describing_json.SelfDescribingJson object at 0x00000194D97E5220>]}


============================== 17:02:03.427638 | 6e27643d-7066-44b4-8014-faea888ee531 ==============================
[0m17:02:03.427638 [info ] [MainThread]: Running with dbt=1.11.11
[0m17:02:03.428677 [debug] [MainThread]: running dbt with arguments {'static_parser': 'True', 'no_print': 'None', 'version_check': 'True', 'warn_error_options': 'WarnErrorOptionsV2(error=[], warn=[], silence=[])', 'target_path': 'None', 'printer_width': '80', 'write_json': 'True', 'empty': 'None', 'log_cache_events': 'False', 'introspect': 'True', 'cache_selected_only': 'False', 'fail_fast': 'False', 'debug': 'False', 'log_format': 'default', 'partial_parse': 'True', 'send_anonymous_usage_stats': 'True', 'quiet': 'False', 'warn_error': 'None', 'profiles_dir': 'C:\\Users\\SURF\\.dbt', 'indirect_selection': 'eager', 'use_colors': 'True', 'invocation_command': 'dbt ', 'use_experimental_parser': 'False', 'log_path': 'c:\\Users\\SURF\\snowflake_pilot\\olist_transform\\logs'}
[0m17:02:03.692774 [debug] [MainThread]: Sending event: {'category': 'dbt', 'action': 'project_id', 'label': '6e27643d-7066-44b4-8014-faea888ee531', 'context': [<snowplow_tracker.self_describing_json.SelfDescribingJson object at 0x00000194DC806570>]}
[0m17:02:03.729592 [info ] [MainThread]: Warning: No packages were found in packages.yml
[0m17:02:03.732651 [info ] [MainThread]: Warning: No packages were found in packages.yml
[0m17:02:03.734826 [debug] [MainThread]: Command `cli deps` succeeded at 17:02:03.733689 after 0.50 seconds
[0m17:02:03.734826 [debug] [MainThread]: Sending event: {'category': 'dbt', 'action': 'invocation', 'label': 'end', 'context': [<snowplow_tracker.self_describing_json.SelfDescribingJson object at 0x00000194DDAA78C0>, <snowplow_tracker.self_describing_json.SelfDescribingJson object at 0x00000194DC0DF470>, <snowplow_tracker.self_describing_json.SelfDescribingJson object at 0x00000194DC2974D0>]}
[0m17:02:03.735840 [debug] [MainThread]: Flushing usage events
[0m17:02:05.520751 [debug] [MainThread]: An error was encountered while trying to flush usage events
[0m17:59:35.048076 [debug] [MainThread]: Sending event: {'category': 'dbt', 'action': 'invocation', 'label': 'start', 'context': [<snowplow_tracker.self_describing_json.SelfDescribingJson object at 0x000001EA44C73830>, <snowplow_tracker.self_describing_json.SelfDescribingJson object at 0x000001EA47F76C60>, <snowplow_tracker.self_describing_json.SelfDescribingJson object at 0x000001EA47AEDCD0>]}


============================== 17:59:35.060935 | e001b65a-82fc-4aed-846f-5fdbff898c24 ==============================
[0m17:59:35.060935 [info ] [MainThread]: Running with dbt=1.11.11
[0m17:59:35.061953 [debug] [MainThread]: running dbt with arguments {'static_parser': 'True', 'no_print': 'None', 'version_check': 'True', 'warn_error_options': 'WarnErrorOptionsV2(error=[], warn=[], silence=[])', 'target_path': 'None', 'printer_width': '80', 'write_json': 'True', 'introspect': 'True', 'log_cache_events': 'False', 'empty': 'None', 'cache_selected_only': 'False', 'fail_fast': 'False', 'debug': 'False', 'log_format': 'default', 'profiles_dir': 'C:\\Users\\SURF\\.dbt', 'send_anonymous_usage_stats': 'True', 'quiet': 'False', 'warn_error': 'None', 'partial_parse': 'True', 'use_colors': 'True', 'invocation_command': 'dbt ', 'indirect_selection': 'eager', 'use_experimental_parser': 'False', 'log_path': 'c:\\Users\\SURF\\snowflake_pilot\\olist_transform\\logs'}
[0m17:59:35.581147 [debug] [MainThread]: Sending event: {'category': 'dbt', 'action': 'project_id', 'label': 'e001b65a-82fc-4aed-846f-5fdbff898c24', 'context': [<snowplow_tracker.self_describing_json.SelfDescribingJson object at 0x000001EA476D7DA0>]}
[0m17:59:35.630362 [info ] [MainThread]: Warning: No packages were found in packages.yml
[0m17:59:35.634461 [info ] [MainThread]: Warning: No packages were found in packages.yml
[0m17:59:35.636990 [debug] [MainThread]: Command `cli deps` succeeded at 17:59:35.636990 after 0.98 seconds
[0m17:59:35.638987 [debug] [MainThread]: Sending event: {'category': 'dbt', 'action': 'invocation', 'label': 'end', 'context': [<snowplow_tracker.self_describing_json.SelfDescribingJson object at 0x000001EA4943DD90>, <snowplow_tracker.self_describing_json.SelfDescribingJson object at 0x000001EA494F7710>, <snowplow_tracker.self_describing_json.SelfDescribingJson object at 0x000001EA494F7110>]}
[0m17:59:35.638987 [debug] [MainThread]: Flushing usage events
[0m17:59:38.536671 [debug] [MainThread]: An error was encountered while trying to flush usage events
[0m14:26:06.830209 [debug] [MainThread]: Sending event: {'category': 'dbt', 'action': 'invocation', 'label': 'start', 'context': [<snowplow_tracker.self_describing_json.SelfDescribingJson object at 0x000001908DA47A40>, <snowplow_tracker.self_describing_json.SelfDescribingJson object at 0x000001908DCC1610>, <snowplow_tracker.self_describing_json.SelfDescribingJson object at 0x000001908DCC39B0>]}


============================== 14:26:06.851033 | e0e0d06b-568e-48d5-9d6e-01cdc1b6cc9d ==============================
[0m14:26:06.851033 [info ] [MainThread]: Running with dbt=1.11.11
[0m14:26:06.855284 [debug] [MainThread]: running dbt with arguments {'static_parser': 'True', 'no_print': 'None', 'version_check': 'True', 'target_path': 'None', 'warn_error_options': 'WarnErrorOptionsV2(error=[], warn=[], silence=[])', 'printer_width': '80', 'write_json': 'True', 'introspect': 'True', 'log_cache_events': 'False', 'empty': 'None', 'cache_selected_only': 'False', 'log_format': 'default', 'debug': 'False', 'fail_fast': 'False', 'profiles_dir': 'c:\\Users\\SURF\\snowflake_pilot', 'send_anonymous_usage_stats': 'True', 'quiet': 'False', 'warn_error': 'None', 'partial_parse': 'True', 'use_colors': 'True', 'indirect_selection': 'eager', 'invocation_command': 'dbt ', 'use_experimental_parser': 'False', 'log_path': 'c:\\Users\\SURF\\snowflake_pilot\\logs'}
[0m14:26:08.024111 [debug] [MainThread]: Sending event: {'category': 'dbt', 'action': 'project_id', 'label': 'e0e0d06b-568e-48d5-9d6e-01cdc1b6cc9d', 'context': [<snowplow_tracker.self_describing_json.SelfDescribingJson object at 0x000001908AF6CF80>]}
[0m14:26:08.140278 [info ] [MainThread]: Warning: No packages were found in packages.yml
[0m14:26:08.147408 [info ] [MainThread]: Warning: No packages were found in packages.yml
[0m14:26:08.152681 [debug] [MainThread]: Command `cli deps` succeeded at 14:26:08.152681 after 2.15 seconds
[0m14:26:08.155624 [debug] [MainThread]: Sending event: {'category': 'dbt', 'action': 'invocation', 'label': 'end', 'context': [<snowplow_tracker.self_describing_json.SelfDescribingJson object at 0x000001908E516120>, <snowplow_tracker.self_describing_json.SelfDescribingJson object at 0x000001908E515E20>, <snowplow_tracker.self_describing_json.SelfDescribingJson object at 0x000001908E515DF0>]}
[0m14:26:08.157123 [debug] [MainThread]: Flushing usage events
[0m14:26:11.566909 [debug] [MainThread]: An error was encountered while trying to flush usage events
[0m12:42:54.069369 [debug] [MainThread]: Sending event: {'category': 'dbt', 'action': 'invocation', 'label': 'start', 'context': [<snowplow_tracker.self_describing_json.SelfDescribingJson object at 0x000001FEC856F7A0>, <snowplow_tracker.self_describing_json.SelfDescribingJson object at 0x000001FEC8E53E30>, <snowplow_tracker.self_describing_json.SelfDescribingJson object at 0x000001FECC164800>]}


============================== 12:42:54.079676 | bbb9acd6-0bae-4116-906b-210d2780647c ==============================
[0m12:42:54.079676 [info ] [MainThread]: Running with dbt=1.11.11
[0m12:42:54.081153 [debug] [MainThread]: running dbt with arguments {'static_parser': 'True', 'no_print': 'None', 'version_check': 'True', 'target_path': 'None', 'warn_error_options': 'WarnErrorOptionsV2(error=[], warn=[], silence=[])', 'printer_width': '80', 'write_json': 'True', 'introspect': 'True', 'log_cache_events': 'False', 'empty': 'None', 'cache_selected_only': 'False', 'log_format': 'default', 'debug': 'False', 'fail_fast': 'False', 'partial_parse': 'True', 'send_anonymous_usage_stats': 'True', 'quiet': 'False', 'warn_error': 'None', 'profiles_dir': 'c:\\Users\\SURF\\snowflake_pilot', 'indirect_selection': 'eager', 'invocation_command': 'dbt ', 'use_colors': 'True', 'use_experimental_parser': 'False', 'log_path': 'c:\\Users\\SURF\\snowflake_pilot\\logs'}
[0m12:42:54.621021 [debug] [MainThread]: Sending event: {'category': 'dbt', 'action': 'project_id', 'label': 'bbb9acd6-0bae-4116-906b-210d2780647c', 'context': [<snowplow_tracker.self_describing_json.SelfDescribingJson object at 0x000001FECD7AAAB0>]}
[0m12:42:54.702808 [info ] [MainThread]: Warning: No packages were found in packages.yml
[0m12:42:54.708846 [info ] [MainThread]: Warning: No packages were found in packages.yml
[0m12:42:54.714849 [debug] [MainThread]: Command `cli deps` succeeded at 12:42:54.713850 after 1.10 seconds
[0m12:42:54.715917 [debug] [MainThread]: Sending event: {'category': 'dbt', 'action': 'invocation', 'label': 'end', 'context': [<snowplow_tracker.self_describing_json.SelfDescribingJson object at 0x000001FECBD12FF0>, <snowplow_tracker.self_describing_json.SelfDescribingJson object at 0x000001FECBD114F0>, <snowplow_tracker.self_describing_json.SelfDescribingJson object at 0x000001FECBD124B0>]}
[0m12:42:54.717917 [debug] [MainThread]: Flushing usage events
[0m12:43:10.192420 [debug] [MainThread]: An error was encountered while trying to flush usage events
[0m19:19:32.388118 [debug] [MainThread]: Sending event: {'category': 'dbt', 'action': 'invocation', 'label': 'start', 'context': [<snowplow_tracker.self_describing_json.SelfDescribingJson object at 0x000001798B3A6750>, <snowplow_tracker.self_describing_json.SelfDescribingJson object at 0x000001798871CF80>, <snowplow_tracker.self_describing_json.SelfDescribingJson object at 0x000001798BBAEAB0>]}


============================== 19:19:32.403118 | e29dd833-402a-4acd-b4ff-91e2ede06cc8 ==============================
[0m19:19:32.403118 [info ] [MainThread]: Running with dbt=1.11.11
[0m19:19:32.407272 [debug] [MainThread]: running dbt with arguments {'version_check': 'True', 'no_print': 'None', 'static_parser': 'True', 'warn_error_options': 'WarnErrorOptionsV2(error=[], warn=[], silence=[])', 'target_path': 'None', 'printer_width': '80', 'write_json': 'True', 'introspect': 'True', 'log_cache_events': 'False', 'empty': 'False', 'cache_selected_only': 'False', 'fail_fast': 'False', 'debug': 'False', 'log_format': 'default', 'profiles_dir': 'C:\\Users\\SURF\\snowflake_pilot', 'send_anonymous_usage_stats': 'True', 'quiet': 'False', 'warn_error': 'None', 'partial_parse': 'True', 'indirect_selection': 'eager', 'invocation_command': 'dbt run', 'use_colors': 'True', 'use_experimental_parser': 'False', 'log_path': 'C:\\Users\\SURF\\snowflake_pilot\\logs'}
[0m19:19:33.697678 [debug] [MainThread]: Snowflake adapter: Setting snowflake.connector to ERROR (file logging only)
[0m19:19:33.699681 [debug] [MainThread]: Snowflake adapter: Setting botocore to ERROR (file logging only)
[0m19:19:33.700681 [debug] [MainThread]: Snowflake adapter: Setting boto3 to ERROR (file logging only)
[0m19:19:34.374544 [debug] [MainThread]: Sending event: {'category': 'dbt', 'action': 'project_id', 'label': 'e29dd833-402a-4acd-b4ff-91e2ede06cc8', 'context': [<snowplow_tracker.self_describing_json.SelfDescribingJson object at 0x000001798DFEF560>]}
[0m19:19:34.584568 [debug] [MainThread]: Sending event: {'category': 'dbt', 'action': 'adapter_info', 'label': 'e29dd833-402a-4acd-b4ff-91e2ede06cc8', 'context': [<snowplow_tracker.self_describing_json.SelfDescribingJson object at 0x000001798D742F60>]}
[0m19:19:34.585569 [info ] [MainThread]: Registered adapter: snowflake=1.11.5
[0m19:19:35.636112 [debug] [MainThread]: checksum: 30a8cc8fdcbf66701b0944d4ccce3fa46dd04b61e5df68b9f16d57b2e0e3f0be, vars: {}, profile: , target: , version: 1.11.11
[0m19:19:35.871908 [debug] [MainThread]: Partial parsing enabled: 0 files deleted, 0 files added, 0 files changed.
[0m19:19:35.871908 [debug] [MainThread]: Nothing changed, skipping partial parsing.
[0m19:19:35.872942 [debug] [MainThread]: Partial parsing enabled, no changes found, skipping parsing
[0m19:19:35.881090 [warn ] [MainThread]: [[33mWARNING[0m]: Configuration paths exist in your dbt_project.yml file which do not apply to any resources.
There are 1 unused configuration paths:
- models.olist_transform.example
[0m19:19:35.982280 [debug] [MainThread]: Sending event: {'category': 'dbt', 'action': 'load_project', 'label': 'e29dd833-402a-4acd-b4ff-91e2ede06cc8', 'context': [<snowplow_tracker.self_describing_json.SelfDescribingJson object at 0x000001798E772360>]}
[0m19:19:36.132422 [debug] [MainThread]: Wrote artifact WritableManifest to C:\Users\SURF\snowflake_pilot\target\manifest.json
[0m19:19:36.177613 [debug] [MainThread]: Wrote artifact SemanticManifest to C:\Users\SURF\snowflake_pilot\target\semantic_manifest.json
[0m19:19:36.215434 [debug] [MainThread]: Sending event: {'category': 'dbt', 'action': 'resource_counts', 'label': 'e29dd833-402a-4acd-b4ff-91e2ede06cc8', 'context': [<snowplow_tracker.self_describing_json.SelfDescribingJson object at 0x000001798E952C30>]}
[0m19:19:36.216388 [info ] [MainThread]: Found 6 models, 4 data tests, 3 sources, 536 macros
[0m19:19:36.217443 [debug] [MainThread]: Sending event: {'category': 'dbt', 'action': 'runnable_timing', 'label': 'e29dd833-402a-4acd-b4ff-91e2ede06cc8', 'context': [<snowplow_tracker.self_describing_json.SelfDescribingJson object at 0x00000179899A40E0>]}
[0m19:19:36.222449 [info ] [MainThread]: 
[0m19:19:36.224402 [info ] [MainThread]: Concurrency: 4 threads (target='dev')
[0m19:19:36.225398 [info ] [MainThread]: 
[0m19:19:36.228397 [debug] [MainThread]: Acquiring new snowflake connection 'master'
[0m19:19:36.245186 [debug] [ThreadPool]: Acquiring new snowflake connection 'list_OLIST_PROJECT'
[0m19:19:36.488927 [debug] [ThreadPool]: Using snowflake connection "list_OLIST_PROJECT"
[0m19:19:36.489928 [debug] [ThreadPool]: On list_OLIST_PROJECT: show terse schemas in database OLIST_PROJECT
    limit 10000
/* {"app": "dbt", "dbt_version": "1.11.11", "profile_name": "olist_transform", "target_name": "dev", "connection_name": "list_OLIST_PROJECT"} */
[0m19:19:36.490929 [debug] [ThreadPool]: Opening a new connection, currently in state init
[0m19:19:37.963561 [debug] [ThreadPool]: Snowflake adapter: Error running SQL: show terse schemas in database OLIST_PROJECT
    limit 10000
/* {"app": "dbt", "dbt_version": "1.11.11", "profile_name": "olist_transform", "target_name": "dev", "connection_name": "list_OLIST_PROJECT"} */
[0m19:19:37.964558 [debug] [ThreadPool]: Snowflake adapter: Rolling back transaction.
[0m19:19:37.966050 [debug] [ThreadPool]: Snowflake adapter: Error running SQL: macro list_schemas
[0m19:19:37.966050 [debug] [ThreadPool]: Snowflake adapter: Rolling back transaction.
[0m19:19:37.968087 [debug] [MainThread]: Connection 'master' was properly closed.
[0m19:19:37.968087 [debug] [MainThread]: Connection 'list_OLIST_PROJECT' was left open.
[0m19:19:37.969087 [debug] [MainThread]: On list_OLIST_PROJECT: No close available on handle
[0m19:19:37.969087 [info ] [MainThread]: 
[0m19:19:37.970089 [info ] [MainThread]: Finished running  in 0 hours 0 minutes and 1.74 seconds (1.74s).
[0m19:19:37.972125 [error] [MainThread]: Encountered an error:
Runtime Error
  Database error while listing schemas in database "OLIST_PROJECT"
  Database Error
    250001: Could not connect to Snowflake backend after 2 attempt(s).Aborting
[0m19:19:37.974216 [debug] [MainThread]: Command `dbt run` failed at 19:19:37.974216 after 6.08 seconds
[0m19:19:37.975218 [debug] [MainThread]: Sending event: {'category': 'dbt', 'action': 'invocation', 'label': 'end', 'context': [<snowplow_tracker.self_describing_json.SelfDescribingJson object at 0x000001798B862B40>, <snowplow_tracker.self_describing_json.SelfDescribingJson object at 0x000001798E72ED80>, <snowplow_tracker.self_describing_json.SelfDescribingJson object at 0x000001798E915C10>]}
[0m19:19:37.976181 [debug] [MainThread]: Flushing usage events
[0m19:19:37.983075 [debug] [MainThread]: An error was encountered while trying to flush usage events
[0m19:20:57.833470 [debug] [MainThread]: Sending event: {'category': 'dbt', 'action': 'invocation', 'label': 'start', 'context': [<snowplow_tracker.self_describing_json.SelfDescribingJson object at 0x0000022EDFF5E7B0>, <snowplow_tracker.self_describing_json.SelfDescribingJson object at 0x0000022EDFA091F0>, <snowplow_tracker.self_describing_json.SelfDescribingJson object at 0x0000022EDFA51250>]}


============================== 19:20:57.848627 | f11f30db-2c49-4e56-b4a1-d3ad31598543 ==============================
[0m19:20:57.848627 [info ] [MainThread]: Running with dbt=1.11.11
[0m19:20:57.851649 [debug] [MainThread]: running dbt with arguments {'version_check': 'True', 'no_print': 'None', 'static_parser': 'True', 'warn_error_options': 'WarnErrorOptionsV2(error=[], warn=[], silence=[])', 'target_path': 'None', 'printer_width': '80', 'write_json': 'True', 'introspect': 'True', 'log_cache_events': 'False', 'empty': 'None', 'cache_selected_only': 'False', 'fail_fast': 'False', 'debug': 'False', 'log_format': 'default', 'profiles_dir': 'C:\\Users\\SURF\\snowflake_pilot', 'send_anonymous_usage_stats': 'True', 'quiet': 'False', 'warn_error': 'None', 'partial_parse': 'True', 'indirect_selection': 'eager', 'use_colors': 'True', 'invocation_command': 'dbt test', 'use_experimental_parser': 'False', 'log_path': 'C:\\Users\\SURF\\snowflake_pilot\\logs'}
[0m19:20:59.103324 [debug] [MainThread]: Snowflake adapter: Setting snowflake.connector to ERROR (file logging only)
[0m19:20:59.104364 [debug] [MainThread]: Snowflake adapter: Setting botocore to ERROR (file logging only)
[0m19:20:59.105363 [debug] [MainThread]: Snowflake adapter: Setting boto3 to ERROR (file logging only)
[0m19:20:59.750605 [debug] [MainThread]: Sending event: {'category': 'dbt', 'action': 'project_id', 'label': 'f11f30db-2c49-4e56-b4a1-d3ad31598543', 'context': [<snowplow_tracker.self_describing_json.SelfDescribingJson object at 0x0000022EDF5B24E0>]}
[0m19:21:00.015071 [debug] [MainThread]: Sending event: {'category': 'dbt', 'action': 'adapter_info', 'label': 'f11f30db-2c49-4e56-b4a1-d3ad31598543', 'context': [<snowplow_tracker.self_describing_json.SelfDescribingJson object at 0x0000022EE229FBC0>]}
[0m19:21:00.019153 [info ] [MainThread]: Registered adapter: snowflake=1.11.5
[0m19:21:00.891651 [debug] [MainThread]: checksum: 30a8cc8fdcbf66701b0944d4ccce3fa46dd04b61e5df68b9f16d57b2e0e3f0be, vars: {}, profile: , target: , version: 1.11.11
[0m19:21:01.308501 [debug] [MainThread]: Partial parsing enabled: 0 files deleted, 0 files added, 0 files changed.
[0m19:21:01.309468 [debug] [MainThread]: Nothing changed, skipping partial parsing.
[0m19:21:01.310863 [debug] [MainThread]: Partial parsing enabled, no changes found, skipping parsing
[0m19:21:01.326941 [warn ] [MainThread]: [[33mWARNING[0m]: Configuration paths exist in your dbt_project.yml file which do not apply to any resources.
There are 1 unused configuration paths:
- models.olist_transform.example
[0m19:21:01.450234 [debug] [MainThread]: Sending event: {'category': 'dbt', 'action': 'load_project', 'label': 'f11f30db-2c49-4e56-b4a1-d3ad31598543', 'context': [<snowplow_tracker.self_describing_json.SelfDescribingJson object at 0x0000022EE2549B80>]}
[0m19:21:01.641254 [debug] [MainThread]: Wrote artifact WritableManifest to C:\Users\SURF\snowflake_pilot\target\manifest.json
[0m19:21:01.646248 [debug] [MainThread]: Wrote artifact SemanticManifest to C:\Users\SURF\snowflake_pilot\target\semantic_manifest.json
[0m19:21:01.693476 [debug] [MainThread]: Sending event: {'category': 'dbt', 'action': 'resource_counts', 'label': 'f11f30db-2c49-4e56-b4a1-d3ad31598543', 'context': [<snowplow_tracker.self_describing_json.SelfDescribingJson object at 0x0000022EE29E8FE0>]}
[0m19:21:01.694479 [info ] [MainThread]: Found 6 models, 4 data tests, 3 sources, 536 macros
[0m19:21:01.695473 [debug] [MainThread]: Sending event: {'category': 'dbt', 'action': 'runnable_timing', 'label': 'f11f30db-2c49-4e56-b4a1-d3ad31598543', 'context': [<snowplow_tracker.self_describing_json.SelfDescribingJson object at 0x0000022EE250E930>]}
[0m19:21:01.699473 [info ] [MainThread]: 
[0m19:21:01.700474 [info ] [MainThread]: Concurrency: 4 threads (target='dev')
[0m19:21:01.700474 [info ] [MainThread]: 
[0m19:21:01.702835 [debug] [MainThread]: Acquiring new snowflake connection 'master'
[0m19:21:01.715679 [debug] [ThreadPool]: Acquiring new snowflake connection 'list_OLIST_PROJECT_PUBLIC'
[0m19:21:01.922081 [debug] [ThreadPool]: Using snowflake connection "list_OLIST_PROJECT_PUBLIC"
[0m19:21:01.923080 [debug] [ThreadPool]: On list_OLIST_PROJECT_PUBLIC: show objects in OLIST_PROJECT.PUBLIC
    limit 10000
    

/* {"app": "dbt", "dbt_version": "1.11.11", "profile_name": "olist_transform", "target_name": "dev", "connection_name": "list_OLIST_PROJECT_PUBLIC"} */;
[0m19:21:01.924093 [debug] [ThreadPool]: Opening a new connection, currently in state init
[0m19:21:05.476761 [debug] [ThreadPool]: SQL status: SUCCESS 9 in 3.553 seconds
[0m19:21:05.492705 [debug] [MainThread]: Sending event: {'category': 'dbt', 'action': 'runnable_timing', 'label': 'f11f30db-2c49-4e56-b4a1-d3ad31598543', 'context': [<snowplow_tracker.self_describing_json.SelfDescribingJson object at 0x0000022EE29CC980>]}
[0m19:21:05.513097 [debug] [Thread-2 (]: Began running node test.olist_transform.not_null_fct_order_delivery_performance_customer_id.ec4593b486
[0m19:21:05.516138 [debug] [Thread-3 (]: Began running node test.olist_transform.not_null_fct_order_delivery_performance_order_id.6e9874d8f0
[0m19:21:05.519089 [debug] [Thread-4 (]: Began running node test.olist_transform.unique_fct_order_delivery_performance_customer_id.ffa5f76b2b
[0m19:21:05.520168 [debug] [Thread-5 (]: Began running node test.olist_transform.unique_fct_order_delivery_performance_order_id.efa1c93f46
[0m19:21:05.517141 [info ] [Thread-2 (]: 1 of 4 START test not_null_fct_order_delivery_performance_customer_id .......... [RUN]
[0m19:21:05.523176 [info ] [Thread-3 (]: 2 of 4 START test not_null_fct_order_delivery_performance_order_id ............. [RUN]
[0m19:21:05.525237 [info ] [Thread-4 (]: 3 of 4 START test unique_fct_order_delivery_performance_customer_id ............ [RUN]
[0m19:21:05.530433 [debug] [Thread-2 (]: Acquiring new snowflake connection 'test.olist_transform.not_null_fct_order_delivery_performance_customer_id.ec4593b486'
[0m19:21:05.527173 [info ] [Thread-5 (]: 4 of 4 START test unique_fct_order_delivery_performance_order_id ............... [RUN]
[0m19:21:05.533411 [debug] [Thread-3 (]: Acquiring new snowflake connection 'test.olist_transform.not_null_fct_order_delivery_performance_order_id.6e9874d8f0'
[0m19:21:05.536410 [debug] [Thread-4 (]: Acquiring new snowflake connection 'test.olist_transform.unique_fct_order_delivery_performance_customer_id.ffa5f76b2b'
[0m19:21:05.539413 [debug] [Thread-2 (]: Began compiling node test.olist_transform.not_null_fct_order_delivery_performance_customer_id.ec4593b486
[0m19:21:05.541411 [debug] [Thread-5 (]: Acquiring new snowflake connection 'test.olist_transform.unique_fct_order_delivery_performance_order_id.efa1c93f46'
[0m19:21:05.543410 [debug] [Thread-3 (]: Began compiling node test.olist_transform.not_null_fct_order_delivery_performance_order_id.6e9874d8f0
[0m19:21:05.545411 [debug] [Thread-4 (]: Began compiling node test.olist_transform.unique_fct_order_delivery_performance_customer_id.ffa5f76b2b
[0m19:21:05.569996 [debug] [Thread-5 (]: Began compiling node test.olist_transform.unique_fct_order_delivery_performance_order_id.efa1c93f46
[0m19:21:05.690149 [debug] [Thread-5 (]: Writing injected SQL for node "test.olist_transform.unique_fct_order_delivery_performance_order_id.efa1c93f46"
[0m19:21:05.701400 [debug] [Thread-4 (]: Writing injected SQL for node "test.olist_transform.unique_fct_order_delivery_performance_customer_id.ffa5f76b2b"
[0m19:21:05.720376 [debug] [Thread-3 (]: Writing injected SQL for node "test.olist_transform.not_null_fct_order_delivery_performance_order_id.6e9874d8f0"
[0m19:21:05.726338 [debug] [Thread-2 (]: Writing injected SQL for node "test.olist_transform.not_null_fct_order_delivery_performance_customer_id.ec4593b486"
[0m19:21:05.731319 [debug] [Thread-5 (]: Began executing node test.olist_transform.unique_fct_order_delivery_performance_order_id.efa1c93f46
[0m19:21:05.820533 [debug] [Thread-4 (]: Began executing node test.olist_transform.unique_fct_order_delivery_performance_customer_id.ffa5f76b2b
[0m19:21:05.835830 [debug] [Thread-2 (]: Began executing node test.olist_transform.not_null_fct_order_delivery_performance_customer_id.ec4593b486
[0m19:21:05.850939 [debug] [Thread-3 (]: Began executing node test.olist_transform.not_null_fct_order_delivery_performance_order_id.6e9874d8f0
[0m19:21:05.861646 [debug] [Thread-2 (]: Writing runtime sql for node "test.olist_transform.not_null_fct_order_delivery_performance_customer_id.ec4593b486"
[0m19:21:05.869638 [debug] [Thread-5 (]: Writing runtime sql for node "test.olist_transform.unique_fct_order_delivery_performance_order_id.efa1c93f46"
[0m19:21:05.871641 [debug] [Thread-4 (]: Writing runtime sql for node "test.olist_transform.unique_fct_order_delivery_performance_customer_id.ffa5f76b2b"
[0m19:21:05.883214 [debug] [Thread-3 (]: Writing runtime sql for node "test.olist_transform.not_null_fct_order_delivery_performance_order_id.6e9874d8f0"
[0m19:21:05.891905 [debug] [Thread-2 (]: Using snowflake connection "test.olist_transform.not_null_fct_order_delivery_performance_customer_id.ec4593b486"
[0m19:21:05.895326 [debug] [Thread-2 (]: On test.olist_transform.not_null_fct_order_delivery_performance_customer_id.ec4593b486: select
      count(*) as failures,
      count(*) != 0 as should_warn,
      count(*) != 0 as should_error
    from (
      
    
  
    
    



select customer_id
from OLIST_PROJECT.PUBLIC.fct_order_delivery_performance
where customer_id is null



  
  
      
    ) dbt_internal_test
/* {"app": "dbt", "dbt_version": "1.11.11", "profile_name": "olist_transform", "target_name": "dev", "node_id": "test.olist_transform.not_null_fct_order_delivery_performance_customer_id.ec4593b486"} */
[0m19:21:05.905147 [debug] [Thread-2 (]: Opening a new connection, currently in state init
[0m19:21:05.910709 [debug] [Thread-4 (]: Using snowflake connection "test.olist_transform.unique_fct_order_delivery_performance_customer_id.ffa5f76b2b"
[0m19:21:05.915710 [debug] [Thread-5 (]: Using snowflake connection "test.olist_transform.unique_fct_order_delivery_performance_order_id.efa1c93f46"
[0m19:21:05.917704 [debug] [Thread-4 (]: On test.olist_transform.unique_fct_order_delivery_performance_customer_id.ffa5f76b2b: select
      count(*) as failures,
      count(*) != 0 as should_warn,
      count(*) != 0 as should_error
    from (
      
    
  
    
    

select
    customer_id as unique_field,
    count(*) as n_records

from OLIST_PROJECT.PUBLIC.fct_order_delivery_performance
where customer_id is not null
group by customer_id
having count(*) > 1



  
  
      
    ) dbt_internal_test
/* {"app": "dbt", "dbt_version": "1.11.11", "profile_name": "olist_transform", "target_name": "dev", "node_id": "test.olist_transform.unique_fct_order_delivery_performance_customer_id.ffa5f76b2b"} */
[0m19:21:05.922704 [debug] [Thread-3 (]: Using snowflake connection "test.olist_transform.not_null_fct_order_delivery_performance_order_id.6e9874d8f0"
[0m19:21:05.924701 [debug] [Thread-5 (]: On test.olist_transform.unique_fct_order_delivery_performance_order_id.efa1c93f46: select
      count(*) as failures,
      count(*) != 0 as should_warn,
      count(*) != 0 as should_error
    from (
      
    
  
    
    

select
    order_id as unique_field,
    count(*) as n_records

from OLIST_PROJECT.PUBLIC.fct_order_delivery_performance
where order_id is not null
group by order_id
having count(*) > 1



  
  
      
    ) dbt_internal_test
/* {"app": "dbt", "dbt_version": "1.11.11", "profile_name": "olist_transform", "target_name": "dev", "node_id": "test.olist_transform.unique_fct_order_delivery_performance_order_id.efa1c93f46"} */
[0m19:21:05.926706 [debug] [Thread-4 (]: Opening a new connection, currently in state init
[0m19:21:05.929703 [debug] [Thread-3 (]: On test.olist_transform.not_null_fct_order_delivery_performance_order_id.6e9874d8f0: select
      count(*) as failures,
      count(*) != 0 as should_warn,
      count(*) != 0 as should_error
    from (
      
    
  
    
    



select order_id
from OLIST_PROJECT.PUBLIC.fct_order_delivery_performance
where order_id is null



  
  
      
    ) dbt_internal_test
/* {"app": "dbt", "dbt_version": "1.11.11", "profile_name": "olist_transform", "target_name": "dev", "node_id": "test.olist_transform.not_null_fct_order_delivery_performance_order_id.6e9874d8f0"} */
[0m19:21:05.931708 [debug] [Thread-5 (]: Opening a new connection, currently in state init
[0m19:21:05.937705 [debug] [Thread-3 (]: Opening a new connection, currently in state init
[0m19:21:09.051163 [debug] [Thread-2 (]: SQL status: SUCCESS 1 in 3.146 seconds
[0m19:21:09.053313 [debug] [Thread-3 (]: SQL status: SUCCESS 1 in 3.115 seconds
[0m19:21:09.070058 [info ] [Thread-2 (]: 1 of 4 PASS not_null_fct_order_delivery_performance_customer_id ................ [[32mPASS[0m in 3.54s]
[0m19:21:09.074396 [debug] [Thread-2 (]: Finished running node test.olist_transform.not_null_fct_order_delivery_performance_customer_id.ec4593b486
[0m19:21:09.073396 [info ] [Thread-3 (]: 2 of 4 PASS not_null_fct_order_delivery_performance_order_id ................... [[32mPASS[0m in 3.54s]
[0m19:21:09.076781 [debug] [Thread-3 (]: Finished running node test.olist_transform.not_null_fct_order_delivery_performance_order_id.6e9874d8f0
[0m19:21:10.168264 [debug] [Thread-5 (]: SQL status: SUCCESS 1 in 4.237 seconds
[0m19:21:10.231817 [debug] [Thread-4 (]: SQL status: SUCCESS 1 in 4.305 seconds
[0m19:21:10.419896 [info ] [Thread-5 (]: 4 of 4 PASS unique_fct_order_delivery_performance_order_id ..................... [[32mPASS[0m in 4.88s]
[0m19:21:10.497308 [debug] [Thread-5 (]: Finished running node test.olist_transform.unique_fct_order_delivery_performance_order_id.efa1c93f46
[0m19:21:10.518080 [info ] [Thread-4 (]: 3 of 4 PASS unique_fct_order_delivery_performance_customer_id .................. [[32mPASS[0m in 4.98s]
[0m19:21:10.542652 [debug] [Thread-4 (]: Finished running node test.olist_transform.unique_fct_order_delivery_performance_customer_id.ffa5f76b2b
[0m19:21:10.560081 [debug] [MainThread]: Connection 'master' was properly closed.
[0m19:21:10.564178 [debug] [MainThread]: Connection 'list_OLIST_PROJECT_PUBLIC' was left open.
[0m19:21:10.567172 [debug] [MainThread]: On list_OLIST_PROJECT_PUBLIC: Close
[0m19:21:11.042201 [debug] [MainThread]: Connection 'test.olist_transform.not_null_fct_order_delivery_performance_customer_id.ec4593b486' was left open.
[0m19:21:11.043155 [debug] [MainThread]: On test.olist_transform.not_null_fct_order_delivery_performance_customer_id.ec4593b486: Close
[0m19:21:11.580249 [debug] [MainThread]: Connection 'test.olist_transform.not_null_fct_order_delivery_performance_order_id.6e9874d8f0' was left open.
[0m19:21:11.582488 [debug] [MainThread]: On test.olist_transform.not_null_fct_order_delivery_performance_order_id.6e9874d8f0: Close
[0m19:21:12.053370 [debug] [MainThread]: Connection 'test.olist_transform.unique_fct_order_delivery_performance_customer_id.ffa5f76b2b' was left open.
[0m19:21:12.055381 [debug] [MainThread]: On test.olist_transform.unique_fct_order_delivery_performance_customer_id.ffa5f76b2b: Close
[0m19:21:12.528111 [debug] [MainThread]: Connection 'test.olist_transform.unique_fct_order_delivery_performance_order_id.efa1c93f46' was left open.
[0m19:21:12.530532 [debug] [MainThread]: On test.olist_transform.unique_fct_order_delivery_performance_order_id.efa1c93f46: Close
[0m19:21:13.021512 [info ] [MainThread]: 
[0m19:21:13.025415 [info ] [MainThread]: Finished running 4 data tests in 0 hours 0 minutes and 11.32 seconds (11.32s).
[0m19:21:13.037016 [debug] [MainThread]: Command end result
[0m19:21:13.150205 [debug] [MainThread]: Wrote artifact WritableManifest to C:\Users\SURF\snowflake_pilot\target\manifest.json
[0m19:21:13.158204 [debug] [MainThread]: Wrote artifact SemanticManifest to C:\Users\SURF\snowflake_pilot\target\semantic_manifest.json
[0m19:21:13.184377 [debug] [MainThread]: Wrote artifact RunExecutionResult to C:\Users\SURF\snowflake_pilot\target\run_results.json
[0m19:21:13.185420 [info ] [MainThread]: 
[0m19:21:13.188434 [info ] [MainThread]: [32mCompleted successfully[0m
[0m19:21:13.190638 [info ] [MainThread]: 
[0m19:21:13.192636 [info ] [MainThread]: Done. PASS=4 WARN=0 ERROR=0 SKIP=0 NO-OP=0 TOTAL=4
[0m19:21:13.195641 [debug] [MainThread]: Command `dbt test` succeeded at 19:21:13.195641 after 15.65 seconds
[0m19:21:13.197674 [debug] [MainThread]: Sending event: {'category': 'dbt', 'action': 'invocation', 'label': 'end', 'context': [<snowplow_tracker.self_describing_json.SelfDescribingJson object at 0x0000022EDF8175F0>, <snowplow_tracker.self_describing_json.SelfDescribingJson object at 0x0000022EDFDFF860>, <snowplow_tracker.self_describing_json.SelfDescribingJson object at 0x0000022EDFB67F20>]}
[0m19:21:13.199637 [debug] [MainThread]: Flushing usage events
[0m19:21:16.384855 [debug] [MainThread]: An error was encountered while trying to flush usage events
[0m19:22:11.146785 [debug] [MainThread]: Sending event: {'category': 'dbt', 'action': 'invocation', 'label': 'start', 'context': [<snowplow_tracker.self_describing_json.SelfDescribingJson object at 0x000001C4A49D7950>, <snowplow_tracker.self_describing_json.SelfDescribingJson object at 0x000001C4A4369370>, <snowplow_tracker.self_describing_json.SelfDescribingJson object at 0x000001C4A49D5880>]}


============================== 19:22:11.157321 | 13098665-31a4-48f3-86ca-32960527bb49 ==============================
[0m19:22:11.157321 [info ] [MainThread]: Running with dbt=1.11.11
[0m19:22:11.158320 [debug] [MainThread]: running dbt with arguments {'version_check': 'True', 'no_print': 'None', 'static_parser': 'True', 'target_path': 'None', 'warn_error_options': 'WarnErrorOptionsV2(error=[], warn=[], silence=[])', 'printer_width': '80', 'write_json': 'True', 'empty': 'False', 'log_cache_events': 'False', 'introspect': 'True', 'cache_selected_only': 'False', 'fail_fast': 'False', 'debug': 'False', 'log_format': 'default', 'profiles_dir': 'C:\\Users\\SURF\\snowflake_pilot', 'send_anonymous_usage_stats': 'True', 'quiet': 'False', 'warn_error': 'None', 'partial_parse': 'True', 'invocation_command': 'dbt run', 'use_colors': 'True', 'indirect_selection': 'eager', 'use_experimental_parser': 'False', 'log_path': 'C:\\Users\\SURF\\snowflake_pilot\\logs'}
[0m19:22:11.975574 [debug] [MainThread]: Snowflake adapter: Setting snowflake.connector to ERROR (file logging only)
[0m19:22:11.976575 [debug] [MainThread]: Snowflake adapter: Setting botocore to ERROR (file logging only)
[0m19:22:11.977576 [debug] [MainThread]: Snowflake adapter: Setting boto3 to ERROR (file logging only)
[0m19:22:12.545622 [debug] [MainThread]: Sending event: {'category': 'dbt', 'action': 'project_id', 'label': '13098665-31a4-48f3-86ca-32960527bb49', 'context': [<snowplow_tracker.self_describing_json.SelfDescribingJson object at 0x000001C4A6D5C080>]}
[0m19:22:12.768749 [debug] [MainThread]: Sending event: {'category': 'dbt', 'action': 'adapter_info', 'label': '13098665-31a4-48f3-86ca-32960527bb49', 'context': [<snowplow_tracker.self_describing_json.SelfDescribingJson object at 0x000001C4A70B6FF0>]}
[0m19:22:12.771752 [info ] [MainThread]: Registered adapter: snowflake=1.11.5
[0m19:22:13.744345 [debug] [MainThread]: checksum: 30a8cc8fdcbf66701b0944d4ccce3fa46dd04b61e5df68b9f16d57b2e0e3f0be, vars: {}, profile: , target: , version: 1.11.11
[0m19:22:14.068604 [debug] [MainThread]: Partial parsing enabled: 0 files deleted, 0 files added, 0 files changed.
[0m19:22:14.069606 [debug] [MainThread]: Nothing changed, skipping partial parsing.
[0m19:22:14.069606 [debug] [MainThread]: Partial parsing enabled, no changes found, skipping parsing
[0m19:22:14.080613 [warn ] [MainThread]: [[33mWARNING[0m]: Configuration paths exist in your dbt_project.yml file which do not apply to any resources.
There are 1 unused configuration paths:
- models.olist_transform.example
[0m19:22:14.173677 [debug] [MainThread]: Sending event: {'category': 'dbt', 'action': 'load_project', 'label': '13098665-31a4-48f3-86ca-32960527bb49', 'context': [<snowplow_tracker.self_describing_json.SelfDescribingJson object at 0x000001C4A749E180>]}
[0m19:22:14.415382 [debug] [MainThread]: Wrote artifact WritableManifest to C:\Users\SURF\snowflake_pilot\target\manifest.json
[0m19:22:14.424756 [debug] [MainThread]: Wrote artifact SemanticManifest to C:\Users\SURF\snowflake_pilot\target\semantic_manifest.json
[0m19:22:14.465373 [debug] [MainThread]: Sending event: {'category': 'dbt', 'action': 'resource_counts', 'label': '13098665-31a4-48f3-86ca-32960527bb49', 'context': [<snowplow_tracker.self_describing_json.SelfDescribingJson object at 0x000001C4A759D490>]}
[0m19:22:14.467321 [info ] [MainThread]: Found 6 models, 4 data tests, 3 sources, 536 macros
[0m19:22:14.469660 [debug] [MainThread]: Sending event: {'category': 'dbt', 'action': 'runnable_timing', 'label': '13098665-31a4-48f3-86ca-32960527bb49', 'context': [<snowplow_tracker.self_describing_json.SelfDescribingJson object at 0x000001C4A77589E0>]}
[0m19:22:14.477720 [info ] [MainThread]: 
[0m19:22:14.479718 [info ] [MainThread]: Concurrency: 4 threads (target='dev')
[0m19:22:14.481663 [info ] [MainThread]: 
[0m19:22:14.485676 [debug] [MainThread]: Acquiring new snowflake connection 'master'
[0m19:22:14.505716 [debug] [ThreadPool]: Acquiring new snowflake connection 'list_OLIST_PROJECT'
[0m19:22:14.725225 [debug] [ThreadPool]: Using snowflake connection "list_OLIST_PROJECT"
[0m19:22:14.725736 [debug] [ThreadPool]: On list_OLIST_PROJECT: show terse schemas in database OLIST_PROJECT
    limit 10000
/* {"app": "dbt", "dbt_version": "1.11.11", "profile_name": "olist_transform", "target_name": "dev", "connection_name": "list_OLIST_PROJECT"} */
[0m19:22:14.726750 [debug] [ThreadPool]: Opening a new connection, currently in state init
[0m19:22:16.785844 [debug] [ThreadPool]: SQL status: SUCCESS 4 in 2.059 seconds
[0m19:22:16.798840 [debug] [ThreadPool]: Acquiring new snowflake connection 'list_OLIST_PROJECT_PUBLIC'
[0m19:22:16.854947 [debug] [ThreadPool]: Using snowflake connection "list_OLIST_PROJECT_PUBLIC"
[0m19:22:16.856887 [debug] [ThreadPool]: On list_OLIST_PROJECT_PUBLIC: show objects in OLIST_PROJECT.PUBLIC
    limit 10000
    

/* {"app": "dbt", "dbt_version": "1.11.11", "profile_name": "olist_transform", "target_name": "dev", "connection_name": "list_OLIST_PROJECT_PUBLIC"} */;
[0m19:22:16.858886 [debug] [ThreadPool]: Opening a new connection, currently in state init
[0m19:22:18.395788 [debug] [ThreadPool]: SQL status: SUCCESS 9 in 1.536 seconds
[0m19:22:18.421746 [debug] [MainThread]: Sending event: {'category': 'dbt', 'action': 'runnable_timing', 'label': '13098665-31a4-48f3-86ca-32960527bb49', 'context': [<snowplow_tracker.self_describing_json.SelfDescribingJson object at 0x000001C4A70B5A60>]}
[0m19:22:18.442638 [debug] [Thread-2 (]: Began running node model.olist_transform.stg_customers
[0m19:22:18.444631 [debug] [Thread-3 (]: Began running node model.olist_transform.stg_order_items
[0m19:22:18.446674 [debug] [Thread-4 (]: Began running node model.olist_transform.stg_orders
[0m19:22:18.449686 [info ] [Thread-2 (]: 1 of 6 START sql view model PUBLIC.stg_customers ............................... [RUN]
[0m19:22:18.453671 [info ] [Thread-3 (]: 2 of 6 START sql view model PUBLIC.stg_order_items ............................. [RUN]
[0m19:22:18.459682 [debug] [Thread-2 (]: Acquiring new snowflake connection 'model.olist_transform.stg_customers'
[0m19:22:18.456634 [info ] [Thread-4 (]: 3 of 6 START sql view model PUBLIC.stg_orders .................................. [RUN]
[0m19:22:18.463788 [debug] [Thread-3 (]: Acquiring new snowflake connection 'model.olist_transform.stg_order_items'
[0m19:22:18.466790 [debug] [Thread-2 (]: Began compiling node model.olist_transform.stg_customers
[0m19:22:18.469986 [debug] [Thread-4 (]: Acquiring new snowflake connection 'model.olist_transform.stg_orders'
[0m19:22:18.472986 [debug] [Thread-3 (]: Began compiling node model.olist_transform.stg_order_items
[0m19:22:18.497529 [debug] [Thread-4 (]: Began compiling node model.olist_transform.stg_orders
[0m19:22:18.550282 [debug] [Thread-3 (]: Writing injected SQL for node "model.olist_transform.stg_order_items"
[0m19:22:18.553540 [debug] [Thread-2 (]: Writing injected SQL for node "model.olist_transform.stg_customers"
[0m19:22:18.570877 [debug] [Thread-4 (]: Writing injected SQL for node "model.olist_transform.stg_orders"
[0m19:22:18.580257 [debug] [Thread-3 (]: Began executing node model.olist_transform.stg_order_items
[0m19:22:18.606948 [debug] [Thread-2 (]: Began executing node model.olist_transform.stg_customers
[0m19:22:18.701318 [debug] [Thread-4 (]: Began executing node model.olist_transform.stg_orders
[0m19:22:18.775762 [debug] [Thread-2 (]: Writing runtime sql for node "model.olist_transform.stg_customers"
[0m19:22:18.790285 [debug] [Thread-4 (]: Writing runtime sql for node "model.olist_transform.stg_orders"
[0m19:22:18.798861 [debug] [Thread-3 (]: Writing runtime sql for node "model.olist_transform.stg_order_items"
[0m19:22:18.804827 [debug] [Thread-2 (]: Using snowflake connection "model.olist_transform.stg_customers"
[0m19:22:18.805826 [debug] [Thread-2 (]: On model.olist_transform.stg_customers: create or replace   view OLIST_PROJECT.PUBLIC.stg_customers
  
  
  
  
  as (
    select 
    customer_id,
    customer_city,
    customer_state
from OLIST_PROJECT.PUBLIC.RAW_CUSTOMERS
  )
/* {"app": "dbt", "dbt_version": "1.11.11", "profile_name": "olist_transform", "target_name": "dev", "node_id": "model.olist_transform.stg_customers"} */;
[0m19:22:18.806827 [debug] [Thread-2 (]: Opening a new connection, currently in state init
[0m19:22:18.810862 [debug] [Thread-4 (]: Using snowflake connection "model.olist_transform.stg_orders"
[0m19:22:18.812824 [debug] [Thread-3 (]: Using snowflake connection "model.olist_transform.stg_order_items"
[0m19:22:18.813855 [debug] [Thread-4 (]: On model.olist_transform.stg_orders: create or replace   view OLIST_PROJECT.PUBLIC.stg_orders
  
  
  
  
  as (
    select 
    order_id,
    customer_id,
    order_status,
    to_timestamp_ntz(order_purchase_timestamp/1000000000) as purchase_date,
    to_timestamp_ntz(order_approved_at/1000000000) as approval_date,
    to_timestamp_ntz(order_delivered_carrier_date/1000000000) as carrier_delivered_date,
    to_timestamp_ntz(order_estimated_delivery_date/1000000000) as estimated_delivery_date,
    to_timestamp_ntz(order_delivered_customer_date/1000000000) as customer_delivered_date,
from OLIST_PROJECT.PUBLIC.RAW_ORDERS
  )
/* {"app": "dbt", "dbt_version": "1.11.11", "profile_name": "olist_transform", "target_name": "dev", "node_id": "model.olist_transform.stg_orders"} */;
[0m19:22:18.816821 [debug] [Thread-3 (]: On model.olist_transform.stg_order_items: create or replace   view OLIST_PROJECT.PUBLIC.stg_order_items
  
  
  
  
  as (
    select * from OLIST_PROJECT.PUBLIC.RAW_ORDER_ITEMS
  )
/* {"app": "dbt", "dbt_version": "1.11.11", "profile_name": "olist_transform", "target_name": "dev", "node_id": "model.olist_transform.stg_order_items"} */;
[0m19:22:18.817868 [debug] [Thread-4 (]: Opening a new connection, currently in state init
[0m19:22:18.821815 [debug] [Thread-3 (]: Opening a new connection, currently in state init
[0m19:22:20.346434 [debug] [Thread-2 (]: SQL status: SUCCESS 1 in 1.539 seconds
[0m19:22:20.368820 [debug] [Thread-3 (]: SQL status: SUCCESS 1 in 1.547 seconds
[0m19:22:20.461543 [debug] [Thread-4 (]: SQL status: SUCCESS 1 in 1.643 seconds
[0m19:22:20.570295 [debug] [Thread-3 (]: Sending event: {'category': 'dbt', 'action': 'run_model', 'label': '13098665-31a4-48f3-86ca-32960527bb49', 'context': [<snowplow_tracker.self_describing_json.SelfDescribingJson object at 0x000001C4A8FF8230>]}
[0m19:22:20.572334 [debug] [Thread-4 (]: Sending event: {'category': 'dbt', 'action': 'run_model', 'label': '13098665-31a4-48f3-86ca-32960527bb49', 'context': [<snowplow_tracker.self_describing_json.SelfDescribingJson object at 0x000001C4A71D7260>]}
[0m19:22:20.576326 [debug] [Thread-2 (]: Sending event: {'category': 'dbt', 'action': 'run_model', 'label': '13098665-31a4-48f3-86ca-32960527bb49', 'context': [<snowplow_tracker.self_describing_json.SelfDescribingJson object at 0x000001C4A62AB560>]}
[0m19:22:20.575344 [info ] [Thread-3 (]: 2 of 6 OK created sql view model PUBLIC.stg_order_items ........................ [[32mSUCCESS 1[0m in 2.08s]
[0m19:22:20.580288 [info ] [Thread-4 (]: 3 of 6 OK created sql view model PUBLIC.stg_orders ............................. [[32mSUCCESS 1[0m in 2.08s]
[0m19:22:20.586372 [debug] [Thread-3 (]: Finished running node model.olist_transform.stg_order_items
[0m19:22:20.582337 [info ] [Thread-2 (]: 1 of 6 OK created sql view model PUBLIC.stg_customers .......................... [[32mSUCCESS 1[0m in 2.08s]
[0m19:22:20.590378 [debug] [Thread-4 (]: Finished running node model.olist_transform.stg_orders
[0m19:22:20.595391 [debug] [Thread-2 (]: Finished running node model.olist_transform.stg_customers
[0m19:22:20.598019 [debug] [Thread-2 (]: Began running node model.olist_transform.fct_avg_revenue_per_order
[0m19:22:20.599975 [debug] [Thread-5 (]: Began running node model.olist_transform.fct_leakage_rate
[0m19:22:20.605963 [debug] [Thread-3 (]: Began running node model.olist_transform.fct_order_delivery_performance
[0m19:22:20.602981 [info ] [Thread-2 (]: 4 of 6 START sql view model PUBLIC.fct_avg_revenue_per_order ................... [RUN]
[0m19:22:20.615444 [debug] [Thread-2 (]: Re-using an available connection from the pool (formerly model.olist_transform.stg_customers, now model.olist_transform.fct_avg_revenue_per_order)
[0m19:22:20.610016 [info ] [Thread-5 (]: 5 of 6 START sql view model PUBLIC.fct_leakage_rate ............................ [RUN]
[0m19:22:20.618563 [debug] [Thread-2 (]: Began compiling node model.olist_transform.fct_avg_revenue_per_order
[0m19:22:20.614380 [info ] [Thread-3 (]: 6 of 6 START sql view model PUBLIC.fct_order_delivery_performance .............. [RUN]
[0m19:22:20.622898 [debug] [Thread-5 (]: Acquiring new snowflake connection 'model.olist_transform.fct_leakage_rate'
[0m19:22:20.640059 [debug] [Thread-2 (]: Writing injected SQL for node "model.olist_transform.fct_avg_revenue_per_order"
[0m19:22:20.642069 [debug] [Thread-3 (]: Re-using an available connection from the pool (formerly model.olist_transform.stg_order_items, now model.olist_transform.fct_order_delivery_performance)
[0m19:22:20.646076 [debug] [Thread-5 (]: Began compiling node model.olist_transform.fct_leakage_rate
[0m19:22:20.650054 [debug] [Thread-3 (]: Began compiling node model.olist_transform.fct_order_delivery_performance
[0m19:22:20.665671 [debug] [Thread-5 (]: Writing injected SQL for node "model.olist_transform.fct_leakage_rate"
[0m19:22:20.683128 [debug] [Thread-3 (]: Writing injected SQL for node "model.olist_transform.fct_order_delivery_performance"
[0m19:22:20.686483 [debug] [Thread-2 (]: Began executing node model.olist_transform.fct_avg_revenue_per_order
[0m19:22:20.702368 [debug] [Thread-2 (]: Writing runtime sql for node "model.olist_transform.fct_avg_revenue_per_order"
[0m19:22:20.706324 [debug] [Thread-5 (]: Began executing node model.olist_transform.fct_leakage_rate
[0m19:22:20.720369 [debug] [Thread-5 (]: Writing runtime sql for node "model.olist_transform.fct_leakage_rate"
[0m19:22:20.722373 [debug] [Thread-3 (]: Began executing node model.olist_transform.fct_order_delivery_performance
[0m19:22:20.737337 [debug] [Thread-3 (]: Writing runtime sql for node "model.olist_transform.fct_order_delivery_performance"
[0m19:22:20.744319 [debug] [Thread-2 (]: Using snowflake connection "model.olist_transform.fct_avg_revenue_per_order"
[0m19:22:20.748370 [debug] [Thread-5 (]: Using snowflake connection "model.olist_transform.fct_leakage_rate"
[0m19:22:20.749372 [debug] [Thread-2 (]: On model.olist_transform.fct_avg_revenue_per_order: create or replace   view OLIST_PROJECT.PUBLIC.fct_avg_revenue_per_order
  
  
  
  
  as (
    select 
    o.order_id,
    sum(oi.order_item) as no_of_items
from OLIST_PROJECT.PUBLIC.stg_orders o
join OLIST_PROJECT.PUBLIC.stg_order_items oi on o.order_id = oi.order_id
group by o.order_id
  )
/* {"app": "dbt", "dbt_version": "1.11.11", "profile_name": "olist_transform", "target_name": "dev", "node_id": "model.olist_transform.fct_avg_revenue_per_order"} */;
[0m19:22:20.751392 [debug] [Thread-5 (]: On model.olist_transform.fct_leakage_rate: create or replace   view OLIST_PROJECT.PUBLIC.fct_leakage_rate
  
  
  
  
  as (
    select * from OLIST_PROJECT.PUBLIC.stg_orders
where approval_date is not null
and order_status == canceled
or order_status == unavailable
  )
/* {"app": "dbt", "dbt_version": "1.11.11", "profile_name": "olist_transform", "target_name": "dev", "node_id": "model.olist_transform.fct_leakage_rate"} */;
[0m19:22:20.754363 [debug] [Thread-5 (]: Opening a new connection, currently in state init
[0m19:22:20.760308 [debug] [Thread-3 (]: Using snowflake connection "model.olist_transform.fct_order_delivery_performance"
[0m19:22:20.764379 [debug] [Thread-3 (]: On model.olist_transform.fct_order_delivery_performance: create or replace   view OLIST_PROJECT.PUBLIC.fct_order_delivery_performance
  
  
  
  
  as (
    select 
    *,
    datediff('day', purchase_date, estimated_delivery_date) as estimated_delivery_time,
    datediff('day', purchase_date, customer_delivered_date) as actual_delivery_time,
    estimated_delivery_time - actual_delivery_time as estimated_vs_actual,
    case
        when estimated_vs_actual > 0 then 'early'
        when estimated_vs_actual < 0 then 'late'
    end as punctuality_performance,
    datediff('day', carrier_delivered_date, customer_delivered_date) as days_in_carrier_transit
from OLIST_PROJECT.PUBLIC.stg_orders
  )
/* {"app": "dbt", "dbt_version": "1.11.11", "profile_name": "olist_transform", "target_name": "dev", "node_id": "model.olist_transform.fct_order_delivery_performance"} */;
[0m19:22:21.098835 [debug] [Thread-2 (]: Snowflake adapter: Snowflake query id: 01c5122e-0002-5252-0001-a3c600170106
[0m19:22:21.101835 [debug] [Thread-2 (]: Snowflake adapter: Snowflake error: 000904 (42000): SQL compilation error: error line 9 at position 8
invalid identifier 'OI.ORDER_ITEM'
[0m19:22:21.121254 [debug] [Thread-2 (]: Database Error in model fct_avg_revenue_per_order (models\marts\fct_avg_revenue_per_order.sql)
  000904 (42000): SQL compilation error: error line 9 at position 8
  invalid identifier 'OI.ORDER_ITEM'
  compiled code at target\run\olist_transform\models\marts\fct_avg_revenue_per_order.sql
[0m19:22:21.124265 [debug] [Thread-2 (]: Sending event: {'category': 'dbt', 'action': 'run_model', 'label': '13098665-31a4-48f3-86ca-32960527bb49', 'context': [<snowplow_tracker.self_describing_json.SelfDescribingJson object at 0x000001C4A7C06960>]}
[0m19:22:21.127271 [error] [Thread-2 (]: 4 of 6 ERROR creating sql view model PUBLIC.fct_avg_revenue_per_order .......... [[31mERROR[0m in 0.51s]
[0m19:22:21.131289 [debug] [Thread-2 (]: Finished running node model.olist_transform.fct_avg_revenue_per_order
[0m19:22:21.135547 [debug] [Thread-8 (]: Marking all children of 'model.olist_transform.fct_avg_revenue_per_order' to be skipped because of status 'error'.  Reason: Database Error in model fct_avg_revenue_per_order (models\marts\fct_avg_revenue_per_order.sql)
  000904 (42000): SQL compilation error: error line 9 at position 8
  invalid identifier 'OI.ORDER_ITEM'
  compiled code at target\run\olist_transform\models\marts\fct_avg_revenue_per_order.sql.
[0m19:22:21.225674 [debug] [Thread-3 (]: SQL status: SUCCESS 1 in 0.458 seconds
[0m19:22:21.251891 [debug] [Thread-3 (]: Sending event: {'category': 'dbt', 'action': 'run_model', 'label': '13098665-31a4-48f3-86ca-32960527bb49', 'context': [<snowplow_tracker.self_describing_json.SelfDescribingJson object at 0x000001C4A7B94B00>]}
[0m19:22:21.258892 [info ] [Thread-3 (]: 6 of 6 OK created sql view model PUBLIC.fct_order_delivery_performance ......... [[32mSUCCESS 1[0m in 0.61s]
[0m19:22:21.264897 [debug] [Thread-3 (]: Finished running node model.olist_transform.fct_order_delivery_performance
[0m19:22:22.420345 [debug] [Thread-5 (]: Snowflake adapter: Snowflake query id: 01c5122f-0002-5265-0001-a3c600176016
[0m19:22:22.423282 [debug] [Thread-5 (]: Snowflake adapter: Snowflake error: 000904 (42000): SQL compilation error: error line 9 at position 20
invalid identifier 'CANCELED'
[0m19:22:22.438334 [debug] [Thread-5 (]: Database Error in model fct_leakage_rate (models\marts\fct_leakage_rate.sql)
  000904 (42000): SQL compilation error: error line 9 at position 20
  invalid identifier 'CANCELED'
  compiled code at target\run\olist_transform\models\marts\fct_leakage_rate.sql
[0m19:22:22.441283 [debug] [Thread-5 (]: Sending event: {'category': 'dbt', 'action': 'run_model', 'label': '13098665-31a4-48f3-86ca-32960527bb49', 'context': [<snowplow_tracker.self_describing_json.SelfDescribingJson object at 0x000001C4A749E1B0>]}
[0m19:22:22.444889 [error] [Thread-5 (]: 5 of 6 ERROR creating sql view model PUBLIC.fct_leakage_rate ................... [[31mERROR[0m in 1.82s]
[0m19:22:22.448886 [debug] [Thread-5 (]: Finished running node model.olist_transform.fct_leakage_rate
[0m19:22:22.451892 [debug] [Thread-8 (]: Marking all children of 'model.olist_transform.fct_leakage_rate' to be skipped because of status 'error'.  Reason: Database Error in model fct_leakage_rate (models\marts\fct_leakage_rate.sql)
  000904 (42000): SQL compilation error: error line 9 at position 20
  invalid identifier 'CANCELED'
  compiled code at target\run\olist_transform\models\marts\fct_leakage_rate.sql.
[0m19:22:22.459419 [debug] [MainThread]: Connection 'master' was properly closed.
[0m19:22:22.462754 [debug] [MainThread]: Connection 'list_OLIST_PROJECT' was left open.
[0m19:22:22.463813 [debug] [MainThread]: On list_OLIST_PROJECT: Close
[0m19:22:22.849067 [debug] [MainThread]: Connection 'list_OLIST_PROJECT_PUBLIC' was left open.
[0m19:22:22.850996 [debug] [MainThread]: On list_OLIST_PROJECT_PUBLIC: Close
[0m19:22:23.257078 [debug] [MainThread]: Connection 'model.olist_transform.fct_avg_revenue_per_order' was left open.
[0m19:22:23.259077 [debug] [MainThread]: On model.olist_transform.fct_avg_revenue_per_order: Close
[0m19:22:23.667634 [debug] [MainThread]: Connection 'model.olist_transform.fct_order_delivery_performance' was left open.
[0m19:22:23.669634 [debug] [MainThread]: On model.olist_transform.fct_order_delivery_performance: Close
[0m19:22:24.073036 [debug] [MainThread]: Connection 'model.olist_transform.stg_orders' was left open.
[0m19:22:24.074035 [debug] [MainThread]: On model.olist_transform.stg_orders: Close
[0m19:22:24.478073 [debug] [MainThread]: Connection 'model.olist_transform.fct_leakage_rate' was left open.
[0m19:22:24.480064 [debug] [MainThread]: On model.olist_transform.fct_leakage_rate: Close
[0m19:22:24.897020 [info ] [MainThread]: 
[0m19:22:24.899961 [info ] [MainThread]: Finished running 6 view models in 0 hours 0 minutes and 10.41 seconds (10.41s).
[0m19:22:24.908140 [debug] [MainThread]: Command end result
[0m19:22:25.079576 [debug] [MainThread]: Wrote artifact WritableManifest to C:\Users\SURF\snowflake_pilot\target\manifest.json
[0m19:22:25.084572 [debug] [MainThread]: Wrote artifact SemanticManifest to C:\Users\SURF\snowflake_pilot\target\semantic_manifest.json
[0m19:22:25.100565 [debug] [MainThread]: Wrote artifact RunExecutionResult to C:\Users\SURF\snowflake_pilot\target\run_results.json
[0m19:22:25.101519 [info ] [MainThread]: 
[0m19:22:25.103060 [info ] [MainThread]: [31mCompleted with 2 errors, 0 partial successes, and 0 warnings:[0m
[0m19:22:25.105220 [info ] [MainThread]: 
[0m19:22:25.106220 [error] [MainThread]: [31mFailure in model fct_avg_revenue_per_order (models\marts\fct_avg_revenue_per_order.sql)[0m
[0m19:22:25.107222 [error] [MainThread]:   Database Error in model fct_avg_revenue_per_order (models\marts\fct_avg_revenue_per_order.sql)
  000904 (42000): SQL compilation error: error line 9 at position 8
  invalid identifier 'OI.ORDER_ITEM'
  compiled code at target\run\olist_transform\models\marts\fct_avg_revenue_per_order.sql
[0m19:22:25.108217 [info ] [MainThread]: 
[0m19:22:25.110520 [info ] [MainThread]:   compiled code at target\compiled\olist_transform\models\marts\fct_avg_revenue_per_order.sql
[0m19:22:25.111524 [info ] [MainThread]: 
[0m19:22:25.113860 [error] [MainThread]: [31mFailure in model fct_leakage_rate (models\marts\fct_leakage_rate.sql)[0m
[0m19:22:25.114875 [error] [MainThread]:   Database Error in model fct_leakage_rate (models\marts\fct_leakage_rate.sql)
  000904 (42000): SQL compilation error: error line 9 at position 20
  invalid identifier 'CANCELED'
  compiled code at target\run\olist_transform\models\marts\fct_leakage_rate.sql
[0m19:22:25.115868 [info ] [MainThread]: 
[0m19:22:25.117863 [info ] [MainThread]:   compiled code at target\compiled\olist_transform\models\marts\fct_leakage_rate.sql
[0m19:22:25.119876 [info ] [MainThread]: 
[0m19:22:25.121179 [info ] [MainThread]: Done. PASS=4 WARN=0 ERROR=2 SKIP=0 NO-OP=0 TOTAL=6
[0m19:22:25.124177 [debug] [MainThread]: Command `dbt run` failed at 19:22:25.123190 after 14.29 seconds
[0m19:22:25.125703 [debug] [MainThread]: Sending event: {'category': 'dbt', 'action': 'invocation', 'label': 'end', 'context': [<snowplow_tracker.self_describing_json.SelfDescribingJson object at 0x000001C4A7020230>, <snowplow_tracker.self_describing_json.SelfDescribingJson object at 0x000001C4A42DB950>, <snowplow_tracker.self_describing_json.SelfDescribingJson object at 0x000001C4A62AB560>]}
[0m19:22:25.127709 [debug] [MainThread]: Flushing usage events
[0m19:22:28.474503 [debug] [MainThread]: An error was encountered while trying to flush usage events
[0m19:24:43.228658 [debug] [MainThread]: Sending event: {'category': 'dbt', 'action': 'invocation', 'label': 'start', 'context': [<snowplow_tracker.self_describing_json.SelfDescribingJson object at 0x0000015DFAA3BE00>, <snowplow_tracker.self_describing_json.SelfDescribingJson object at 0x0000015DF95AD3D0>, <snowplow_tracker.self_describing_json.SelfDescribingJson object at 0x0000015DF9081BB0>]}


============================== 19:24:43.238651 | 6b8cbf03-61a6-45c5-896a-7358a8459607 ==============================
[0m19:24:43.238651 [info ] [MainThread]: Running with dbt=1.11.11
[0m19:24:43.240668 [debug] [MainThread]: running dbt with arguments {'version_check': 'True', 'no_print': 'None', 'static_parser': 'True', 'warn_error_options': 'WarnErrorOptionsV2(error=[], warn=[], silence=[])', 'target_path': 'None', 'printer_width': '80', 'write_json': 'True', 'empty': 'False', 'log_cache_events': 'False', 'introspect': 'True', 'cache_selected_only': 'False', 'fail_fast': 'False', 'debug': 'False', 'log_format': 'default', 'partial_parse': 'True', 'send_anonymous_usage_stats': 'True', 'quiet': 'False', 'warn_error': 'None', 'profiles_dir': 'C:\\Users\\SURF\\snowflake_pilot', 'indirect_selection': 'eager', 'use_colors': 'True', 'invocation_command': 'dbt run', 'use_experimental_parser': 'False', 'log_path': 'C:\\Users\\SURF\\snowflake_pilot\\logs'}
[0m19:24:43.989518 [debug] [MainThread]: Snowflake adapter: Setting snowflake.connector to ERROR (file logging only)
[0m19:24:43.991518 [debug] [MainThread]: Snowflake adapter: Setting botocore to ERROR (file logging only)
[0m19:24:43.992519 [debug] [MainThread]: Snowflake adapter: Setting boto3 to ERROR (file logging only)
[0m19:24:44.468156 [debug] [MainThread]: Sending event: {'category': 'dbt', 'action': 'project_id', 'label': '6b8cbf03-61a6-45c5-896a-7358a8459607', 'context': [<snowplow_tracker.self_describing_json.SelfDescribingJson object at 0x0000015DFB7B4080>]}
[0m19:24:44.691237 [debug] [MainThread]: Sending event: {'category': 'dbt', 'action': 'adapter_info', 'label': '6b8cbf03-61a6-45c5-896a-7358a8459607', 'context': [<snowplow_tracker.self_describing_json.SelfDescribingJson object at 0x0000015DFAB7C4A0>]}
[0m19:24:44.693237 [info ] [MainThread]: Registered adapter: snowflake=1.11.5
[0m19:24:45.404483 [debug] [MainThread]: checksum: 30a8cc8fdcbf66701b0944d4ccce3fa46dd04b61e5df68b9f16d57b2e0e3f0be, vars: {}, profile: , target: , version: 1.11.11
[0m19:24:45.673451 [debug] [MainThread]: Partial parsing enabled: 0 files deleted, 0 files added, 0 files changed.
[0m19:24:45.674447 [debug] [MainThread]: Nothing changed, skipping partial parsing.
[0m19:24:45.674447 [debug] [MainThread]: Partial parsing enabled, no changes found, skipping parsing
[0m19:24:45.685450 [warn ] [MainThread]: [[33mWARNING[0m]: Configuration paths exist in your dbt_project.yml file which do not apply to any resources.
There are 1 unused configuration paths:
- models.olist_transform.example
[0m19:24:45.783231 [debug] [MainThread]: Sending event: {'category': 'dbt', 'action': 'load_project', 'label': '6b8cbf03-61a6-45c5-896a-7358a8459607', 'context': [<snowplow_tracker.self_describing_json.SelfDescribingJson object at 0x0000015DFBD39F70>]}
[0m19:24:45.930343 [debug] [MainThread]: Wrote artifact WritableManifest to C:\Users\SURF\snowflake_pilot\target\manifest.json
[0m19:24:45.935345 [debug] [MainThread]: Wrote artifact SemanticManifest to C:\Users\SURF\snowflake_pilot\target\semantic_manifest.json
[0m19:24:45.951517 [debug] [MainThread]: Sending event: {'category': 'dbt', 'action': 'resource_counts', 'label': '6b8cbf03-61a6-45c5-896a-7358a8459607', 'context': [<snowplow_tracker.self_describing_json.SelfDescribingJson object at 0x0000015DFBE3D670>]}
[0m19:24:45.952512 [info ] [MainThread]: Found 6 models, 4 data tests, 3 sources, 536 macros
[0m19:24:45.953515 [debug] [MainThread]: Sending event: {'category': 'dbt', 'action': 'runnable_timing', 'label': '6b8cbf03-61a6-45c5-896a-7358a8459607', 'context': [<snowplow_tracker.self_describing_json.SelfDescribingJson object at 0x0000015DFB4F55B0>]}
[0m19:24:45.956548 [info ] [MainThread]: 
[0m19:24:45.957547 [info ] [MainThread]: Concurrency: 4 threads (target='dev')
[0m19:24:45.958515 [info ] [MainThread]: 
[0m19:24:45.959512 [debug] [MainThread]: Acquiring new snowflake connection 'master'
[0m19:24:45.967968 [debug] [ThreadPool]: Acquiring new snowflake connection 'list_OLIST_PROJECT'
[0m19:24:46.095231 [debug] [ThreadPool]: Using snowflake connection "list_OLIST_PROJECT"
[0m19:24:46.095231 [debug] [ThreadPool]: On list_OLIST_PROJECT: show terse schemas in database OLIST_PROJECT
    limit 10000
/* {"app": "dbt", "dbt_version": "1.11.11", "profile_name": "olist_transform", "target_name": "dev", "connection_name": "list_OLIST_PROJECT"} */
[0m19:24:46.096231 [debug] [ThreadPool]: Opening a new connection, currently in state init
[0m19:24:48.149343 [debug] [ThreadPool]: SQL status: SUCCESS 4 in 2.053 seconds
[0m19:24:48.159341 [debug] [ThreadPool]: Acquiring new snowflake connection 'list_OLIST_PROJECT_PUBLIC'
[0m19:24:48.199857 [debug] [ThreadPool]: Using snowflake connection "list_OLIST_PROJECT_PUBLIC"
[0m19:24:48.200856 [debug] [ThreadPool]: On list_OLIST_PROJECT_PUBLIC: show objects in OLIST_PROJECT.PUBLIC
    limit 10000
    

/* {"app": "dbt", "dbt_version": "1.11.11", "profile_name": "olist_transform", "target_name": "dev", "connection_name": "list_OLIST_PROJECT_PUBLIC"} */;
[0m19:24:48.201901 [debug] [ThreadPool]: Opening a new connection, currently in state init
[0m19:24:49.581699 [debug] [ThreadPool]: SQL status: SUCCESS 10 in 1.380 seconds
[0m19:24:49.599294 [debug] [MainThread]: Sending event: {'category': 'dbt', 'action': 'runnable_timing', 'label': '6b8cbf03-61a6-45c5-896a-7358a8459607', 'context': [<snowplow_tracker.self_describing_json.SelfDescribingJson object at 0x0000015DFBFFE8A0>]}
[0m19:24:49.613351 [debug] [Thread-2 (]: Began running node model.olist_transform.stg_customers
[0m19:24:49.615348 [debug] [Thread-3 (]: Began running node model.olist_transform.stg_order_items
[0m19:24:49.619359 [debug] [Thread-4 (]: Began running node model.olist_transform.stg_orders
[0m19:24:49.618342 [info ] [Thread-2 (]: 1 of 6 START sql view model PUBLIC.stg_customers ............................... [RUN]
[0m19:24:49.622462 [info ] [Thread-3 (]: 2 of 6 START sql view model PUBLIC.stg_order_items ............................. [RUN]
[0m19:24:49.628454 [debug] [Thread-2 (]: Acquiring new snowflake connection 'model.olist_transform.stg_customers'
[0m19:24:49.625537 [info ] [Thread-4 (]: 3 of 6 START sql view model PUBLIC.stg_orders .................................. [RUN]
[0m19:24:49.632449 [debug] [Thread-3 (]: Acquiring new snowflake connection 'model.olist_transform.stg_order_items'
[0m19:24:49.634450 [debug] [Thread-2 (]: Began compiling node model.olist_transform.stg_customers
[0m19:24:49.636467 [debug] [Thread-4 (]: Acquiring new snowflake connection 'model.olist_transform.stg_orders'
[0m19:24:49.638465 [debug] [Thread-3 (]: Began compiling node model.olist_transform.stg_order_items
[0m19:24:49.680455 [debug] [Thread-2 (]: Writing injected SQL for node "model.olist_transform.stg_customers"
[0m19:24:49.682567 [debug] [Thread-4 (]: Began compiling node model.olist_transform.stg_orders
[0m19:24:49.696685 [debug] [Thread-3 (]: Writing injected SQL for node "model.olist_transform.stg_order_items"
[0m19:24:49.709860 [debug] [Thread-4 (]: Writing injected SQL for node "model.olist_transform.stg_orders"
[0m19:24:49.713800 [debug] [Thread-2 (]: Began executing node model.olist_transform.stg_customers
[0m19:24:49.766274 [debug] [Thread-3 (]: Began executing node model.olist_transform.stg_order_items
[0m19:24:49.869595 [debug] [Thread-3 (]: Writing runtime sql for node "model.olist_transform.stg_order_items"
[0m19:24:49.873718 [debug] [Thread-2 (]: Writing runtime sql for node "model.olist_transform.stg_customers"
[0m19:24:49.875677 [debug] [Thread-4 (]: Began executing node model.olist_transform.stg_orders
[0m19:24:49.881728 [debug] [Thread-4 (]: Writing runtime sql for node "model.olist_transform.stg_orders"
[0m19:24:49.883743 [debug] [Thread-3 (]: Using snowflake connection "model.olist_transform.stg_order_items"
[0m19:24:49.885748 [debug] [Thread-2 (]: Using snowflake connection "model.olist_transform.stg_customers"
[0m19:24:49.886773 [debug] [Thread-3 (]: On model.olist_transform.stg_order_items: create or replace   view OLIST_PROJECT.PUBLIC.stg_order_items
  
  
  
  
  as (
    select * from OLIST_PROJECT.PUBLIC.RAW_ORDER_ITEMS
  )
/* {"app": "dbt", "dbt_version": "1.11.11", "profile_name": "olist_transform", "target_name": "dev", "node_id": "model.olist_transform.stg_order_items"} */;
[0m19:24:49.888773 [debug] [Thread-4 (]: Using snowflake connection "model.olist_transform.stg_orders"
[0m19:24:49.889774 [debug] [Thread-2 (]: On model.olist_transform.stg_customers: create or replace   view OLIST_PROJECT.PUBLIC.stg_customers
  
  
  
  
  as (
    select 
    customer_id,
    customer_city,
    customer_state
from OLIST_PROJECT.PUBLIC.RAW_CUSTOMERS
  )
/* {"app": "dbt", "dbt_version": "1.11.11", "profile_name": "olist_transform", "target_name": "dev", "node_id": "model.olist_transform.stg_customers"} */;
[0m19:24:49.891781 [debug] [Thread-3 (]: Opening a new connection, currently in state init
[0m19:24:49.892788 [debug] [Thread-4 (]: On model.olist_transform.stg_orders: create or replace   view OLIST_PROJECT.PUBLIC.stg_orders
  
  
  
  
  as (
    select 
    order_id,
    customer_id,
    order_status,
    to_timestamp_ntz(order_purchase_timestamp/1000000000) as purchase_date,
    to_timestamp_ntz(order_approved_at/1000000000) as approval_date,
    to_timestamp_ntz(order_delivered_carrier_date/1000000000) as carrier_delivered_date,
    to_timestamp_ntz(order_estimated_delivery_date/1000000000) as estimated_delivery_date,
    to_timestamp_ntz(order_delivered_customer_date/1000000000) as customer_delivered_date,
from OLIST_PROJECT.PUBLIC.RAW_ORDERS
  )
/* {"app": "dbt", "dbt_version": "1.11.11", "profile_name": "olist_transform", "target_name": "dev", "node_id": "model.olist_transform.stg_orders"} */;
[0m19:24:49.893734 [debug] [Thread-2 (]: Opening a new connection, currently in state init
[0m19:24:49.894774 [debug] [Thread-4 (]: Opening a new connection, currently in state init
[0m19:24:51.171861 [debug] [Thread-4 (]: SQL status: SUCCESS 1 in 1.277 seconds
[0m19:24:51.269498 [debug] [Thread-4 (]: Sending event: {'category': 'dbt', 'action': 'run_model', 'label': '6b8cbf03-61a6-45c5-896a-7358a8459607', 'context': [<snowplow_tracker.self_describing_json.SelfDescribingJson object at 0x0000015DFAB27650>]}
[0m19:24:51.271503 [info ] [Thread-4 (]: 3 of 6 OK created sql view model PUBLIC.stg_orders ............................. [[32mSUCCESS 1[0m in 1.63s]
[0m19:24:51.273502 [debug] [Thread-4 (]: Finished running node model.olist_transform.stg_orders
[0m19:24:51.274495 [debug] [Thread-5 (]: Began running node model.olist_transform.fct_leakage_rate
[0m19:24:51.276482 [debug] [Thread-4 (]: Began running node model.olist_transform.fct_order_delivery_performance
[0m19:24:51.275480 [info ] [Thread-5 (]: 4 of 6 START sql view model PUBLIC.fct_leakage_rate ............................ [RUN]
[0m19:24:51.279503 [debug] [Thread-5 (]: Acquiring new snowflake connection 'model.olist_transform.fct_leakage_rate'
[0m19:24:51.280442 [debug] [Thread-5 (]: Began compiling node model.olist_transform.fct_leakage_rate
[0m19:24:51.287586 [debug] [Thread-5 (]: Writing injected SQL for node "model.olist_transform.fct_leakage_rate"
[0m19:24:51.277501 [info ] [Thread-4 (]: 5 of 6 START sql view model PUBLIC.fct_order_delivery_performance .............. [RUN]
[0m19:24:51.289537 [debug] [Thread-4 (]: Re-using an available connection from the pool (formerly model.olist_transform.stg_orders, now model.olist_transform.fct_order_delivery_performance)
[0m19:24:51.291542 [debug] [Thread-4 (]: Began compiling node model.olist_transform.fct_order_delivery_performance
[0m19:24:51.299134 [debug] [Thread-4 (]: Writing injected SQL for node "model.olist_transform.fct_order_delivery_performance"
[0m19:24:51.301135 [debug] [Thread-5 (]: Began executing node model.olist_transform.fct_leakage_rate
[0m19:24:51.309222 [debug] [Thread-5 (]: Writing runtime sql for node "model.olist_transform.fct_leakage_rate"
[0m19:24:51.311441 [debug] [Thread-4 (]: Began executing node model.olist_transform.fct_order_delivery_performance
[0m19:24:51.322763 [debug] [Thread-4 (]: Writing runtime sql for node "model.olist_transform.fct_order_delivery_performance"
[0m19:24:51.324811 [debug] [Thread-5 (]: Using snowflake connection "model.olist_transform.fct_leakage_rate"
[0m19:24:51.325824 [debug] [Thread-5 (]: On model.olist_transform.fct_leakage_rate: create or replace   view OLIST_PROJECT.PUBLIC.fct_leakage_rate
  
  
  
  
  as (
    select * from OLIST_PROJECT.PUBLIC.stg_orders
where approval_date is not null
and order_status == 'canceled'
or order_status == 'unavailable'
  )
/* {"app": "dbt", "dbt_version": "1.11.11", "profile_name": "olist_transform", "target_name": "dev", "node_id": "model.olist_transform.fct_leakage_rate"} */;
[0m19:24:51.326823 [debug] [Thread-5 (]: Opening a new connection, currently in state init
[0m19:24:51.334234 [debug] [Thread-4 (]: Using snowflake connection "model.olist_transform.fct_order_delivery_performance"
[0m19:24:51.336571 [debug] [Thread-4 (]: On model.olist_transform.fct_order_delivery_performance: create or replace   view OLIST_PROJECT.PUBLIC.fct_order_delivery_performance
  
  
  
  
  as (
    select 
    *,
    datediff('day', purchase_date, estimated_delivery_date) as estimated_delivery_time,
    datediff('day', purchase_date, customer_delivered_date) as actual_delivery_time,
    estimated_delivery_time - actual_delivery_time as estimated_vs_actual,
    case
        when estimated_vs_actual > 0 then 'early'
        when estimated_vs_actual < 0 then 'late'
    end as punctuality_performance,
    datediff('day', carrier_delivered_date, customer_delivered_date) as days_in_carrier_transit
from OLIST_PROJECT.PUBLIC.stg_orders
  )
/* {"app": "dbt", "dbt_version": "1.11.11", "profile_name": "olist_transform", "target_name": "dev", "node_id": "model.olist_transform.fct_order_delivery_performance"} */;
[0m19:24:51.631266 [debug] [Thread-2 (]: SQL status: SUCCESS 1 in 1.738 seconds
[0m19:24:51.642921 [debug] [Thread-2 (]: Sending event: {'category': 'dbt', 'action': 'run_model', 'label': '6b8cbf03-61a6-45c5-896a-7358a8459607', 'context': [<snowplow_tracker.self_describing_json.SelfDescribingJson object at 0x0000015DFD93E750>]}
[0m19:24:51.646991 [debug] [Thread-3 (]: SQL status: SUCCESS 1 in 1.755 seconds
[0m19:24:51.649092 [info ] [Thread-2 (]: 1 of 6 OK created sql view model PUBLIC.stg_customers .......................... [[32mSUCCESS 1[0m in 2.02s]
[0m19:24:51.659171 [debug] [Thread-3 (]: Sending event: {'category': 'dbt', 'action': 'run_model', 'label': '6b8cbf03-61a6-45c5-896a-7358a8459607', 'context': [<snowplow_tracker.self_describing_json.SelfDescribingJson object at 0x0000015DFD93C1A0>]}
[0m19:24:51.661165 [debug] [Thread-2 (]: Finished running node model.olist_transform.stg_customers
[0m19:24:51.664124 [info ] [Thread-3 (]: 2 of 6 OK created sql view model PUBLIC.stg_order_items ........................ [[32mSUCCESS 1[0m in 2.03s]
[0m19:24:51.668536 [debug] [Thread-3 (]: Finished running node model.olist_transform.stg_order_items
[0m19:24:51.672102 [debug] [Thread-2 (]: Began running node model.olist_transform.fct_avg_revenue_per_order
[0m19:24:51.675084 [info ] [Thread-2 (]: 6 of 6 START sql view model PUBLIC.fct_avg_revenue_per_order ................... [RUN]
[0m19:24:51.678257 [debug] [Thread-2 (]: Re-using an available connection from the pool (formerly model.olist_transform.stg_customers, now model.olist_transform.fct_avg_revenue_per_order)
[0m19:24:51.681773 [debug] [Thread-2 (]: Began compiling node model.olist_transform.fct_avg_revenue_per_order
[0m19:24:51.696117 [debug] [Thread-2 (]: Writing injected SQL for node "model.olist_transform.fct_avg_revenue_per_order"
[0m19:24:51.700098 [debug] [Thread-2 (]: Began executing node model.olist_transform.fct_avg_revenue_per_order
[0m19:24:51.717474 [debug] [Thread-2 (]: Writing runtime sql for node "model.olist_transform.fct_avg_revenue_per_order"
[0m19:24:51.725438 [debug] [Thread-2 (]: Using snowflake connection "model.olist_transform.fct_avg_revenue_per_order"
[0m19:24:51.727564 [debug] [Thread-2 (]: On model.olist_transform.fct_avg_revenue_per_order: create or replace   view OLIST_PROJECT.PUBLIC.fct_avg_revenue_per_order
  
  
  
  
  as (
    select 
    o.order_id,
    sum(oi.order_item) as no_of_items
from OLIST_PROJECT.PUBLIC.stg_orders o
join OLIST_PROJECT.PUBLIC.stg_order_items oi on o.order_id = oi.order_id
group by o.order_id
  )
/* {"app": "dbt", "dbt_version": "1.11.11", "profile_name": "olist_transform", "target_name": "dev", "node_id": "model.olist_transform.fct_avg_revenue_per_order"} */;
[0m19:24:51.777337 [debug] [Thread-4 (]: SQL status: SUCCESS 1 in 0.438 seconds
[0m19:24:51.787402 [debug] [Thread-4 (]: Sending event: {'category': 'dbt', 'action': 'run_model', 'label': '6b8cbf03-61a6-45c5-896a-7358a8459607', 'context': [<snowplow_tracker.self_describing_json.SelfDescribingJson object at 0x0000015DFD94C7A0>]}
[0m19:24:51.789460 [info ] [Thread-4 (]: 5 of 6 OK created sql view model PUBLIC.fct_order_delivery_performance ......... [[32mSUCCESS 1[0m in 0.50s]
[0m19:24:51.792445 [debug] [Thread-4 (]: Finished running node model.olist_transform.fct_order_delivery_performance
[0m19:24:51.993535 [debug] [Thread-2 (]: Snowflake adapter: Snowflake query id: 01c51231-0002-5251-0001-a3c6001710e6
[0m19:24:51.994534 [debug] [Thread-2 (]: Snowflake adapter: Snowflake error: 000904 (42000): SQL compilation error: error line 9 at position 8
invalid identifier 'OI.ORDER_ITEM'
[0m19:24:52.004533 [debug] [Thread-2 (]: Database Error in model fct_avg_revenue_per_order (models\marts\fct_avg_revenue_per_order.sql)
  000904 (42000): SQL compilation error: error line 9 at position 8
  invalid identifier 'OI.ORDER_ITEM'
  compiled code at target\run\olist_transform\models\marts\fct_avg_revenue_per_order.sql
[0m19:24:52.006534 [debug] [Thread-2 (]: Sending event: {'category': 'dbt', 'action': 'run_model', 'label': '6b8cbf03-61a6-45c5-896a-7358a8459607', 'context': [<snowplow_tracker.self_describing_json.SelfDescribingJson object at 0x0000015DFD94DDC0>]}
[0m19:24:52.007533 [error] [Thread-2 (]: 6 of 6 ERROR creating sql view model PUBLIC.fct_avg_revenue_per_order .......... [[31mERROR[0m in 0.33s]
[0m19:24:52.009535 [debug] [Thread-2 (]: Finished running node model.olist_transform.fct_avg_revenue_per_order
[0m19:24:52.010577 [debug] [Thread-8 (]: Marking all children of 'model.olist_transform.fct_avg_revenue_per_order' to be skipped because of status 'error'.  Reason: Database Error in model fct_avg_revenue_per_order (models\marts\fct_avg_revenue_per_order.sql)
  000904 (42000): SQL compilation error: error line 9 at position 8
  invalid identifier 'OI.ORDER_ITEM'
  compiled code at target\run\olist_transform\models\marts\fct_avg_revenue_per_order.sql.
[0m19:24:52.814129 [debug] [Thread-5 (]: Snowflake adapter: Snowflake query id: 01c51231-0002-5265-0001-a3c600176022
[0m19:24:52.817149 [debug] [Thread-5 (]: Snowflake adapter: Snowflake error: 002139 (02000): SQL compilation error:
Unknown functions "==", "==".
[0m19:24:52.829228 [debug] [Thread-5 (]: Database Error in model fct_leakage_rate (models\marts\fct_leakage_rate.sql)
  002139 (02000): SQL compilation error:
  Unknown functions "==", "==".
  compiled code at target\run\olist_transform\models\marts\fct_leakage_rate.sql
[0m19:24:52.832358 [debug] [Thread-5 (]: Sending event: {'category': 'dbt', 'action': 'run_model', 'label': '6b8cbf03-61a6-45c5-896a-7358a8459607', 'context': [<snowplow_tracker.self_describing_json.SelfDescribingJson object at 0x0000015DFD91DEE0>]}
[0m19:24:52.836413 [error] [Thread-5 (]: 4 of 6 ERROR creating sql view model PUBLIC.fct_leakage_rate ................... [[31mERROR[0m in 1.55s]
[0m19:24:52.841787 [debug] [Thread-5 (]: Finished running node model.olist_transform.fct_leakage_rate
[0m19:24:52.844791 [debug] [Thread-8 (]: Marking all children of 'model.olist_transform.fct_leakage_rate' to be skipped because of status 'error'.  Reason: Database Error in model fct_leakage_rate (models\marts\fct_leakage_rate.sql)
  002139 (02000): SQL compilation error:
  Unknown functions "==", "==".
  compiled code at target\run\olist_transform\models\marts\fct_leakage_rate.sql.
[0m19:24:52.853793 [debug] [MainThread]: Connection 'master' was properly closed.
[0m19:24:52.854790 [debug] [MainThread]: Connection 'list_OLIST_PROJECT' was left open.
[0m19:24:52.856787 [debug] [MainThread]: On list_OLIST_PROJECT: Close
[0m19:24:53.268698 [debug] [MainThread]: Connection 'list_OLIST_PROJECT_PUBLIC' was left open.
[0m19:24:53.270122 [debug] [MainThread]: On list_OLIST_PROJECT_PUBLIC: Close
[0m19:24:53.680417 [debug] [MainThread]: Connection 'model.olist_transform.fct_avg_revenue_per_order' was left open.
[0m19:24:53.682409 [debug] [MainThread]: On model.olist_transform.fct_avg_revenue_per_order: Close
[0m19:24:54.089060 [debug] [MainThread]: Connection 'model.olist_transform.stg_order_items' was left open.
[0m19:24:54.090605 [debug] [MainThread]: On model.olist_transform.stg_order_items: Close
[0m19:24:54.501214 [debug] [MainThread]: Connection 'model.olist_transform.fct_order_delivery_performance' was left open.
[0m19:24:54.503219 [debug] [MainThread]: On model.olist_transform.fct_order_delivery_performance: Close
[0m19:24:54.912422 [debug] [MainThread]: Connection 'model.olist_transform.fct_leakage_rate' was left open.
[0m19:24:54.914869 [debug] [MainThread]: On model.olist_transform.fct_leakage_rate: Close
[0m19:24:55.321422 [info ] [MainThread]: 
[0m19:24:55.324429 [info ] [MainThread]: Finished running 6 view models in 0 hours 0 minutes and 9.36 seconds (9.36s).
[0m19:24:55.330981 [debug] [MainThread]: Command end result
[0m19:24:55.468201 [debug] [MainThread]: Wrote artifact WritableManifest to C:\Users\SURF\snowflake_pilot\target\manifest.json
[0m19:24:55.477713 [debug] [MainThread]: Wrote artifact SemanticManifest to C:\Users\SURF\snowflake_pilot\target\semantic_manifest.json
[0m19:24:55.499426 [debug] [MainThread]: Wrote artifact RunExecutionResult to C:\Users\SURF\snowflake_pilot\target\run_results.json
[0m19:24:55.500427 [info ] [MainThread]: 
[0m19:24:55.503434 [info ] [MainThread]: [31mCompleted with 2 errors, 0 partial successes, and 0 warnings:[0m
[0m19:24:55.504490 [info ] [MainThread]: 
[0m19:24:55.507433 [error] [MainThread]: [31mFailure in model fct_avg_revenue_per_order (models\marts\fct_avg_revenue_per_order.sql)[0m
[0m19:24:55.509429 [error] [MainThread]:   Database Error in model fct_avg_revenue_per_order (models\marts\fct_avg_revenue_per_order.sql)
  000904 (42000): SQL compilation error: error line 9 at position 8
  invalid identifier 'OI.ORDER_ITEM'
  compiled code at target\run\olist_transform\models\marts\fct_avg_revenue_per_order.sql
[0m19:24:55.511655 [info ] [MainThread]: 
[0m19:24:55.514067 [info ] [MainThread]:   compiled code at target\compiled\olist_transform\models\marts\fct_avg_revenue_per_order.sql
[0m19:24:55.516065 [info ] [MainThread]: 
[0m19:24:55.518066 [error] [MainThread]: [31mFailure in model fct_leakage_rate (models\marts\fct_leakage_rate.sql)[0m
[0m19:24:55.520441 [error] [MainThread]:   Database Error in model fct_leakage_rate (models\marts\fct_leakage_rate.sql)
  002139 (02000): SQL compilation error:
  Unknown functions "==", "==".
  compiled code at target\run\olist_transform\models\marts\fct_leakage_rate.sql
[0m19:24:55.522654 [info ] [MainThread]: 
[0m19:24:55.526659 [info ] [MainThread]:   compiled code at target\compiled\olist_transform\models\marts\fct_leakage_rate.sql
[0m19:24:55.529659 [info ] [MainThread]: 
[0m19:24:55.532658 [info ] [MainThread]: Done. PASS=4 WARN=0 ERROR=2 SKIP=0 NO-OP=0 TOTAL=6
[0m19:24:55.539659 [debug] [MainThread]: Command `dbt run` failed at 19:24:55.538656 after 12.60 seconds
[0m19:24:55.541652 [debug] [MainThread]: Sending event: {'category': 'dbt', 'action': 'invocation', 'label': 'end', 'context': [<snowplow_tracker.self_describing_json.SelfDescribingJson object at 0x0000015DFAAE9160>, <snowplow_tracker.self_describing_json.SelfDescribingJson object at 0x0000015DFAA733B0>, <snowplow_tracker.self_describing_json.SelfDescribingJson object at 0x0000015DFAA70F50>]}
[0m19:24:55.543651 [debug] [MainThread]: Flushing usage events
[0m19:24:58.386344 [debug] [MainThread]: An error was encountered while trying to flush usage events
[0m19:25:41.949520 [debug] [MainThread]: Sending event: {'category': 'dbt', 'action': 'invocation', 'label': 'start', 'context': [<snowplow_tracker.self_describing_json.SelfDescribingJson object at 0x0000020C6A606510>, <snowplow_tracker.self_describing_json.SelfDescribingJson object at 0x0000020C6AA3FC80>, <snowplow_tracker.self_describing_json.SelfDescribingJson object at 0x0000020C6796D2E0>]}


============================== 19:25:41.957647 | c904381c-2990-4969-bde2-38b8843a7510 ==============================
[0m19:25:41.957647 [info ] [MainThread]: Running with dbt=1.11.11
[0m19:25:41.959590 [debug] [MainThread]: running dbt with arguments {'version_check': 'True', 'no_print': 'None', 'static_parser': 'True', 'target_path': 'None', 'warn_error_options': 'WarnErrorOptionsV2(error=[], warn=[], silence=[])', 'printer_width': '80', 'write_json': 'True', 'introspect': 'True', 'log_cache_events': 'False', 'empty': 'False', 'cache_selected_only': 'False', 'fail_fast': 'False', 'debug': 'False', 'log_format': 'default', 'partial_parse': 'True', 'send_anonymous_usage_stats': 'True', 'quiet': 'False', 'warn_error': 'None', 'profiles_dir': 'C:\\Users\\SURF\\snowflake_pilot', 'invocation_command': 'dbt run', 'indirect_selection': 'eager', 'use_colors': 'True', 'use_experimental_parser': 'False', 'log_path': 'C:\\Users\\SURF\\snowflake_pilot\\logs'}
[0m19:25:42.575289 [debug] [MainThread]: Snowflake adapter: Setting snowflake.connector to ERROR (file logging only)
[0m19:25:42.577339 [debug] [MainThread]: Snowflake adapter: Setting botocore to ERROR (file logging only)
[0m19:25:42.579290 [debug] [MainThread]: Snowflake adapter: Setting boto3 to ERROR (file logging only)
[0m19:25:43.156515 [debug] [MainThread]: Sending event: {'category': 'dbt', 'action': 'project_id', 'label': 'c904381c-2990-4969-bde2-38b8843a7510', 'context': [<snowplow_tracker.self_describing_json.SelfDescribingJson object at 0x0000020C6A448560>]}
[0m19:25:43.370988 [debug] [MainThread]: Sending event: {'category': 'dbt', 'action': 'adapter_info', 'label': 'c904381c-2990-4969-bde2-38b8843a7510', 'context': [<snowplow_tracker.self_describing_json.SelfDescribingJson object at 0x0000020C6D7A5190>]}
[0m19:25:43.371989 [info ] [MainThread]: Registered adapter: snowflake=1.11.5
[0m19:25:44.166372 [debug] [MainThread]: checksum: 30a8cc8fdcbf66701b0944d4ccce3fa46dd04b61e5df68b9f16d57b2e0e3f0be, vars: {}, profile: , target: , version: 1.11.11
[0m19:25:44.371046 [debug] [MainThread]: Partial parsing enabled: 0 files deleted, 0 files added, 0 files changed.
[0m19:25:44.372045 [debug] [MainThread]: Nothing changed, skipping partial parsing.
[0m19:25:44.372045 [debug] [MainThread]: Partial parsing enabled, no changes found, skipping parsing
[0m19:25:44.379653 [warn ] [MainThread]: [[33mWARNING[0m]: Configuration paths exist in your dbt_project.yml file which do not apply to any resources.
There are 1 unused configuration paths:
- models.olist_transform.example
[0m19:25:44.475946 [debug] [MainThread]: Sending event: {'category': 'dbt', 'action': 'load_project', 'label': 'c904381c-2990-4969-bde2-38b8843a7510', 'context': [<snowplow_tracker.self_describing_json.SelfDescribingJson object at 0x0000020C6DBBD8E0>]}
[0m19:25:44.650208 [debug] [MainThread]: Wrote artifact WritableManifest to C:\Users\SURF\snowflake_pilot\target\manifest.json
[0m19:25:44.657219 [debug] [MainThread]: Wrote artifact SemanticManifest to C:\Users\SURF\snowflake_pilot\target\semantic_manifest.json
[0m19:25:44.681312 [debug] [MainThread]: Sending event: {'category': 'dbt', 'action': 'resource_counts', 'label': 'c904381c-2990-4969-bde2-38b8843a7510', 'context': [<snowplow_tracker.self_describing_json.SelfDescribingJson object at 0x0000020C6DC0AD80>]}
[0m19:25:44.682311 [info ] [MainThread]: Found 6 models, 4 data tests, 3 sources, 536 macros
[0m19:25:44.683355 [debug] [MainThread]: Sending event: {'category': 'dbt', 'action': 'runnable_timing', 'label': 'c904381c-2990-4969-bde2-38b8843a7510', 'context': [<snowplow_tracker.self_describing_json.SelfDescribingJson object at 0x0000020C6DCC4260>]}
[0m19:25:44.688453 [info ] [MainThread]: 
[0m19:25:44.689452 [info ] [MainThread]: Concurrency: 4 threads (target='dev')
[0m19:25:44.690397 [info ] [MainThread]: 
[0m19:25:44.692632 [debug] [MainThread]: Acquiring new snowflake connection 'master'
[0m19:25:44.705847 [debug] [ThreadPool]: Acquiring new snowflake connection 'list_OLIST_PROJECT'
[0m19:25:44.880767 [debug] [ThreadPool]: Using snowflake connection "list_OLIST_PROJECT"
[0m19:25:44.882111 [debug] [ThreadPool]: On list_OLIST_PROJECT: show terse schemas in database OLIST_PROJECT
    limit 10000
/* {"app": "dbt", "dbt_version": "1.11.11", "profile_name": "olist_transform", "target_name": "dev", "connection_name": "list_OLIST_PROJECT"} */
[0m19:25:44.882111 [debug] [ThreadPool]: Opening a new connection, currently in state init
[0m19:25:46.977400 [debug] [ThreadPool]: SQL status: SUCCESS 4 in 2.095 seconds
[0m19:25:46.989349 [debug] [ThreadPool]: Acquiring new snowflake connection 'list_OLIST_PROJECT_PUBLIC'
[0m19:25:47.037554 [debug] [ThreadPool]: Using snowflake connection "list_OLIST_PROJECT_PUBLIC"
[0m19:25:47.039555 [debug] [ThreadPool]: On list_OLIST_PROJECT_PUBLIC: show objects in OLIST_PROJECT.PUBLIC
    limit 10000
    

/* {"app": "dbt", "dbt_version": "1.11.11", "profile_name": "olist_transform", "target_name": "dev", "connection_name": "list_OLIST_PROJECT_PUBLIC"} */;
[0m19:25:47.040552 [debug] [ThreadPool]: Opening a new connection, currently in state init
[0m19:25:48.086443 [debug] [ThreadPool]: SQL status: SUCCESS 10 in 1.046 seconds
[0m19:25:48.104008 [debug] [MainThread]: Sending event: {'category': 'dbt', 'action': 'runnable_timing', 'label': 'c904381c-2990-4969-bde2-38b8843a7510', 'context': [<snowplow_tracker.self_describing_json.SelfDescribingJson object at 0x0000020C6D7D5C70>]}
[0m19:25:48.118996 [debug] [Thread-2 (]: Began running node model.olist_transform.stg_customers
[0m19:25:48.121056 [debug] [Thread-3 (]: Began running node model.olist_transform.stg_order_items
[0m19:25:48.124058 [debug] [Thread-4 (]: Began running node model.olist_transform.stg_orders
[0m19:25:48.123055 [info ] [Thread-2 (]: 1 of 6 START sql view model PUBLIC.stg_customers ............................... [RUN]
[0m19:25:48.127054 [info ] [Thread-3 (]: 2 of 6 START sql view model PUBLIC.stg_order_items ............................. [RUN]
[0m19:25:48.130010 [info ] [Thread-4 (]: 3 of 6 START sql view model PUBLIC.stg_orders .................................. [RUN]
[0m19:25:48.132019 [debug] [Thread-2 (]: Acquiring new snowflake connection 'model.olist_transform.stg_customers'
[0m19:25:48.134010 [debug] [Thread-3 (]: Acquiring new snowflake connection 'model.olist_transform.stg_order_items'
[0m19:25:48.136636 [debug] [Thread-4 (]: Acquiring new snowflake connection 'model.olist_transform.stg_orders'
[0m19:25:48.139969 [debug] [Thread-2 (]: Began compiling node model.olist_transform.stg_customers
[0m19:25:48.144039 [debug] [Thread-3 (]: Began compiling node model.olist_transform.stg_order_items
[0m19:25:48.146056 [debug] [Thread-4 (]: Began compiling node model.olist_transform.stg_orders
[0m19:25:48.190730 [debug] [Thread-3 (]: Writing injected SQL for node "model.olist_transform.stg_order_items"
[0m19:25:48.179708 [debug] [Thread-2 (]: Writing injected SQL for node "model.olist_transform.stg_customers"
[0m19:25:48.203502 [debug] [Thread-4 (]: Writing injected SQL for node "model.olist_transform.stg_orders"
[0m19:25:48.207949 [debug] [Thread-3 (]: Began executing node model.olist_transform.stg_order_items
[0m19:25:48.260423 [debug] [Thread-4 (]: Began executing node model.olist_transform.stg_orders
[0m19:25:48.290860 [debug] [Thread-2 (]: Began executing node model.olist_transform.stg_customers
[0m19:25:48.382675 [debug] [Thread-4 (]: Writing runtime sql for node "model.olist_transform.stg_orders"
[0m19:25:48.386666 [debug] [Thread-3 (]: Writing runtime sql for node "model.olist_transform.stg_order_items"
[0m19:25:48.396232 [debug] [Thread-2 (]: Writing runtime sql for node "model.olist_transform.stg_customers"
[0m19:25:48.404298 [debug] [Thread-4 (]: Using snowflake connection "model.olist_transform.stg_orders"
[0m19:25:48.406297 [debug] [Thread-3 (]: Using snowflake connection "model.olist_transform.stg_order_items"
[0m19:25:48.408365 [debug] [Thread-4 (]: On model.olist_transform.stg_orders: create or replace   view OLIST_PROJECT.PUBLIC.stg_orders
  
  
  
  
  as (
    select 
    order_id,
    customer_id,
    order_status,
    to_timestamp_ntz(order_purchase_timestamp/1000000000) as purchase_date,
    to_timestamp_ntz(order_approved_at/1000000000) as approval_date,
    to_timestamp_ntz(order_delivered_carrier_date/1000000000) as carrier_delivered_date,
    to_timestamp_ntz(order_estimated_delivery_date/1000000000) as estimated_delivery_date,
    to_timestamp_ntz(order_delivered_customer_date/1000000000) as customer_delivered_date,
from OLIST_PROJECT.PUBLIC.RAW_ORDERS
  )
/* {"app": "dbt", "dbt_version": "1.11.11", "profile_name": "olist_transform", "target_name": "dev", "node_id": "model.olist_transform.stg_orders"} */;
[0m19:25:48.410361 [debug] [Thread-3 (]: On model.olist_transform.stg_order_items: create or replace   view OLIST_PROJECT.PUBLIC.stg_order_items
  
  
  
  
  as (
    select * from OLIST_PROJECT.PUBLIC.RAW_ORDER_ITEMS
  )
/* {"app": "dbt", "dbt_version": "1.11.11", "profile_name": "olist_transform", "target_name": "dev", "node_id": "model.olist_transform.stg_order_items"} */;
[0m19:25:48.411362 [debug] [Thread-4 (]: Opening a new connection, currently in state init
[0m19:25:48.412364 [debug] [Thread-3 (]: Opening a new connection, currently in state init
[0m19:25:48.415378 [debug] [Thread-2 (]: Using snowflake connection "model.olist_transform.stg_customers"
[0m19:25:48.418368 [debug] [Thread-2 (]: On model.olist_transform.stg_customers: create or replace   view OLIST_PROJECT.PUBLIC.stg_customers
  
  
  
  
  as (
    select 
    customer_id,
    customer_city,
    customer_state
from OLIST_PROJECT.PUBLIC.RAW_CUSTOMERS
  )
/* {"app": "dbt", "dbt_version": "1.11.11", "profile_name": "olist_transform", "target_name": "dev", "node_id": "model.olist_transform.stg_customers"} */;
[0m19:25:48.419365 [debug] [Thread-2 (]: Opening a new connection, currently in state init
[0m19:25:49.760681 [debug] [Thread-2 (]: SQL status: SUCCESS 1 in 1.341 seconds
[0m19:25:49.860217 [debug] [Thread-2 (]: Sending event: {'category': 'dbt', 'action': 'run_model', 'label': 'c904381c-2990-4969-bde2-38b8843a7510', 'context': [<snowplow_tracker.self_describing_json.SelfDescribingJson object at 0x0000020C6C9DB560>]}
[0m19:25:49.862232 [info ] [Thread-2 (]: 1 of 6 OK created sql view model PUBLIC.stg_customers .......................... [[32mSUCCESS 1[0m in 1.73s]
[0m19:25:49.863230 [debug] [Thread-2 (]: Finished running node model.olist_transform.stg_customers
[0m19:25:50.102601 [debug] [Thread-4 (]: SQL status: SUCCESS 1 in 1.691 seconds
[0m19:25:50.114137 [debug] [Thread-4 (]: Sending event: {'category': 'dbt', 'action': 'run_model', 'label': 'c904381c-2990-4969-bde2-38b8843a7510', 'context': [<snowplow_tracker.self_describing_json.SelfDescribingJson object at 0x0000020C6F716720>]}
[0m19:25:50.118140 [debug] [Thread-3 (]: SQL status: SUCCESS 1 in 1.705 seconds
[0m19:25:50.121140 [info ] [Thread-4 (]: 3 of 6 OK created sql view model PUBLIC.stg_orders ............................. [[32mSUCCESS 1[0m in 1.98s]
[0m19:25:50.132715 [debug] [Thread-3 (]: Sending event: {'category': 'dbt', 'action': 'run_model', 'label': 'c904381c-2990-4969-bde2-38b8843a7510', 'context': [<snowplow_tracker.self_describing_json.SelfDescribingJson object at 0x0000020C6AA71BB0>]}
[0m19:25:50.135727 [debug] [Thread-4 (]: Finished running node model.olist_transform.stg_orders
[0m19:25:50.138712 [info ] [Thread-3 (]: 2 of 6 OK created sql view model PUBLIC.stg_order_items ........................ [[32mSUCCESS 1[0m in 2.00s]
[0m19:25:50.146579 [debug] [Thread-3 (]: Finished running node model.olist_transform.stg_order_items
[0m19:25:50.149596 [debug] [Thread-5 (]: Began running node model.olist_transform.fct_leakage_rate
[0m19:25:50.152551 [debug] [Thread-3 (]: Began running node model.olist_transform.fct_order_delivery_performance
[0m19:25:50.155850 [info ] [Thread-5 (]: 4 of 6 START sql view model PUBLIC.fct_leakage_rate ............................ [RUN]
[0m19:25:50.162853 [debug] [Thread-4 (]: Began running node model.olist_transform.fct_avg_revenue_per_order
[0m19:25:50.159870 [info ] [Thread-3 (]: 5 of 6 START sql view model PUBLIC.fct_order_delivery_performance .............. [RUN]
[0m19:25:50.168124 [debug] [Thread-5 (]: Acquiring new snowflake connection 'model.olist_transform.fct_leakage_rate'
[0m19:25:50.172137 [info ] [Thread-4 (]: 6 of 6 START sql view model PUBLIC.fct_avg_revenue_per_order ................... [RUN]
[0m19:25:50.175137 [debug] [Thread-3 (]: Re-using an available connection from the pool (formerly model.olist_transform.stg_order_items, now model.olist_transform.fct_order_delivery_performance)
[0m19:25:50.177138 [debug] [Thread-5 (]: Began compiling node model.olist_transform.fct_leakage_rate
[0m19:25:50.179114 [debug] [Thread-4 (]: Re-using an available connection from the pool (formerly model.olist_transform.stg_orders, now model.olist_transform.fct_avg_revenue_per_order)
[0m19:25:50.182133 [debug] [Thread-3 (]: Began compiling node model.olist_transform.fct_order_delivery_performance
[0m19:25:50.198145 [debug] [Thread-5 (]: Writing injected SQL for node "model.olist_transform.fct_leakage_rate"
[0m19:25:50.201715 [debug] [Thread-4 (]: Began compiling node model.olist_transform.fct_avg_revenue_per_order
[0m19:25:50.217772 [debug] [Thread-3 (]: Writing injected SQL for node "model.olist_transform.fct_order_delivery_performance"
[0m19:25:50.233150 [debug] [Thread-4 (]: Writing injected SQL for node "model.olist_transform.fct_avg_revenue_per_order"
[0m19:25:50.237905 [debug] [Thread-5 (]: Began executing node model.olist_transform.fct_leakage_rate
[0m19:25:50.263603 [debug] [Thread-5 (]: Writing runtime sql for node "model.olist_transform.fct_leakage_rate"
[0m19:25:50.267717 [debug] [Thread-4 (]: Began executing node model.olist_transform.fct_avg_revenue_per_order
[0m19:25:50.270130 [debug] [Thread-3 (]: Began executing node model.olist_transform.fct_order_delivery_performance
[0m19:25:50.283720 [debug] [Thread-4 (]: Writing runtime sql for node "model.olist_transform.fct_avg_revenue_per_order"
[0m19:25:50.298096 [debug] [Thread-3 (]: Writing runtime sql for node "model.olist_transform.fct_order_delivery_performance"
[0m19:25:50.301637 [debug] [Thread-5 (]: Using snowflake connection "model.olist_transform.fct_leakage_rate"
[0m19:25:50.305661 [debug] [Thread-5 (]: On model.olist_transform.fct_leakage_rate: create or replace   view OLIST_PROJECT.PUBLIC.fct_leakage_rate
  
  
  
  
  as (
    select * from OLIST_PROJECT.PUBLIC.stg_orders
where approval_date is not null
and order_status = 'canceled'
or order_status = 'unavailable'
  )
/* {"app": "dbt", "dbt_version": "1.11.11", "profile_name": "olist_transform", "target_name": "dev", "node_id": "model.olist_transform.fct_leakage_rate"} */;
[0m19:25:50.307660 [debug] [Thread-5 (]: Opening a new connection, currently in state init
[0m19:25:50.313807 [debug] [Thread-4 (]: Using snowflake connection "model.olist_transform.fct_avg_revenue_per_order"
[0m19:25:50.316805 [debug] [Thread-4 (]: On model.olist_transform.fct_avg_revenue_per_order: create or replace   view OLIST_PROJECT.PUBLIC.fct_avg_revenue_per_order
  
  
  
  
  as (
    select 
    o.order_id,
    sum(oi.order_item) as no_of_items
from OLIST_PROJECT.PUBLIC.stg_orders o
join OLIST_PROJECT.PUBLIC.stg_order_items oi on o.order_id = oi.order_id
group by o.order_id
  )
/* {"app": "dbt", "dbt_version": "1.11.11", "profile_name": "olist_transform", "target_name": "dev", "node_id": "model.olist_transform.fct_avg_revenue_per_order"} */;
[0m19:25:50.324802 [debug] [Thread-3 (]: Using snowflake connection "model.olist_transform.fct_order_delivery_performance"
[0m19:25:50.332802 [debug] [Thread-3 (]: On model.olist_transform.fct_order_delivery_performance: create or replace   view OLIST_PROJECT.PUBLIC.fct_order_delivery_performance
  
  
  
  
  as (
    select 
    *,
    datediff('day', purchase_date, estimated_delivery_date) as estimated_delivery_time,
    datediff('day', purchase_date, customer_delivered_date) as actual_delivery_time,
    estimated_delivery_time - actual_delivery_time as estimated_vs_actual,
    case
        when estimated_vs_actual > 0 then 'early'
        when estimated_vs_actual < 0 then 'late'
    end as punctuality_performance,
    datediff('day', carrier_delivered_date, customer_delivered_date) as days_in_carrier_transit
from OLIST_PROJECT.PUBLIC.stg_orders
  )
/* {"app": "dbt", "dbt_version": "1.11.11", "profile_name": "olist_transform", "target_name": "dev", "node_id": "model.olist_transform.fct_order_delivery_performance"} */;
[0m19:25:50.665155 [debug] [Thread-4 (]: Snowflake adapter: Snowflake query id: 01c51232-0002-5265-0001-a3c600176026
[0m19:25:50.667158 [debug] [Thread-4 (]: Snowflake adapter: Snowflake error: 000904 (42000): SQL compilation error: error line 9 at position 8
invalid identifier 'OI.ORDER_ITEM'
[0m19:25:50.683155 [debug] [Thread-4 (]: Database Error in model fct_avg_revenue_per_order (models\marts\fct_avg_revenue_per_order.sql)
  000904 (42000): SQL compilation error: error line 9 at position 8
  invalid identifier 'OI.ORDER_ITEM'
  compiled code at target\run\olist_transform\models\marts\fct_avg_revenue_per_order.sql
[0m19:25:50.685155 [debug] [Thread-4 (]: Sending event: {'category': 'dbt', 'action': 'run_model', 'label': 'c904381c-2990-4969-bde2-38b8843a7510', 'context': [<snowplow_tracker.self_describing_json.SelfDescribingJson object at 0x0000020C6F70F470>]}
[0m19:25:50.688179 [error] [Thread-4 (]: 6 of 6 ERROR creating sql view model PUBLIC.fct_avg_revenue_per_order .......... [[31mERROR[0m in 0.51s]
[0m19:25:50.691404 [debug] [Thread-4 (]: Finished running node model.olist_transform.fct_avg_revenue_per_order
[0m19:25:50.693519 [debug] [Thread-8 (]: Marking all children of 'model.olist_transform.fct_avg_revenue_per_order' to be skipped because of status 'error'.  Reason: Database Error in model fct_avg_revenue_per_order (models\marts\fct_avg_revenue_per_order.sql)
  000904 (42000): SQL compilation error: error line 9 at position 8
  invalid identifier 'OI.ORDER_ITEM'
  compiled code at target\run\olist_transform\models\marts\fct_avg_revenue_per_order.sql.
[0m19:25:50.726139 [debug] [Thread-3 (]: SQL status: SUCCESS 1 in 0.388 seconds
[0m19:25:50.740301 [debug] [Thread-3 (]: Sending event: {'category': 'dbt', 'action': 'run_model', 'label': 'c904381c-2990-4969-bde2-38b8843a7510', 'context': [<snowplow_tracker.self_describing_json.SelfDescribingJson object at 0x0000020C6F7F7C20>]}
[0m19:25:50.743327 [info ] [Thread-3 (]: 5 of 6 OK created sql view model PUBLIC.fct_order_delivery_performance ......... [[32mSUCCESS 1[0m in 0.57s]
[0m19:25:50.748323 [debug] [Thread-3 (]: Finished running node model.olist_transform.fct_order_delivery_performance
[0m19:25:51.941809 [debug] [Thread-5 (]: SQL status: SUCCESS 1 in 1.635 seconds
[0m19:25:51.946809 [debug] [Thread-5 (]: Sending event: {'category': 'dbt', 'action': 'run_model', 'label': 'c904381c-2990-4969-bde2-38b8843a7510', 'context': [<snowplow_tracker.self_describing_json.SelfDescribingJson object at 0x0000020C6F679460>]}
[0m19:25:51.948809 [info ] [Thread-5 (]: 4 of 6 OK created sql view model PUBLIC.fct_leakage_rate ....................... [[32mSUCCESS 1[0m in 1.78s]
[0m19:25:51.949812 [debug] [Thread-5 (]: Finished running node model.olist_transform.fct_leakage_rate
[0m19:25:51.952809 [debug] [MainThread]: Connection 'master' was properly closed.
[0m19:25:51.952809 [debug] [MainThread]: Connection 'list_OLIST_PROJECT' was left open.
[0m19:25:51.953846 [debug] [MainThread]: On list_OLIST_PROJECT: Close
[0m19:25:52.355515 [debug] [MainThread]: Connection 'list_OLIST_PROJECT_PUBLIC' was left open.
[0m19:25:52.357512 [debug] [MainThread]: On list_OLIST_PROJECT_PUBLIC: Close
[0m19:25:52.767005 [debug] [MainThread]: Connection 'model.olist_transform.stg_customers' was left open.
[0m19:25:52.768995 [debug] [MainThread]: On model.olist_transform.stg_customers: Close
[0m19:25:53.175364 [debug] [MainThread]: Connection 'model.olist_transform.fct_order_delivery_performance' was left open.
[0m19:25:53.176360 [debug] [MainThread]: On model.olist_transform.fct_order_delivery_performance: Close
[0m19:25:53.594013 [debug] [MainThread]: Connection 'model.olist_transform.fct_avg_revenue_per_order' was left open.
[0m19:25:53.597004 [debug] [MainThread]: On model.olist_transform.fct_avg_revenue_per_order: Close
[0m19:25:53.998854 [debug] [MainThread]: Connection 'model.olist_transform.fct_leakage_rate' was left open.
[0m19:25:54.001518 [debug] [MainThread]: On model.olist_transform.fct_leakage_rate: Close
[0m19:25:54.412862 [info ] [MainThread]: 
[0m19:25:54.415912 [info ] [MainThread]: Finished running 6 view models in 0 hours 0 minutes and 9.72 seconds (9.72s).
[0m19:25:54.429780 [debug] [MainThread]: Command end result
[0m19:25:54.593403 [debug] [MainThread]: Wrote artifact WritableManifest to C:\Users\SURF\snowflake_pilot\target\manifest.json
[0m19:25:54.604648 [debug] [MainThread]: Wrote artifact SemanticManifest to C:\Users\SURF\snowflake_pilot\target\semantic_manifest.json
[0m19:25:54.635991 [debug] [MainThread]: Wrote artifact RunExecutionResult to C:\Users\SURF\snowflake_pilot\target\run_results.json
[0m19:25:54.637351 [info ] [MainThread]: 
[0m19:25:54.639637 [info ] [MainThread]: [31mCompleted with 1 error, 0 partial successes, and 0 warnings:[0m
[0m19:25:54.641662 [info ] [MainThread]: 
[0m19:25:54.642664 [error] [MainThread]: [31mFailure in model fct_avg_revenue_per_order (models\marts\fct_avg_revenue_per_order.sql)[0m
[0m19:25:54.644661 [error] [MainThread]:   Database Error in model fct_avg_revenue_per_order (models\marts\fct_avg_revenue_per_order.sql)
  000904 (42000): SQL compilation error: error line 9 at position 8
  invalid identifier 'OI.ORDER_ITEM'
  compiled code at target\run\olist_transform\models\marts\fct_avg_revenue_per_order.sql
[0m19:25:54.646657 [info ] [MainThread]: 
[0m19:25:54.652205 [info ] [MainThread]:   compiled code at target\compiled\olist_transform\models\marts\fct_avg_revenue_per_order.sql
[0m19:25:54.658832 [info ] [MainThread]: 
[0m19:25:54.661825 [info ] [MainThread]: Done. PASS=5 WARN=0 ERROR=1 SKIP=0 NO-OP=0 TOTAL=6
[0m19:25:54.666824 [debug] [MainThread]: Command `dbt run` failed at 19:25:54.664827 after 12.98 seconds
[0m19:25:54.669205 [debug] [MainThread]: Sending event: {'category': 'dbt', 'action': 'invocation', 'label': 'end', 'context': [<snowplow_tracker.self_describing_json.SelfDescribingJson object at 0x0000020C6C927290>, <snowplow_tracker.self_describing_json.SelfDescribingJson object at 0x0000020C68B45A00>, <snowplow_tracker.self_describing_json.SelfDescribingJson object at 0x0000020C6C95DD30>]}
[0m19:25:54.670764 [debug] [MainThread]: Flushing usage events
[0m19:25:57.676620 [debug] [MainThread]: An error was encountered while trying to flush usage events
[0m19:29:56.255978 [debug] [MainThread]: Sending event: {'category': 'dbt', 'action': 'invocation', 'label': 'start', 'context': [<snowplow_tracker.self_describing_json.SelfDescribingJson object at 0x0000022BA2FC67B0>, <snowplow_tracker.self_describing_json.SelfDescribingJson object at 0x0000022BA331CA40>, <snowplow_tracker.self_describing_json.SelfDescribingJson object at 0x0000022B9F819340>]}


============================== 19:29:56.266015 | a94474de-eb34-42fc-b3f7-3fe6e4cd0fb0 ==============================
[0m19:29:56.266015 [info ] [MainThread]: Running with dbt=1.11.11
[0m19:29:56.268024 [debug] [MainThread]: running dbt with arguments {'version_check': 'True', 'no_print': 'None', 'static_parser': 'True', 'warn_error_options': 'WarnErrorOptionsV2(error=[], warn=[], silence=[])', 'target_path': 'None', 'printer_width': '80', 'write_json': 'True', 'empty': 'False', 'log_cache_events': 'False', 'introspect': 'True', 'cache_selected_only': 'False', 'fail_fast': 'False', 'debug': 'False', 'log_format': 'default', 'profiles_dir': 'C:\\Users\\SURF\\snowflake_pilot', 'send_anonymous_usage_stats': 'True', 'quiet': 'False', 'warn_error': 'None', 'partial_parse': 'True', 'invocation_command': 'dbt run', 'indirect_selection': 'eager', 'use_colors': 'True', 'use_experimental_parser': 'False', 'log_path': 'C:\\Users\\SURF\\snowflake_pilot\\logs'}
[0m19:29:57.100297 [debug] [MainThread]: Snowflake adapter: Setting snowflake.connector to ERROR (file logging only)
[0m19:29:57.101296 [debug] [MainThread]: Snowflake adapter: Setting botocore to ERROR (file logging only)
[0m19:29:57.102294 [debug] [MainThread]: Snowflake adapter: Setting boto3 to ERROR (file logging only)
[0m19:29:57.708383 [debug] [MainThread]: Sending event: {'category': 'dbt', 'action': 'project_id', 'label': 'a94474de-eb34-42fc-b3f7-3fe6e4cd0fb0', 'context': [<snowplow_tracker.self_describing_json.SelfDescribingJson object at 0x0000022BA559B140>]}
[0m19:29:57.866343 [debug] [MainThread]: Sending event: {'category': 'dbt', 'action': 'adapter_info', 'label': 'a94474de-eb34-42fc-b3f7-3fe6e4cd0fb0', 'context': [<snowplow_tracker.self_describing_json.SelfDescribingJson object at 0x0000022BA2D714C0>]}
[0m19:29:57.867341 [info ] [MainThread]: Registered adapter: snowflake=1.11.5
[0m19:29:58.799145 [debug] [MainThread]: checksum: 30a8cc8fdcbf66701b0944d4ccce3fa46dd04b61e5df68b9f16d57b2e0e3f0be, vars: {}, profile: , target: , version: 1.11.11
[0m19:29:59.126743 [debug] [MainThread]: Partial parsing enabled: 0 files deleted, 0 files added, 0 files changed.
[0m19:29:59.127753 [debug] [MainThread]: Nothing changed, skipping partial parsing.
[0m19:29:59.127753 [debug] [MainThread]: Partial parsing enabled, no changes found, skipping parsing
[0m19:29:59.141739 [warn ] [MainThread]: [[33mWARNING[0m]: Configuration paths exist in your dbt_project.yml file which do not apply to any resources.
There are 1 unused configuration paths:
- models.olist_transform.example
[0m19:29:59.248802 [debug] [MainThread]: Sending event: {'category': 'dbt', 'action': 'load_project', 'label': 'a94474de-eb34-42fc-b3f7-3fe6e4cd0fb0', 'context': [<snowplow_tracker.self_describing_json.SelfDescribingJson object at 0x0000022BA55C24E0>]}
[0m19:29:59.482831 [debug] [MainThread]: Wrote artifact WritableManifest to C:\Users\SURF\snowflake_pilot\target\manifest.json
[0m19:29:59.488399 [debug] [MainThread]: Wrote artifact SemanticManifest to C:\Users\SURF\snowflake_pilot\target\semantic_manifest.json
[0m19:29:59.514109 [debug] [MainThread]: Sending event: {'category': 'dbt', 'action': 'resource_counts', 'label': 'a94474de-eb34-42fc-b3f7-3fe6e4cd0fb0', 'context': [<snowplow_tracker.self_describing_json.SelfDescribingJson object at 0x0000022BA5A8ACF0>]}
[0m19:29:59.515184 [info ] [MainThread]: Found 6 models, 4 data tests, 3 sources, 536 macros
[0m19:29:59.516211 [debug] [MainThread]: Sending event: {'category': 'dbt', 'action': 'runnable_timing', 'label': 'a94474de-eb34-42fc-b3f7-3fe6e4cd0fb0', 'context': [<snowplow_tracker.self_describing_json.SelfDescribingJson object at 0x0000022BA5B47D40>]}
[0m19:29:59.522210 [info ] [MainThread]: 
[0m19:29:59.523218 [info ] [MainThread]: Concurrency: 4 threads (target='dev')
[0m19:29:59.525214 [info ] [MainThread]: 
[0m19:29:59.526734 [debug] [MainThread]: Acquiring new snowflake connection 'master'
[0m19:29:59.541256 [debug] [ThreadPool]: Acquiring new snowflake connection 'list_OLIST_PROJECT'
[0m19:29:59.694621 [debug] [ThreadPool]: Using snowflake connection "list_OLIST_PROJECT"
[0m19:29:59.695653 [debug] [ThreadPool]: On list_OLIST_PROJECT: show terse schemas in database OLIST_PROJECT
    limit 10000
/* {"app": "dbt", "dbt_version": "1.11.11", "profile_name": "olist_transform", "target_name": "dev", "connection_name": "list_OLIST_PROJECT"} */
[0m19:29:59.695653 [debug] [ThreadPool]: Opening a new connection, currently in state init
[0m19:30:02.378072 [debug] [ThreadPool]: SQL status: SUCCESS 4 in 2.682 seconds
[0m19:30:02.391110 [debug] [ThreadPool]: Acquiring new snowflake connection 'list_OLIST_PROJECT_PUBLIC'
[0m19:30:02.446602 [debug] [ThreadPool]: Using snowflake connection "list_OLIST_PROJECT_PUBLIC"
[0m19:30:02.448603 [debug] [ThreadPool]: On list_OLIST_PROJECT_PUBLIC: show objects in OLIST_PROJECT.PUBLIC
    limit 10000
    

/* {"app": "dbt", "dbt_version": "1.11.11", "profile_name": "olist_transform", "target_name": "dev", "connection_name": "list_OLIST_PROJECT_PUBLIC"} */;
[0m19:30:02.449602 [debug] [ThreadPool]: Opening a new connection, currently in state init
[0m19:30:03.523305 [debug] [ThreadPool]: SQL status: SUCCESS 11 in 1.073 seconds
[0m19:30:03.538376 [debug] [MainThread]: Sending event: {'category': 'dbt', 'action': 'runnable_timing', 'label': 'a94474de-eb34-42fc-b3f7-3fe6e4cd0fb0', 'context': [<snowplow_tracker.self_describing_json.SelfDescribingJson object at 0x0000022BA03441D0>]}
[0m19:30:03.552649 [debug] [Thread-2 (]: Began running node model.olist_transform.stg_customers
[0m19:30:03.554892 [debug] [Thread-3 (]: Began running node model.olist_transform.stg_order_items
[0m19:30:03.555945 [debug] [Thread-4 (]: Began running node model.olist_transform.stg_orders
[0m19:30:03.558275 [info ] [Thread-2 (]: 1 of 6 START sql view model PUBLIC.stg_customers ............................... [RUN]
[0m19:30:03.560124 [info ] [Thread-3 (]: 2 of 6 START sql view model PUBLIC.stg_order_items ............................. [RUN]
[0m19:30:03.566279 [debug] [Thread-2 (]: Acquiring new snowflake connection 'model.olist_transform.stg_customers'
[0m19:30:03.562276 [info ] [Thread-4 (]: 3 of 6 START sql view model PUBLIC.stg_orders .................................. [RUN]
[0m19:30:03.569300 [debug] [Thread-3 (]: Acquiring new snowflake connection 'model.olist_transform.stg_order_items'
[0m19:30:03.571840 [debug] [Thread-2 (]: Began compiling node model.olist_transform.stg_customers
[0m19:30:03.574868 [debug] [Thread-4 (]: Acquiring new snowflake connection 'model.olist_transform.stg_orders'
[0m19:30:03.576865 [debug] [Thread-3 (]: Began compiling node model.olist_transform.stg_order_items
[0m19:30:03.606203 [debug] [Thread-4 (]: Began compiling node model.olist_transform.stg_orders
[0m19:30:03.609364 [debug] [Thread-2 (]: Writing injected SQL for node "model.olist_transform.stg_customers"
[0m19:30:03.619372 [debug] [Thread-3 (]: Writing injected SQL for node "model.olist_transform.stg_order_items"
[0m19:30:03.628371 [debug] [Thread-4 (]: Writing injected SQL for node "model.olist_transform.stg_orders"
[0m19:30:03.632695 [debug] [Thread-2 (]: Began executing node model.olist_transform.stg_customers
[0m19:30:03.686284 [debug] [Thread-3 (]: Began executing node model.olist_transform.stg_order_items
[0m19:30:03.716396 [debug] [Thread-4 (]: Began executing node model.olist_transform.stg_orders
[0m19:30:03.842590 [debug] [Thread-4 (]: Writing runtime sql for node "model.olist_transform.stg_orders"
[0m19:30:03.845214 [debug] [Thread-3 (]: Writing runtime sql for node "model.olist_transform.stg_order_items"
[0m19:30:03.862290 [debug] [Thread-2 (]: Writing runtime sql for node "model.olist_transform.stg_customers"
[0m19:30:03.869611 [debug] [Thread-4 (]: Using snowflake connection "model.olist_transform.stg_orders"
[0m19:30:03.870604 [debug] [Thread-4 (]: On model.olist_transform.stg_orders: create or replace   view OLIST_PROJECT.PUBLIC.stg_orders
  
  
  
  
  as (
    select 
    order_id,
    customer_id,
    order_status,
    to_timestamp_ntz(order_purchase_timestamp/1000000000) as purchase_date,
    to_timestamp_ntz(order_approved_at/1000000000) as approval_date,
    to_timestamp_ntz(order_delivered_carrier_date/1000000000) as carrier_delivered_date,
    to_timestamp_ntz(order_estimated_delivery_date/1000000000) as estimated_delivery_date,
    to_timestamp_ntz(order_delivered_customer_date/1000000000) as customer_delivered_date,
from OLIST_PROJECT.PUBLIC.RAW_ORDERS
  )
/* {"app": "dbt", "dbt_version": "1.11.11", "profile_name": "olist_transform", "target_name": "dev", "node_id": "model.olist_transform.stg_orders"} */;
[0m19:30:03.872677 [debug] [Thread-4 (]: Opening a new connection, currently in state init
[0m19:30:03.875229 [debug] [Thread-3 (]: Using snowflake connection "model.olist_transform.stg_order_items"
[0m19:30:03.878253 [debug] [Thread-3 (]: On model.olist_transform.stg_order_items: create or replace   view OLIST_PROJECT.PUBLIC.stg_order_items
  
  
  
  
  as (
    select * from OLIST_PROJECT.PUBLIC.RAW_ORDER_ITEMS
  )
/* {"app": "dbt", "dbt_version": "1.11.11", "profile_name": "olist_transform", "target_name": "dev", "node_id": "model.olist_transform.stg_order_items"} */;
[0m19:30:03.880253 [debug] [Thread-3 (]: Opening a new connection, currently in state init
[0m19:30:03.883339 [debug] [Thread-2 (]: Using snowflake connection "model.olist_transform.stg_customers"
[0m19:30:03.885254 [debug] [Thread-2 (]: On model.olist_transform.stg_customers: create or replace   view OLIST_PROJECT.PUBLIC.stg_customers
  
  
  
  
  as (
    select 
    customer_id,
    customer_city,
    customer_state
from OLIST_PROJECT.PUBLIC.RAW_CUSTOMERS
  )
/* {"app": "dbt", "dbt_version": "1.11.11", "profile_name": "olist_transform", "target_name": "dev", "node_id": "model.olist_transform.stg_customers"} */;
[0m19:30:03.887264 [debug] [Thread-2 (]: Opening a new connection, currently in state init
[0m19:30:05.591470 [debug] [Thread-2 (]: SQL status: SUCCESS 1 in 1.704 seconds
[0m19:30:05.703290 [debug] [Thread-2 (]: Sending event: {'category': 'dbt', 'action': 'run_model', 'label': 'a94474de-eb34-42fc-b3f7-3fe6e4cd0fb0', 'context': [<snowplow_tracker.self_describing_json.SelfDescribingJson object at 0x0000022BA61CC7A0>]}
[0m19:30:05.706318 [info ] [Thread-2 (]: 1 of 6 OK created sql view model PUBLIC.stg_customers .......................... [[32mSUCCESS 1[0m in 2.13s]
[0m19:30:05.709384 [debug] [Thread-2 (]: Finished running node model.olist_transform.stg_customers
[0m19:30:05.769920 [debug] [Thread-4 (]: SQL status: SUCCESS 1 in 1.897 seconds
[0m19:30:05.772977 [debug] [Thread-3 (]: SQL status: SUCCESS 1 in 1.893 seconds
[0m19:30:05.781978 [debug] [Thread-4 (]: Sending event: {'category': 'dbt', 'action': 'run_model', 'label': 'a94474de-eb34-42fc-b3f7-3fe6e4cd0fb0', 'context': [<snowplow_tracker.self_describing_json.SelfDescribingJson object at 0x0000022BA74F27B0>]}
[0m19:30:05.791419 [debug] [Thread-3 (]: Sending event: {'category': 'dbt', 'action': 'run_model', 'label': 'a94474de-eb34-42fc-b3f7-3fe6e4cd0fb0', 'context': [<snowplow_tracker.self_describing_json.SelfDescribingJson object at 0x0000022BA61A5DC0>]}
[0m19:30:05.793420 [info ] [Thread-4 (]: 3 of 6 OK created sql view model PUBLIC.stg_orders ............................. [[32mSUCCESS 1[0m in 2.21s]
[0m19:30:05.798920 [debug] [Thread-4 (]: Finished running node model.olist_transform.stg_orders
[0m19:30:05.795905 [info ] [Thread-3 (]: 2 of 6 OK created sql view model PUBLIC.stg_order_items ........................ [[32mSUCCESS 1[0m in 2.22s]
[0m19:30:05.803895 [debug] [Thread-3 (]: Finished running node model.olist_transform.stg_order_items
[0m19:30:05.805918 [debug] [Thread-3 (]: Began running node model.olist_transform.fct_leakage_rate
[0m19:30:05.807904 [debug] [Thread-5 (]: Began running node model.olist_transform.fct_order_delivery_performance
[0m19:30:05.812441 [debug] [Thread-4 (]: Began running node model.olist_transform.fct_avg_revenue_per_order
[0m19:30:05.810435 [info ] [Thread-3 (]: 4 of 6 START sql view model PUBLIC.fct_leakage_rate ............................ [RUN]
[0m19:30:05.814495 [info ] [Thread-5 (]: 5 of 6 START sql view model PUBLIC.fct_order_delivery_performance .............. [RUN]
[0m19:30:05.820793 [debug] [Thread-3 (]: Re-using an available connection from the pool (formerly model.olist_transform.stg_order_items, now model.olist_transform.fct_leakage_rate)
[0m19:30:05.818436 [info ] [Thread-4 (]: 6 of 6 START sql view model PUBLIC.fct_avg_revenue_per_order ................... [RUN]
[0m19:30:05.823988 [debug] [Thread-5 (]: Acquiring new snowflake connection 'model.olist_transform.fct_order_delivery_performance'
[0m19:30:05.825982 [debug] [Thread-3 (]: Began compiling node model.olist_transform.fct_leakage_rate
[0m19:30:05.827993 [debug] [Thread-4 (]: Re-using an available connection from the pool (formerly model.olist_transform.stg_orders, now model.olist_transform.fct_avg_revenue_per_order)
[0m19:30:05.829272 [debug] [Thread-5 (]: Began compiling node model.olist_transform.fct_order_delivery_performance
[0m19:30:05.843292 [debug] [Thread-3 (]: Writing injected SQL for node "model.olist_transform.fct_leakage_rate"
[0m19:30:05.845310 [debug] [Thread-4 (]: Began compiling node model.olist_transform.fct_avg_revenue_per_order
[0m19:30:05.856313 [debug] [Thread-5 (]: Writing injected SQL for node "model.olist_transform.fct_order_delivery_performance"
[0m19:30:05.869481 [debug] [Thread-4 (]: Writing injected SQL for node "model.olist_transform.fct_avg_revenue_per_order"
[0m19:30:05.873771 [debug] [Thread-3 (]: Began executing node model.olist_transform.fct_leakage_rate
[0m19:30:05.889855 [debug] [Thread-3 (]: Writing runtime sql for node "model.olist_transform.fct_leakage_rate"
[0m19:30:05.893143 [debug] [Thread-4 (]: Began executing node model.olist_transform.fct_avg_revenue_per_order
[0m19:30:05.895125 [debug] [Thread-5 (]: Began executing node model.olist_transform.fct_order_delivery_performance
[0m19:30:05.908124 [debug] [Thread-4 (]: Writing runtime sql for node "model.olist_transform.fct_avg_revenue_per_order"
[0m19:30:05.921118 [debug] [Thread-5 (]: Writing runtime sql for node "model.olist_transform.fct_order_delivery_performance"
[0m19:30:05.926124 [debug] [Thread-3 (]: Using snowflake connection "model.olist_transform.fct_leakage_rate"
[0m19:30:05.929123 [debug] [Thread-3 (]: On model.olist_transform.fct_leakage_rate: create or replace   view OLIST_PROJECT.PUBLIC.fct_leakage_rate
  
  
  
  
  as (
    select * from OLIST_PROJECT.PUBLIC.stg_orders
where approval_date is not null
and order_status = 'canceled'
or order_status = 'unavailable'
  )
/* {"app": "dbt", "dbt_version": "1.11.11", "profile_name": "olist_transform", "target_name": "dev", "node_id": "model.olist_transform.fct_leakage_rate"} */;
[0m19:30:05.934726 [debug] [Thread-4 (]: Using snowflake connection "model.olist_transform.fct_avg_revenue_per_order"
[0m19:30:05.936546 [debug] [Thread-4 (]: On model.olist_transform.fct_avg_revenue_per_order: create or replace   view OLIST_PROJECT.PUBLIC.fct_avg_revenue_per_order
  
  
  
  
  as (
    select 
    o.order_id,
    count(oi.order_item_id) as no_of_items
from OLIST_PROJECT.PUBLIC.stg_orders o
join OLIST_PROJECT.PUBLIC.stg_order_items oi on o.order_id = oi.order_id
group by o.order_id
  )
/* {"app": "dbt", "dbt_version": "1.11.11", "profile_name": "olist_transform", "target_name": "dev", "node_id": "model.olist_transform.fct_avg_revenue_per_order"} */;
[0m19:30:05.942588 [debug] [Thread-5 (]: Using snowflake connection "model.olist_transform.fct_order_delivery_performance"
[0m19:30:05.945677 [debug] [Thread-5 (]: On model.olist_transform.fct_order_delivery_performance: create or replace   view OLIST_PROJECT.PUBLIC.fct_order_delivery_performance
  
  
  
  
  as (
    select 
    *,
    datediff('day', purchase_date, estimated_delivery_date) as estimated_delivery_time,
    datediff('day', purchase_date, customer_delivered_date) as actual_delivery_time,
    estimated_delivery_time - actual_delivery_time as estimated_vs_actual,
    case
        when estimated_vs_actual > 0 then 'early'
        when estimated_vs_actual < 0 then 'late'
    end as punctuality_performance,
    datediff('day', carrier_delivered_date, customer_delivered_date) as days_in_carrier_transit
from OLIST_PROJECT.PUBLIC.stg_orders
  )
/* {"app": "dbt", "dbt_version": "1.11.11", "profile_name": "olist_transform", "target_name": "dev", "node_id": "model.olist_transform.fct_order_delivery_performance"} */;
[0m19:30:05.947615 [debug] [Thread-5 (]: Opening a new connection, currently in state init
[0m19:30:06.414705 [debug] [Thread-3 (]: SQL status: SUCCESS 1 in 0.483 seconds
[0m19:30:06.423704 [debug] [Thread-3 (]: Sending event: {'category': 'dbt', 'action': 'run_model', 'label': 'a94474de-eb34-42fc-b3f7-3fe6e4cd0fb0', 'context': [<snowplow_tracker.self_describing_json.SelfDescribingJson object at 0x0000022BA7583890>]}
[0m19:30:06.425703 [info ] [Thread-3 (]: 4 of 6 OK created sql view model PUBLIC.fct_leakage_rate ....................... [[32mSUCCESS 1[0m in 0.60s]
[0m19:30:06.429703 [debug] [Thread-3 (]: Finished running node model.olist_transform.fct_leakage_rate
[0m19:30:06.432909 [debug] [Thread-4 (]: SQL status: SUCCESS 1 in 0.488 seconds
[0m19:30:06.441272 [debug] [Thread-4 (]: Sending event: {'category': 'dbt', 'action': 'run_model', 'label': 'a94474de-eb34-42fc-b3f7-3fe6e4cd0fb0', 'context': [<snowplow_tracker.self_describing_json.SelfDescribingJson object at 0x0000022BA75935F0>]}
[0m19:30:06.443321 [info ] [Thread-4 (]: 6 of 6 OK created sql view model PUBLIC.fct_avg_revenue_per_order .............. [[32mSUCCESS 1[0m in 0.61s]
[0m19:30:06.447350 [debug] [Thread-4 (]: Finished running node model.olist_transform.fct_avg_revenue_per_order
[0m19:30:07.634293 [debug] [Thread-5 (]: SQL status: SUCCESS 1 in 1.687 seconds
[0m19:30:07.643033 [debug] [Thread-5 (]: Sending event: {'category': 'dbt', 'action': 'run_model', 'label': 'a94474de-eb34-42fc-b3f7-3fe6e4cd0fb0', 'context': [<snowplow_tracker.self_describing_json.SelfDescribingJson object at 0x0000022BA75981D0>]}
[0m19:30:07.646033 [info ] [Thread-5 (]: 5 of 6 OK created sql view model PUBLIC.fct_order_delivery_performance ......... [[32mSUCCESS 1[0m in 1.82s]
[0m19:30:07.649018 [debug] [Thread-5 (]: Finished running node model.olist_transform.fct_order_delivery_performance
[0m19:30:07.654083 [debug] [MainThread]: Connection 'master' was properly closed.
[0m19:30:07.656229 [debug] [MainThread]: Connection 'list_OLIST_PROJECT' was left open.
[0m19:30:07.658245 [debug] [MainThread]: On list_OLIST_PROJECT: Close
[0m19:30:08.032345 [debug] [MainThread]: Connection 'list_OLIST_PROJECT_PUBLIC' was left open.
[0m19:30:08.034351 [debug] [MainThread]: On list_OLIST_PROJECT_PUBLIC: Close
[0m19:30:08.460318 [debug] [MainThread]: Connection 'model.olist_transform.stg_customers' was left open.
[0m19:30:08.462318 [debug] [MainThread]: On model.olist_transform.stg_customers: Close
[0m19:30:08.872095 [debug] [MainThread]: Connection 'model.olist_transform.fct_leakage_rate' was left open.
[0m19:30:08.874125 [debug] [MainThread]: On model.olist_transform.fct_leakage_rate: Close
[0m19:30:09.482429 [debug] [MainThread]: Connection 'model.olist_transform.fct_avg_revenue_per_order' was left open.
[0m19:30:09.484425 [debug] [MainThread]: On model.olist_transform.fct_avg_revenue_per_order: Close
[0m19:30:10.191305 [debug] [MainThread]: Connection 'model.olist_transform.fct_order_delivery_performance' was left open.
[0m19:30:10.193300 [debug] [MainThread]: On model.olist_transform.fct_order_delivery_performance: Close
[0m19:30:10.627710 [info ] [MainThread]: 
[0m19:30:10.630702 [info ] [MainThread]: Finished running 6 view models in 0 hours 0 minutes and 11.10 seconds (11.10s).
[0m19:30:10.637715 [debug] [MainThread]: Command end result
[0m19:30:10.788288 [debug] [MainThread]: Wrote artifact WritableManifest to C:\Users\SURF\snowflake_pilot\target\manifest.json
[0m19:30:10.799289 [debug] [MainThread]: Wrote artifact SemanticManifest to C:\Users\SURF\snowflake_pilot\target\semantic_manifest.json
[0m19:30:10.826000 [debug] [MainThread]: Wrote artifact RunExecutionResult to C:\Users\SURF\snowflake_pilot\target\run_results.json
[0m19:30:10.828001 [info ] [MainThread]: 
[0m19:30:10.830988 [info ] [MainThread]: [32mCompleted successfully[0m
[0m19:30:10.832992 [info ] [MainThread]: 
[0m19:30:10.836004 [info ] [MainThread]: Done. PASS=6 WARN=0 ERROR=0 SKIP=0 NO-OP=0 TOTAL=6
[0m19:30:10.841620 [debug] [MainThread]: Command `dbt run` succeeded at 19:30:10.840685 after 14.85 seconds
[0m19:30:10.844611 [debug] [MainThread]: Sending event: {'category': 'dbt', 'action': 'invocation', 'label': 'end', 'context': [<snowplow_tracker.self_describing_json.SelfDescribingJson object at 0x0000022BA3800E90>, <snowplow_tracker.self_describing_json.SelfDescribingJson object at 0x0000022BA57761B0>, <snowplow_tracker.self_describing_json.SelfDescribingJson object at 0x0000022BA28E8C20>]}
[0m19:30:10.847605 [debug] [MainThread]: Flushing usage events
[0m19:30:14.619740 [debug] [MainThread]: An error was encountered while trying to flush usage events
[0m19:40:32.376695 [debug] [MainThread]: Sending event: {'category': 'dbt', 'action': 'invocation', 'label': 'start', 'context': [<snowplow_tracker.self_describing_json.SelfDescribingJson object at 0x000001DCC70011F0>, <snowplow_tracker.self_describing_json.SelfDescribingJson object at 0x000001DCC7223320>, <snowplow_tracker.self_describing_json.SelfDescribingJson object at 0x000001DCC72214C0>]}


============================== 19:40:32.396171 | a1cc88df-f712-4587-baa9-9378ce4052f2 ==============================
[0m19:40:32.396171 [info ] [MainThread]: Running with dbt=1.11.11
[0m19:40:32.399228 [debug] [MainThread]: running dbt with arguments {'version_check': 'True', 'no_print': 'None', 'static_parser': 'True', 'target_path': 'None', 'warn_error_options': 'WarnErrorOptionsV2(error=[], warn=[], silence=[])', 'printer_width': '80', 'write_json': 'True', 'empty': 'False', 'log_cache_events': 'False', 'introspect': 'True', 'cache_selected_only': 'False', 'fail_fast': 'False', 'debug': 'False', 'log_format': 'default', 'profiles_dir': 'C:\\Users\\SURF\\snowflake_pilot', 'send_anonymous_usage_stats': 'True', 'quiet': 'False', 'warn_error': 'None', 'partial_parse': 'True', 'invocation_command': 'dbt run', 'indirect_selection': 'eager', 'use_colors': 'True', 'use_experimental_parser': 'False', 'log_path': 'C:\\Users\\SURF\\snowflake_pilot\\logs'}
[0m19:40:33.644378 [debug] [MainThread]: Snowflake adapter: Setting snowflake.connector to ERROR (file logging only)
[0m19:40:33.645378 [debug] [MainThread]: Snowflake adapter: Setting botocore to ERROR (file logging only)
[0m19:40:33.646379 [debug] [MainThread]: Snowflake adapter: Setting boto3 to ERROR (file logging only)
[0m19:40:34.411017 [debug] [MainThread]: Sending event: {'category': 'dbt', 'action': 'project_id', 'label': 'a1cc88df-f712-4587-baa9-9378ce4052f2', 'context': [<snowplow_tracker.self_describing_json.SelfDescribingJson object at 0x000001DCC9C240B0>]}
[0m19:40:34.567327 [debug] [MainThread]: Sending event: {'category': 'dbt', 'action': 'adapter_info', 'label': 'a1cc88df-f712-4587-baa9-9378ce4052f2', 'context': [<snowplow_tracker.self_describing_json.SelfDescribingJson object at 0x000001DCC90FD7C0>]}
[0m19:40:34.569951 [info ] [MainThread]: Registered adapter: snowflake=1.11.5
[0m19:40:35.285767 [debug] [MainThread]: checksum: 30a8cc8fdcbf66701b0944d4ccce3fa46dd04b61e5df68b9f16d57b2e0e3f0be, vars: {}, profile: , target: , version: 1.11.11
[0m19:40:35.661206 [debug] [MainThread]: Partial parsing enabled: 0 files deleted, 0 files added, 0 files changed.
[0m19:40:35.661206 [debug] [MainThread]: Nothing changed, skipping partial parsing.
[0m19:40:35.662396 [debug] [MainThread]: Partial parsing enabled, no changes found, skipping parsing
[0m19:40:35.672169 [warn ] [MainThread]: [[33mWARNING[0m]: Configuration paths exist in your dbt_project.yml file which do not apply to any resources.
There are 1 unused configuration paths:
- models.olist_transform.example
[0m19:40:35.746521 [debug] [MainThread]: Sending event: {'category': 'dbt', 'action': 'load_project', 'label': 'a1cc88df-f712-4587-baa9-9378ce4052f2', 'context': [<snowplow_tracker.self_describing_json.SelfDescribingJson object at 0x000001DCC9ED01A0>]}
[0m19:40:35.974002 [debug] [MainThread]: Wrote artifact WritableManifest to C:\Users\SURF\snowflake_pilot\target\manifest.json
[0m19:40:35.981558 [debug] [MainThread]: Wrote artifact SemanticManifest to C:\Users\SURF\snowflake_pilot\target\semantic_manifest.json
[0m19:40:36.016707 [debug] [MainThread]: Sending event: {'category': 'dbt', 'action': 'resource_counts', 'label': 'a1cc88df-f712-4587-baa9-9378ce4052f2', 'context': [<snowplow_tracker.self_describing_json.SelfDescribingJson object at 0x000001DCC9F9D100>]}
[0m19:40:36.017707 [info ] [MainThread]: Found 6 models, 4 data tests, 3 sources, 536 macros
[0m19:40:36.018707 [debug] [MainThread]: Sending event: {'category': 'dbt', 'action': 'runnable_timing', 'label': 'a1cc88df-f712-4587-baa9-9378ce4052f2', 'context': [<snowplow_tracker.self_describing_json.SelfDescribingJson object at 0x000001DCCA15D610>]}
[0m19:40:36.024800 [info ] [MainThread]: 
[0m19:40:36.026819 [info ] [MainThread]: Concurrency: 4 threads (target='dev')
[0m19:40:36.027800 [info ] [MainThread]: 
[0m19:40:36.029849 [debug] [MainThread]: Acquiring new snowflake connection 'master'
[0m19:40:36.043542 [debug] [ThreadPool]: Acquiring new snowflake connection 'list_OLIST_PROJECT'
[0m19:40:36.237906 [debug] [ThreadPool]: Using snowflake connection "list_OLIST_PROJECT"
[0m19:40:36.238906 [debug] [ThreadPool]: On list_OLIST_PROJECT: show terse schemas in database OLIST_PROJECT
    limit 10000
/* {"app": "dbt", "dbt_version": "1.11.11", "profile_name": "olist_transform", "target_name": "dev", "connection_name": "list_OLIST_PROJECT"} */
[0m19:40:36.238906 [debug] [ThreadPool]: Opening a new connection, currently in state init
[0m19:40:45.692241 [debug] [ThreadPool]: SQL status: SUCCESS 4 in 9.453 seconds
[0m19:40:45.704172 [debug] [ThreadPool]: Acquiring new snowflake connection 'list_OLIST_PROJECT_PUBLIC'
[0m19:40:45.759064 [debug] [ThreadPool]: Using snowflake connection "list_OLIST_PROJECT_PUBLIC"
[0m19:40:45.761071 [debug] [ThreadPool]: On list_OLIST_PROJECT_PUBLIC: show objects in OLIST_PROJECT.PUBLIC
    limit 10000
    

/* {"app": "dbt", "dbt_version": "1.11.11", "profile_name": "olist_transform", "target_name": "dev", "connection_name": "list_OLIST_PROJECT_PUBLIC"} */;
[0m19:40:45.762074 [debug] [ThreadPool]: Opening a new connection, currently in state init
[0m19:40:47.076440 [debug] [ThreadPool]: SQL status: SUCCESS 12 in 1.314 seconds
[0m19:40:47.094403 [debug] [MainThread]: Sending event: {'category': 'dbt', 'action': 'runnable_timing', 'label': 'a1cc88df-f712-4587-baa9-9378ce4052f2', 'context': [<snowplow_tracker.self_describing_json.SelfDescribingJson object at 0x000001DCC9AA9E50>]}
[0m19:40:47.110385 [debug] [Thread-2 (]: Began running node model.olist_transform.stg_customers
[0m19:40:47.111420 [debug] [Thread-3 (]: Began running node model.olist_transform.stg_order_items
[0m19:40:47.112654 [debug] [Thread-4 (]: Began running node model.olist_transform.stg_orders
[0m19:40:47.115653 [info ] [Thread-2 (]: 1 of 6 START sql view model PUBLIC.stg_customers ............................... [RUN]
[0m19:40:47.117646 [info ] [Thread-3 (]: 2 of 6 START sql view model PUBLIC.stg_order_items ............................. [RUN]
[0m19:40:47.119648 [info ] [Thread-4 (]: 3 of 6 START sql view model PUBLIC.stg_orders .................................. [RUN]
[0m19:40:47.121647 [debug] [Thread-2 (]: Acquiring new snowflake connection 'model.olist_transform.stg_customers'
[0m19:40:47.122650 [debug] [Thread-3 (]: Acquiring new snowflake connection 'model.olist_transform.stg_order_items'
[0m19:40:47.125650 [debug] [Thread-4 (]: Acquiring new snowflake connection 'model.olist_transform.stg_orders'
[0m19:40:47.126650 [debug] [Thread-2 (]: Began compiling node model.olist_transform.stg_customers
[0m19:40:47.128648 [debug] [Thread-3 (]: Began compiling node model.olist_transform.stg_order_items
[0m19:40:47.130652 [debug] [Thread-4 (]: Began compiling node model.olist_transform.stg_orders
[0m19:40:47.155150 [debug] [Thread-2 (]: Writing injected SQL for node "model.olist_transform.stg_customers"
[0m19:40:47.161150 [debug] [Thread-3 (]: Writing injected SQL for node "model.olist_transform.stg_order_items"
[0m19:40:47.170502 [debug] [Thread-4 (]: Writing injected SQL for node "model.olist_transform.stg_orders"
[0m19:40:47.172290 [debug] [Thread-2 (]: Began executing node model.olist_transform.stg_customers
[0m19:40:47.235223 [debug] [Thread-3 (]: Began executing node model.olist_transform.stg_order_items
[0m19:40:47.237225 [debug] [Thread-4 (]: Began executing node model.olist_transform.stg_orders
[0m19:40:47.258861 [debug] [Thread-2 (]: Writing runtime sql for node "model.olist_transform.stg_customers"
[0m19:40:47.267869 [debug] [Thread-3 (]: Writing runtime sql for node "model.olist_transform.stg_order_items"
[0m19:40:47.274856 [debug] [Thread-4 (]: Writing runtime sql for node "model.olist_transform.stg_orders"
[0m19:40:47.276861 [debug] [Thread-2 (]: Using snowflake connection "model.olist_transform.stg_customers"
[0m19:40:47.277859 [debug] [Thread-2 (]: On model.olist_transform.stg_customers: create or replace   view OLIST_PROJECT.PUBLIC.stg_customers
  
  
  
  
  as (
    select 
    customer_id,
    customer_city,
    customer_state
from OLIST_PROJECT.PUBLIC.RAW_CUSTOMERS
  )
/* {"app": "dbt", "dbt_version": "1.11.11", "profile_name": "olist_transform", "target_name": "dev", "node_id": "model.olist_transform.stg_customers"} */;
[0m19:40:47.279862 [debug] [Thread-2 (]: Opening a new connection, currently in state init
[0m19:40:47.283846 [debug] [Thread-4 (]: Using snowflake connection "model.olist_transform.stg_orders"
[0m19:40:47.284866 [debug] [Thread-3 (]: Using snowflake connection "model.olist_transform.stg_order_items"
[0m19:40:47.285862 [debug] [Thread-4 (]: On model.olist_transform.stg_orders: create or replace   view OLIST_PROJECT.PUBLIC.stg_orders
  
  
  
  
  as (
    select 
    order_id,
    customer_id,
    order_status,
    to_timestamp_ntz(order_purchase_timestamp/1000000000) as purchase_date,
    to_timestamp_ntz(order_approved_at/1000000000) as approval_date,
    to_timestamp_ntz(order_delivered_carrier_date/1000000000) as carrier_delivered_date,
    to_timestamp_ntz(order_estimated_delivery_date/1000000000) as estimated_delivery_date,
    to_timestamp_ntz(order_delivered_customer_date/1000000000) as customer_delivered_date,
from OLIST_PROJECT.PUBLIC.RAW_ORDERS
  )
/* {"app": "dbt", "dbt_version": "1.11.11", "profile_name": "olist_transform", "target_name": "dev", "node_id": "model.olist_transform.stg_orders"} */;
[0m19:40:47.286864 [debug] [Thread-3 (]: On model.olist_transform.stg_order_items: create or replace   view OLIST_PROJECT.PUBLIC.stg_order_items
  
  
  
  
  as (
    select * from OLIST_PROJECT.PUBLIC.RAW_ORDER_ITEMS
  )
/* {"app": "dbt", "dbt_version": "1.11.11", "profile_name": "olist_transform", "target_name": "dev", "node_id": "model.olist_transform.stg_order_items"} */;
[0m19:40:47.288867 [debug] [Thread-4 (]: Opening a new connection, currently in state init
[0m19:40:47.290868 [debug] [Thread-3 (]: Opening a new connection, currently in state init
[0m19:40:48.570034 [debug] [Thread-2 (]: SQL status: SUCCESS 1 in 1.290 seconds
[0m19:40:48.601034 [debug] [Thread-3 (]: SQL status: SUCCESS 1 in 1.310 seconds
[0m19:40:48.704959 [debug] [Thread-2 (]: Sending event: {'category': 'dbt', 'action': 'run_model', 'label': 'a1cc88df-f712-4587-baa9-9378ce4052f2', 'context': [<snowplow_tracker.self_describing_json.SelfDescribingJson object at 0x000001DCCB950F50>]}
[0m19:40:48.705963 [debug] [Thread-3 (]: Sending event: {'category': 'dbt', 'action': 'run_model', 'label': 'a1cc88df-f712-4587-baa9-9378ce4052f2', 'context': [<snowplow_tracker.self_describing_json.SelfDescribingJson object at 0x000001DCC8C7B410>]}
[0m19:40:48.706962 [info ] [Thread-2 (]: 1 of 6 OK created sql view model PUBLIC.stg_customers .......................... [[32mSUCCESS 1[0m in 1.58s]
[0m19:40:48.712321 [debug] [Thread-2 (]: Finished running node model.olist_transform.stg_customers
[0m19:40:48.708960 [info ] [Thread-3 (]: 2 of 6 OK created sql view model PUBLIC.stg_order_items ........................ [[32mSUCCESS 1[0m in 1.58s]
[0m19:40:48.714319 [debug] [Thread-3 (]: Finished running node model.olist_transform.stg_order_items
[0m19:40:48.860288 [debug] [Thread-4 (]: SQL status: SUCCESS 1 in 1.572 seconds
[0m19:40:48.866968 [debug] [Thread-4 (]: Sending event: {'category': 'dbt', 'action': 'run_model', 'label': 'a1cc88df-f712-4587-baa9-9378ce4052f2', 'context': [<snowplow_tracker.self_describing_json.SelfDescribingJson object at 0x000001DCCB9E2F30>]}
[0m19:40:48.869502 [info ] [Thread-4 (]: 3 of 6 OK created sql view model PUBLIC.stg_orders ............................. [[32mSUCCESS 1[0m in 1.74s]
[0m19:40:48.870945 [debug] [Thread-4 (]: Finished running node model.olist_transform.stg_orders
[0m19:40:48.872179 [debug] [Thread-5 (]: Began running node model.olist_transform.fct_avg_revenue_per_order
[0m19:40:48.873219 [debug] [Thread-2 (]: Began running node model.olist_transform.fct_leakage_rate
[0m19:40:48.874214 [info ] [Thread-5 (]: 4 of 6 START sql view model PUBLIC.fct_avg_revenue_per_order ................... [RUN]
[0m19:40:48.875210 [debug] [Thread-3 (]: Began running node model.olist_transform.fct_order_delivery_performance
[0m19:40:48.877211 [info ] [Thread-2 (]: 5 of 6 START sql view model PUBLIC.fct_leakage_rate ............................ [RUN]
[0m19:40:48.878216 [debug] [Thread-5 (]: Acquiring new snowflake connection 'model.olist_transform.fct_avg_revenue_per_order'
[0m19:40:48.881214 [debug] [Thread-2 (]: Re-using an available connection from the pool (formerly model.olist_transform.stg_customers, now model.olist_transform.fct_leakage_rate)
[0m19:40:48.880217 [info ] [Thread-3 (]: 6 of 6 START sql view model PUBLIC.fct_order_delivery_performance .............. [RUN]
[0m19:40:48.883348 [debug] [Thread-5 (]: Began compiling node model.olist_transform.fct_avg_revenue_per_order
[0m19:40:48.884346 [debug] [Thread-2 (]: Began compiling node model.olist_transform.fct_leakage_rate
[0m19:40:48.885360 [debug] [Thread-3 (]: Re-using an available connection from the pool (formerly model.olist_transform.stg_order_items, now model.olist_transform.fct_order_delivery_performance)
[0m19:40:48.893345 [debug] [Thread-5 (]: Writing injected SQL for node "model.olist_transform.fct_avg_revenue_per_order"
[0m19:40:48.900144 [debug] [Thread-2 (]: Writing injected SQL for node "model.olist_transform.fct_leakage_rate"
[0m19:40:48.901196 [debug] [Thread-3 (]: Began compiling node model.olist_transform.fct_order_delivery_performance
[0m19:40:48.909519 [debug] [Thread-3 (]: Writing injected SQL for node "model.olist_transform.fct_order_delivery_performance"
[0m19:40:48.911970 [debug] [Thread-5 (]: Began executing node model.olist_transform.fct_avg_revenue_per_order
[0m19:40:48.922510 [debug] [Thread-5 (]: Writing runtime sql for node "model.olist_transform.fct_avg_revenue_per_order"
[0m19:40:48.923511 [debug] [Thread-2 (]: Began executing node model.olist_transform.fct_leakage_rate
[0m19:40:48.930620 [debug] [Thread-2 (]: Writing runtime sql for node "model.olist_transform.fct_leakage_rate"
[0m19:40:48.932580 [debug] [Thread-3 (]: Began executing node model.olist_transform.fct_order_delivery_performance
[0m19:40:48.938050 [debug] [Thread-3 (]: Writing runtime sql for node "model.olist_transform.fct_order_delivery_performance"
[0m19:40:48.941116 [debug] [Thread-2 (]: Using snowflake connection "model.olist_transform.fct_leakage_rate"
[0m19:40:48.944445 [debug] [Thread-5 (]: Using snowflake connection "model.olist_transform.fct_avg_revenue_per_order"
[0m19:40:48.945465 [debug] [Thread-2 (]: On model.olist_transform.fct_leakage_rate: create or replace   view OLIST_PROJECT.PUBLIC.fct_leakage_rate
  
  
  
  
  as (
    select * from OLIST_PROJECT.PUBLIC.stg_orders
where approval_date is not null
and order_status = 'canceled'
or order_status = 'unavailable'
  )
/* {"app": "dbt", "dbt_version": "1.11.11", "profile_name": "olist_transform", "target_name": "dev", "node_id": "model.olist_transform.fct_leakage_rate"} */;
[0m19:40:48.948465 [debug] [Thread-3 (]: Using snowflake connection "model.olist_transform.fct_order_delivery_performance"
[0m19:40:48.948465 [debug] [Thread-5 (]: On model.olist_transform.fct_avg_revenue_per_order: create or replace   view OLIST_PROJECT.PUBLIC.fct_avg_revenue_per_order
  
  
  
  
  as (
    select 
    o.order_id,
    count(oi.order_item_id) as no_of_items,
    sum(oi.price) as price,
    sum(oi.freight_value) as freight_cost
from OLIST_PROJECT.PUBLIC.stg_orders o
join OLIST_PROJECT.PUBLIC.stg_order_items oi on o.order_id = oi.order_id
group by o.order_id
  )
/* {"app": "dbt", "dbt_version": "1.11.11", "profile_name": "olist_transform", "target_name": "dev", "node_id": "model.olist_transform.fct_avg_revenue_per_order"} */;
[0m19:40:48.950509 [debug] [Thread-3 (]: On model.olist_transform.fct_order_delivery_performance: create or replace   view OLIST_PROJECT.PUBLIC.fct_order_delivery_performance
  
  
  
  
  as (
    select 
    *,
    datediff('day', purchase_date, estimated_delivery_date) as estimated_delivery_time,
    datediff('day', purchase_date, customer_delivered_date) as actual_delivery_time,
    estimated_delivery_time - actual_delivery_time as estimated_vs_actual,
    case
        when estimated_vs_actual > 0 then 'early'
        when estimated_vs_actual < 0 then 'late'
    end as punctuality_performance,
    datediff('day', carrier_delivered_date, customer_delivered_date) as days_in_carrier_transit
from OLIST_PROJECT.PUBLIC.stg_orders
  )
/* {"app": "dbt", "dbt_version": "1.11.11", "profile_name": "olist_transform", "target_name": "dev", "node_id": "model.olist_transform.fct_order_delivery_performance"} */;
[0m19:40:48.951725 [debug] [Thread-5 (]: Opening a new connection, currently in state init
[0m19:40:49.374736 [debug] [Thread-2 (]: SQL status: SUCCESS 1 in 0.424 seconds
[0m19:40:49.386725 [debug] [Thread-2 (]: Sending event: {'category': 'dbt', 'action': 'run_model', 'label': 'a1cc88df-f712-4587-baa9-9378ce4052f2', 'context': [<snowplow_tracker.self_describing_json.SelfDescribingJson object at 0x000001DCCBA25910>]}
[0m19:40:49.392671 [debug] [Thread-3 (]: SQL status: SUCCESS 1 in 0.440 seconds
[0m19:40:49.389730 [info ] [Thread-2 (]: 5 of 6 OK created sql view model PUBLIC.fct_leakage_rate ....................... [[32mSUCCESS 1[0m in 0.51s]
[0m19:40:49.403617 [debug] [Thread-3 (]: Sending event: {'category': 'dbt', 'action': 'run_model', 'label': 'a1cc88df-f712-4587-baa9-9378ce4052f2', 'context': [<snowplow_tracker.self_describing_json.SelfDescribingJson object at 0x000001DCCBA85790>]}
[0m19:40:49.406615 [debug] [Thread-2 (]: Finished running node model.olist_transform.fct_leakage_rate
[0m19:40:49.409620 [info ] [Thread-3 (]: 6 of 6 OK created sql view model PUBLIC.fct_order_delivery_performance ......... [[32mSUCCESS 1[0m in 0.52s]
[0m19:40:49.414647 [debug] [Thread-3 (]: Finished running node model.olist_transform.fct_order_delivery_performance
[0m19:40:50.748176 [debug] [Thread-5 (]: SQL status: SUCCESS 1 in 1.796 seconds
[0m19:40:50.760123 [debug] [Thread-5 (]: Sending event: {'category': 'dbt', 'action': 'run_model', 'label': 'a1cc88df-f712-4587-baa9-9378ce4052f2', 'context': [<snowplow_tracker.self_describing_json.SelfDescribingJson object at 0x000001DCCBAC1490>]}
[0m19:40:50.764894 [info ] [Thread-5 (]: 4 of 6 OK created sql view model PUBLIC.fct_avg_revenue_per_order .............. [[32mSUCCESS 1[0m in 1.88s]
[0m19:40:50.768962 [debug] [Thread-5 (]: Finished running node model.olist_transform.fct_avg_revenue_per_order
[0m19:40:50.777023 [debug] [MainThread]: Connection 'master' was properly closed.
[0m19:40:50.778024 [debug] [MainThread]: Connection 'list_OLIST_PROJECT' was left open.
[0m19:40:50.780560 [debug] [MainThread]: On list_OLIST_PROJECT: Close
[0m19:40:51.432729 [debug] [MainThread]: Connection 'list_OLIST_PROJECT_PUBLIC' was left open.
[0m19:40:51.435644 [debug] [MainThread]: On list_OLIST_PROJECT_PUBLIC: Close
[0m19:40:52.347767 [debug] [MainThread]: Connection 'model.olist_transform.fct_leakage_rate' was left open.
[0m19:40:52.349758 [debug] [MainThread]: On model.olist_transform.fct_leakage_rate: Close
[0m19:40:52.758061 [debug] [MainThread]: Connection 'model.olist_transform.fct_order_delivery_performance' was left open.
[0m19:40:52.760065 [debug] [MainThread]: On model.olist_transform.fct_order_delivery_performance: Close
[0m19:40:53.167196 [debug] [MainThread]: Connection 'model.olist_transform.stg_orders' was left open.
[0m19:40:53.169200 [debug] [MainThread]: On model.olist_transform.stg_orders: Close
[0m19:40:53.591105 [debug] [MainThread]: Connection 'model.olist_transform.fct_avg_revenue_per_order' was left open.
[0m19:40:53.593206 [debug] [MainThread]: On model.olist_transform.fct_avg_revenue_per_order: Close
[0m19:40:54.909228 [info ] [MainThread]: 
[0m19:40:54.912386 [info ] [MainThread]: Finished running 6 view models in 0 hours 0 minutes and 18.88 seconds (18.88s).
[0m19:40:54.922551 [debug] [MainThread]: Command end result
[0m19:40:55.079693 [debug] [MainThread]: Wrote artifact WritableManifest to C:\Users\SURF\snowflake_pilot\target\manifest.json
[0m19:40:55.087130 [debug] [MainThread]: Wrote artifact SemanticManifest to C:\Users\SURF\snowflake_pilot\target\semantic_manifest.json
[0m19:40:55.104316 [debug] [MainThread]: Wrote artifact RunExecutionResult to C:\Users\SURF\snowflake_pilot\target\run_results.json
[0m19:40:55.105323 [info ] [MainThread]: 
[0m19:40:55.106868 [info ] [MainThread]: [32mCompleted successfully[0m
[0m19:40:55.108883 [info ] [MainThread]: 
[0m19:40:55.109879 [info ] [MainThread]: Done. PASS=6 WARN=0 ERROR=0 SKIP=0 NO-OP=0 TOTAL=6
[0m19:40:55.112951 [debug] [MainThread]: Command `dbt run` succeeded at 19:40:55.111949 after 23.11 seconds
[0m19:40:55.113954 [debug] [MainThread]: Sending event: {'category': 'dbt', 'action': 'invocation', 'label': 'end', 'context': [<snowplow_tracker.self_describing_json.SelfDescribingJson object at 0x000001DCC72C1640>, <snowplow_tracker.self_describing_json.SelfDescribingJson object at 0x000001DCC8C03170>, <snowplow_tracker.self_describing_json.SelfDescribingJson object at 0x000001DCC8BA1EE0>]}
[0m19:40:55.114946 [debug] [MainThread]: Flushing usage events
[0m19:41:01.396796 [debug] [MainThread]: An error was encountered while trying to flush usage events
